{
"type": "FeatureCollection",
"name": "admin_data",
"crs": { "type": "name", "properties": { "name": "urn:ogc:def:crs:OGC:1.3:CRS84" } },
"features": [
{ "type": "Feature", "properties": { "ADM0_EN": "Republic of the Marshall Islands", "ADM0_PCODE": "MH", "ADM1_EN": "Ailinglaplap", "ADM1_PCODE": "MH01", "ADM2_EN": "Airok", "ADM2_PCODE": "MH0114", "Shape_Leng": 0.04392012839, "Shape_Area": 8.25224e-05, "ADM0_EN_2": "Republic of the Marshall Islands", "ADM0_PCODE_2": "MH", "ADM1_EN_2": "Ailinglaplap", "ADM1_PCODE_2": "MH01", "ADM2_EN_2": "Airok", "ADM2_PCODE_2": "MH0114", "Shape_Leng_2": 0.04392012839, "Shape_Area_2": 8.25224e-05, "xcoord": 168.82071103423675, "ycoord": 7.2792796005000469 }, "geometry": { "type": "MultiPolygon", "coordinates": [ [ [ [ 168.826817155000072, 7.284883723000064 ], [ 168.826817155000072, 7.284485002000054 ], [ 168.826654394000116, 7.283476779000068 ], [ 168.826491273000102, 7.282351298000037 ], [ 168.826165751000076, 7.280076951000069 ], [ 168.825793726000029, 7.277779046000035 ], [ 168.825305084000092, 7.275575022000055 ], [ 168.824840051000024, 7.274379217000046 ], [ 168.823909627000035, 7.273511636000023 ], [ 168.822955956000101, 7.273159855000074 ], [ 168.821118719000083, 7.273019216000023 ], [ 168.819118365000122, 7.273183413000027 ], [ 168.817769413000065, 7.27337099500005 ], [ 168.816792488000033, 7.273839857000041 ], [ 168.815699303000088, 7.274379217000046 ], [ 168.814606119000018, 7.275176301000045 ], [ 168.813524740000048, 7.275873435000051 ], [ 168.813508285000012, 7.279329843000028 ], [ 168.814420106000057, 7.279256131000068 ], [ 168.816350707000083, 7.279303070000026 ], [ 168.818490570000108, 7.279514210000059 ], [ 168.820420811000076, 7.279654851000032 ], [ 168.821607003000054, 7.279701789000057 ], [ 168.823188830000049, 7.280358233000072 ], [ 168.82397938400004, 7.281131935000076 ], [ 168.82442152200008, 7.281929196000021 ], [ 168.824537780000014, 7.282937419000064 ], [ 168.824514529000112, 7.283453400000042 ], [ 168.824468026000091, 7.284320981000064 ], [ 168.824700543000063, 7.284649203000072 ], [ 168.825095819000012, 7.284954043000027 ], [ 168.825607713000068, 7.285258882000051 ], [ 168.826282010000114, 7.285493226000028 ], [ 168.826584281000123, 7.285305645000051 ], [ 168.826817155000072, 7.284883723000064 ] ] ] ] } },
{ "type": "Feature", "properties": { "ADM0_EN": "Republic of the Marshall Islands", "ADM0_PCODE": "MH", "ADM1_EN": "Ailinglaplap", "ADM1_PCODE": "MH01", "ADM2_EN": "Bouj", "ADM2_PCODE": "MH0112", "Shape_Leng": 0.10258598385000001, "Shape_Area": 9.580007e-05, "ADM0_EN_2": "Republic of the Marshall Islands", "ADM0_PCODE_2": "MH", "ADM1_EN_2": "Ailinglaplap", "ADM1_PCODE_2": "MH01", "ADM2_EN_2": "Bouj", "ADM2_PCODE_2": "MH0112", "Shape_Leng_2": 0.10258598385000001, "Shape_Area_2": 9.580007e-05, "xcoord": 168.74898779136433, "ycoord": 7.2870473220000349 }, "geometry": { "type": "MultiPolygon", "coordinates": [ [ [ [ 168.786447336000037, 7.280734821000067 ], [ 168.786330718000045, 7.280680744000051 ], [ 168.786113942000043, 7.280442295000057 ], [ 168.785641040000087, 7.280263639000054 ], [ 168.785109114000079, 7.280124426000043 ], [ 168.784557514000085, 7.280025193000029 ], [ 168.78355233000002, 7.279866349000031 ], [ 168.782429455000056, 7.279747124000039 ], [ 168.782172972000012, 7.279608090000067 ], [ 168.780458790000012, 7.279349833000026 ], [ 168.77904008500002, 7.279131196000037 ], [ 168.777089452000041, 7.278932550000036 ], [ 168.775355597000043, 7.278733902000056 ], [ 168.774961393000012, 7.278853127000048 ], [ 168.774527839000029, 7.278912738000031 ], [ 168.773838160000082, 7.278873116000057 ], [ 168.772951378000016, 7.27877370300007 ], [ 168.771572021000111, 7.278555247000043 ], [ 168.770094294000046, 7.27849563500007 ], [ 168.767717977000075, 7.278634669000041 ], [ 168.767461850000018, 7.278674471000045 ], [ 168.766398, 7.27869428200006 ], [ 168.765156364000063, 7.278714093000076 ], [ 168.763777007000044, 7.278813506000063 ], [ 168.762259927000059, 7.278992161000076 ], [ 168.761392821000072, 7.279190809000056 ], [ 168.760131866000052, 7.27925041900005 ], [ 168.759067659000038, 7.279190809000056 ], [ 168.758121854000024, 7.279071764000037 ], [ 168.757136700000046, 7.279031962000033 ], [ 168.755757343000028, 7.279091575000052 ], [ 168.75487092000003, 7.279369642000063 ], [ 168.754181241000083, 7.279687511000077 ], [ 168.753412507000121, 7.280025193000029 ], [ 168.752604782000049, 7.280382683000028 ], [ 168.751915103000101, 7.280442295000057 ], [ 168.750811545000033, 7.280859400000054 ], [ 168.750141900000017, 7.281117657000038 ], [ 168.74962929000003, 7.281514949000041 ], [ 168.748663811000029, 7.282389134000027 ], [ 168.748112210000045, 7.282965084000068 ], [ 168.747560612000029, 7.28364044500006 ], [ 168.747166407000122, 7.284315984000045 ], [ 168.747048002000042, 7.284594052000045 ], [ 168.74700865300008, 7.284951543000034 ], [ 168.747264779000034, 7.285944774000029 ], [ 168.747304484000097, 7.286342066000032 ], [ 168.747363507000046, 7.286759347000043 ], [ 168.747599960000116, 7.287335297000027 ], [ 168.747974132000081, 7.288547163000032 ], [ 168.748269964000087, 7.289500593000071 ], [ 168.748466708000024, 7.290652848000036 ], [ 168.748486741000079, 7.291387819000022 ], [ 168.748427359000061, 7.292222027000037 ], [ 168.74830931300005, 7.292798154000025 ], [ 168.74830931300005, 7.293493504000025 ], [ 168.748269964000087, 7.294208664000053 ], [ 168.748131885000021, 7.295301131000031 ], [ 168.748427359000061, 7.295539576000067 ], [ 168.748565438000014, 7.295460155000058 ], [ 168.748801889000106, 7.295281318000036 ], [ 168.749018667000087, 7.294804604000035 ], [ 168.749176419000037, 7.294208664000053 ], [ 168.749392838000063, 7.293533125000067 ], [ 168.749471894000067, 7.292837954000049 ], [ 168.749550592000105, 7.291904334000037 ], [ 168.749708344000055, 7.289897885000073 ], [ 168.750003819000085, 7.288189493000061 ], [ 168.750634475000084, 7.286719549000054 ], [ 168.751658977000034, 7.285150190000024 ], [ 168.75234901400006, 7.284356142000036 ], [ 168.753628211000091, 7.283271530000036 ], [ 168.755372797000064, 7.282069837000051 ], [ 168.756390144000079, 7.281542256000023 ], [ 168.756942460000118, 7.281483715000036 ], [ 168.757640367000022, 7.281688965000058 ], [ 168.758018116000017, 7.281718236000074 ], [ 168.758628738000084, 7.28160097500006 ], [ 168.75953018600012, 7.28130791600006 ], [ 168.760402301000113, 7.28083887400004 ], [ 168.761448983000037, 7.280516542000044 ], [ 168.762495663000095, 7.280223480000075 ], [ 168.763542345000019, 7.280047502000059 ], [ 168.764646974000016, 7.279988961000072 ], [ 168.765286571000047, 7.280018233000021 ], [ 168.765955145000021, 7.280164763000073 ], [ 168.766216995000036, 7.280428554000025 ], [ 168.766216995000036, 7.28054581400005 ], [ 168.766245968000021, 7.280692344000045 ], [ 168.766624077000074, 7.280575085000066 ], [ 168.767263677000074, 7.280311294000057 ], [ 168.768223074000048, 7.279930241000045 ], [ 168.768688105000024, 7.279930241000045 ], [ 168.769066213000087, 7.280047502000059 ], [ 168.769327704000034, 7.280223480000075 ], [ 168.769327704000034, 7.280516542000044 ], [ 168.769472937000046, 7.280575085000066 ], [ 168.769909352000013, 7.280487273000062 ], [ 168.770635875000039, 7.280223480000075 ], [ 168.771624606000046, 7.279930241000045 ], [ 168.77229317900003, 7.279900974000043 ], [ 168.772903803000077, 7.280018233000021 ], [ 168.773252577000108, 7.280047502000059 ], [ 168.774211974000082, 7.279959691000045 ], [ 168.774880547000066, 7.280223480000075 ], [ 168.775491171000112, 7.280370011000059 ], [ 168.775956561000044, 7.280340741000032 ], [ 168.777264733000038, 7.280575085000066 ], [ 168.777468276000036, 7.280809604000069 ], [ 168.777700791000029, 7.28089759300002 ], [ 168.77868916400007, 7.28083887400004 ], [ 168.779241837000086, 7.280780333000052 ], [ 168.779823128000089, 7.280780333000052 ], [ 168.780171901000017, 7.28089759300002 ], [ 168.780724574000033, 7.280868145000056 ], [ 168.781305865000036, 7.280809604000069 ], [ 168.781945464000046, 7.28083887400004 ], [ 168.782090695000079, 7.280956134000064 ], [ 168.782149006000054, 7.281102665000049 ], [ 168.782236287000046, 7.281102665000049 ], [ 168.782730652000055, 7.281073393000042 ], [ 168.783340918000022, 7.281073393000042 ], [ 168.783922566000115, 7.281161385000075 ], [ 168.784620117000031, 7.28130791600006 ], [ 168.78566679700009, 7.281425174000049 ], [ 168.786377222000056, 7.281342541000072 ], [ 168.786447336000037, 7.280734821000067 ] ] ] ] } },
{ "type": "Feature", "properties": { "ADM0_EN": "Republic of the Marshall Islands", "ADM0_PCODE": "MH", "ADM1_EN": "Ailinglaplap", "ADM1_PCODE": "MH01", "ADM2_EN": "Enewe", "ADM2_PCODE": "MH0111", "Shape_Leng": 0.19165600842, "Shape_Area": 0.00012125213, "ADM0_EN_2": "Republic of the Marshall Islands", "ADM0_PCODE_2": "MH", "ADM1_EN_2": "Ailinglaplap", "ADM1_PCODE_2": "MH01", "ADM2_EN_2": "Enewe", "ADM2_PCODE_2": "MH0111", "Shape_Leng_2": 0.19165600842, "Shape_Area_2": 0.00012125213, "xcoord": 168.68592033455599, "ycoord": 7.3046728450000273 }, "geometry": { "type": "MultiPolygon", "coordinates": [ [ [ [ 168.743889989000081, 7.29431371000004 ], [ 168.743841695000015, 7.293636743000036 ], [ 168.743649960000084, 7.292830737000031 ], [ 168.743234291000022, 7.292024731000026 ], [ 168.742690562000121, 7.291541232000043 ], [ 168.742003029000102, 7.291154293000034 ], [ 168.741411722000066, 7.290831961000038 ], [ 168.740676256000029, 7.290735226000038 ], [ 168.740084591000027, 7.290703101000076 ], [ 168.739125193000064, 7.290783593000072 ], [ 168.738405824000097, 7.290961001000028 ], [ 168.737893930000041, 7.291138229000069 ], [ 168.737446427000123, 7.291428434000068 ], [ 168.736950630000024, 7.291702398000041 ], [ 168.735831691000044, 7.292202137000061 ], [ 168.734632265000073, 7.292588899000066 ], [ 168.733896799000036, 7.292863040000043 ], [ 168.733209266000017, 7.29299190200004 ], [ 168.731946167000046, 7.293410970000025 ], [ 168.731386696000072, 7.293749541000068 ], [ 168.731035062000046, 7.294184672000029 ], [ 168.730667327000106, 7.29471671400006 ], [ 168.730443397000045, 7.294926247000035 ], [ 168.729979796000066, 7.295087413000033 ], [ 168.729723671000102, 7.295329251000055 ], [ 168.729419967000013, 7.29553878400003 ], [ 168.728380798000103, 7.295812749000049 ], [ 168.726797902000044, 7.296215751000034 ], [ 168.725726537000014, 7.296618756000044 ], [ 168.725167068000019, 7.29676385700003 ], [ 168.724255604000064, 7.296908962000032 ], [ 168.723312304000046, 7.297070125000062 ], [ 168.722352907000072, 7.297215230000063 ], [ 168.720754268000064, 7.297505256000022 ], [ 168.720018800000048, 7.297618054000054 ], [ 168.718659474000106, 7.297827766000069 ], [ 168.717012904000057, 7.297779399000035 ], [ 168.716021668000053, 7.297827766000069 ], [ 168.714406575000112, 7.297972690000051 ], [ 168.713223604000063, 7.298004993000063 ], [ 168.71136884100008, 7.297811524000053 ], [ 168.709738009000034, 7.297473130000071 ], [ 168.708666645000108, 7.297215230000063 ], [ 168.706332541000052, 7.296538084000076 ], [ 168.705596716000059, 7.296215751000034 ], [ 168.704365811000116, 7.295812749000049 ], [ 168.703070516000025, 7.295232515000066 ], [ 168.702047445000062, 7.294507180000039 ], [ 168.701328076000095, 7.294088116000069 ], [ 168.700592252000092, 7.293652806000068 ], [ 168.69990507600005, 7.293346538000037 ], [ 168.699057645000039, 7.293137005000062 ], [ 168.69867381500012, 7.293088637000039 ], [ 168.698354016000053, 7.293330474000072 ], [ 168.697746611000071, 7.293733479000025 ], [ 168.697042981000095, 7.29402350600003 ], [ 168.695795980000071, 7.294571611000038 ], [ 168.695379953000042, 7.294700473000034 ], [ 168.694500686000083, 7.295151845000021 ], [ 168.693541289000109, 7.295635519000029 ], [ 168.692869853000047, 7.296312486000033 ], [ 168.692550052000115, 7.296973390000062 ], [ 168.6921984170001, 7.297505256000022 ], [ 168.692022421000047, 7.297924322000028 ], [ 168.691958390000082, 7.298681962000046 ], [ 168.692246352000097, 7.299391233000051 ], [ 168.692518216000053, 7.299826542000062 ], [ 168.69245597500003, 7.300008769000044 ], [ 168.692292855000119, 7.300220085000035 ], [ 168.691803496000034, 7.300549199000045 ], [ 168.691127769000104, 7.300972014000024 ], [ 168.689962327000103, 7.301630063000061 ], [ 168.689333102000091, 7.301958998000032 ], [ 168.689006863000031, 7.302123376000054 ], [ 168.688890248000121, 7.30228793200007 ], [ 168.688564011000039, 7.30261686700004 ], [ 168.687911176000057, 7.303110360000062 ], [ 168.687678302000108, 7.303157301000056 ], [ 168.687398568000049, 7.30334523700003 ], [ 168.687305203000051, 7.303697729000021 ], [ 168.686862708000035, 7.304120724000029 ], [ 168.686489610000081, 7.304402719000052 ], [ 168.686023502000012, 7.304426099000068 ], [ 168.685510893000014, 7.304567097000074 ], [ 168.685114544000044, 7.304708095000024 ], [ 168.684438814000032, 7.305037030000051 ], [ 168.683692976000088, 7.30538952400002 ], [ 168.682877022000071, 7.305647961000034 ], [ 168.682317908000073, 7.305835899000044 ], [ 168.681898307000097, 7.306165012000065 ], [ 168.681408950000105, 7.306587827000044 ], [ 168.680779367000014, 7.306822881000073 ], [ 168.680360122000025, 7.307104877000029 ], [ 168.679684038000119, 7.307363314000042 ], [ 168.679171429000121, 7.307739189000074 ], [ 168.6791249260001, 7.308068300000059 ], [ 168.678961449000099, 7.308185741000045 ], [ 168.678798329000074, 7.308115242000042 ], [ 168.678332224000087, 7.308115242000042 ], [ 168.677749862000042, 7.308350118000021 ], [ 168.677236894000089, 7.308679232000031 ], [ 168.676724285000091, 7.308679232000031 ], [ 168.676001694000092, 7.30898460700007 ], [ 168.674999372000116, 7.30931354300003 ], [ 168.674114023000016, 7.309901092000075 ], [ 168.673344931000088, 7.31025340900004 ], [ 168.672902076000014, 7.310723518000032 ], [ 168.672575480000091, 7.310840957000039 ], [ 168.672109375000105, 7.311193453000044 ], [ 168.672086123000099, 7.311710326000025 ], [ 168.672062872000083, 7.31227431700006 ], [ 168.672039621000067, 7.312697308000054 ], [ 168.672109375000105, 7.313190622000036 ], [ 168.671923005000053, 7.313731054000073 ], [ 168.671690131000105, 7.314036610000073 ], [ 168.671317030000068, 7.314389102000064 ], [ 168.67099079400009, 7.314671098000076 ], [ 168.670338317000073, 7.315046973000051 ], [ 168.670012079000117, 7.315046973000051 ], [ 168.669778848000078, 7.314953093000042 ], [ 168.6694061070001, 7.314929534000044 ], [ 168.669056258000069, 7.315187969000021 ], [ 168.668520398000055, 7.315540464000037 ], [ 168.668077544000084, 7.315751960000057 ], [ 168.667448320000062, 7.316080895000027 ], [ 168.666702480000026, 7.316433391000032 ], [ 168.666003143000012, 7.316621329000043 ], [ 168.665350666000109, 7.316997380000032 ], [ 168.665047680000043, 7.317373257000042 ], [ 168.664907812000024, 7.317678810000075 ], [ 168.665164296000057, 7.31805468500005 ], [ 168.665467284000101, 7.318454118000034 ], [ 168.665886526000122, 7.318595115000051 ], [ 168.666329381000082, 7.318548176000036 ], [ 168.666422744000101, 7.318383621000066 ], [ 168.666585865000116, 7.318148742000062 ], [ 168.66679548500008, 7.317984186000047 ], [ 168.667308452000043, 7.318007745000045 ], [ 168.667634690000114, 7.318078244000048 ], [ 168.668217412000104, 7.318031303000055 ], [ 168.668566903000055, 7.317843187000051 ], [ 168.669196127000077, 7.317349875000048 ], [ 168.670012079000117, 7.316503888000057 ], [ 168.670757563000052, 7.315446406000035 ], [ 168.67138714500004, 7.314577039000028 ], [ 168.671759887000121, 7.314318603000061 ], [ 168.671993117000056, 7.314248104000058 ], [ 168.672272493000037, 7.314224546000048 ], [ 168.672599092000041, 7.314107107000041 ], [ 168.672738956000103, 7.313825111000028 ], [ 168.673111698000071, 7.313355179000041 ], [ 168.673228314000085, 7.313167241000031 ], [ 168.67329807100009, 7.312767808000046 ], [ 168.673694420000061, 7.312344816000063 ], [ 168.674114023000016, 7.311780823000049 ], [ 168.674486764000108, 7.311451890000058 ], [ 168.674673133000056, 7.311451890000058 ], [ 168.674952871000073, 7.311569327000029 ], [ 168.675302359000057, 7.311451890000058 ], [ 168.675582096000085, 7.311263951000058 ], [ 168.676024948000077, 7.310911456000042 ], [ 168.676654174000078, 7.310512024000047 ], [ 168.677004019000037, 7.310488464000059 ], [ 168.677423265000016, 7.310347466000053 ], [ 168.678122601000041, 7.309783475000074 ], [ 168.678751826000052, 7.309266602000037 ], [ 168.679148177000116, 7.308914109000057 ], [ 168.679357800000048, 7.30877311200004 ], [ 168.679730898000116, 7.308679232000031 ], [ 168.6801268910001, 7.308444177000069 ], [ 168.680616248000092, 7.308326737000073 ], [ 168.680989347000036, 7.308068300000059 ], [ 168.68143220200011, 7.307739189000074 ], [ 168.681875055000091, 7.307551251000064 ], [ 168.682224544000064, 7.307598190000022 ], [ 168.6824341680001, 7.307598190000022 ], [ 168.682877022000071, 7.307269255000051 ], [ 168.683413241000039, 7.306963879000023 ], [ 168.684508569000059, 7.306235510000022 ], [ 168.686023502000012, 7.305107530000043 ], [ 168.686675979000029, 7.304637595000031 ], [ 168.686932463000062, 7.304355602000044 ], [ 168.688097905000063, 7.303157301000056 ], [ 168.689677943000106, 7.301980237000066 ], [ 168.690213444000051, 7.301641840000059 ], [ 168.691092712000113, 7.301134250000075 ], [ 168.692139751000013, 7.300562050000053 ], [ 168.692675612000016, 7.300296115000037 ], [ 168.693093782000119, 7.30018117700007 ], [ 168.693829250000022, 7.300132811000026 ], [ 168.694228819000045, 7.300068201000045 ], [ 168.694868419000045, 7.299455665000039 ], [ 168.695811719000062, 7.29845636500005 ], [ 168.696307514000068, 7.297940564000044 ], [ 168.696819050000045, 7.297166861000051 ], [ 168.697298749000083, 7.296441349000077 ], [ 168.697906152000087, 7.29584505300005 ], [ 168.698785780000094, 7.295377618000032 ], [ 168.699696886000083, 7.295313010000029 ], [ 168.700688477000085, 7.29524858000002 ], [ 168.701328076000095, 7.295570911000027 ], [ 168.7023193120001, 7.295973914000058 ], [ 168.70294281200006, 7.296151320000035 ], [ 168.703486543000054, 7.296538084000076 ], [ 168.704046011000059, 7.296554325000045 ], [ 168.704429843000071, 7.296699249000028 ], [ 168.704813314000035, 7.297118495000063 ], [ 168.705053344000021, 7.297392457000058 ], [ 168.705069083000012, 7.297601991000022 ], [ 168.704957475000015, 7.297747093000055 ], [ 168.70490954100012, 7.297875956000041 ], [ 168.705037247000064, 7.298021058000074 ], [ 168.705404979000036, 7.298198463000062 ], [ 168.706204477000028, 7.298198463000062 ], [ 168.707163874000116, 7.29826289500005 ], [ 168.708522842000093, 7.29845636500005 ], [ 168.709258310000109, 7.298536859000023 ], [ 168.710345411000048, 7.298472429000071 ], [ 168.711256875000117, 7.298553102000028 ], [ 168.712600105000092, 7.298504734000062 ], [ 168.713719044000072, 7.298520796000048 ], [ 168.714790407000123, 7.298553102000028 ], [ 168.715334135000035, 7.298617531000048 ], [ 168.715893605000019, 7.29885936900007 ], [ 168.716437336000013, 7.298923799000022 ], [ 168.717012904000057, 7.298843127000055 ], [ 168.718243808000011, 7.298746571000038 ], [ 168.718643737000093, 7.298746571000038 ], [ 168.71913917400002, 7.298520796000048 ], [ 168.719986607000124, 7.298569163000025 ], [ 168.720658399000058, 7.298601469000062 ], [ 168.721473637000031, 7.298520796000048 ], [ 168.722033108000119, 7.298665898000024 ], [ 168.722464872000046, 7.298617531000048 ], [ 168.722912734000033, 7.298440303000064 ], [ 168.723584169000105, 7.29816616100004 ], [ 168.724239864000083, 7.298134036000022 ], [ 168.724559305000071, 7.29816616100004 ], [ 168.725007168000047, 7.297924322000028 ], [ 168.725694700000076, 7.29766642200002 ], [ 168.726909865000039, 7.29723129100006 ], [ 168.727549465000038, 7.297118495000063 ], [ 168.727901099000064, 7.296973390000062 ], [ 168.728252736000059, 7.296699429000057 ], [ 168.729004300000042, 7.29634479300006 ], [ 168.729899666000051, 7.296151320000035 ], [ 168.730491331000053, 7.296006218000059 ], [ 168.730923096000083, 7.295732256000065 ], [ 168.731578433000095, 7.295425988000034 ], [ 168.732713828000101, 7.294910186000038 ], [ 168.733576999000093, 7.294636043000025 ], [ 168.734568233000118, 7.294265343000063 ], [ 168.73557556500009, 7.293797909000034 ], [ 168.736551060000124, 7.293233739000073 ], [ 168.737766227000066, 7.292750065000064 ], [ 168.738645495000014, 7.29260514200007 ], [ 168.739684663000048, 7.292524468000067 ], [ 168.740532096000038, 7.29260514200007 ], [ 168.741059728000096, 7.292911411000034 ], [ 168.741299757000093, 7.293120941000041 ], [ 168.741475397000045, 7.293378842000038 ], [ 168.741667490000054, 7.293604440000024 ], [ 168.741667490000054, 7.293813973000056 ], [ 168.741475397000045, 7.293975138000064 ], [ 168.741283660000022, 7.293975138000064 ], [ 168.741171694000059, 7.293781848000037 ], [ 168.741091925000092, 7.293636743000036 ], [ 168.741059728000096, 7.293733479000025 ], [ 168.741091925000092, 7.293926771000031 ], [ 168.741187790000026, 7.294233040000051 ], [ 168.741443560000107, 7.294410446000029 ], [ 168.741747261000114, 7.294571611000038 ], [ 168.742083157000025, 7.29471671400006 ], [ 168.742498825000098, 7.294797208000034 ], [ 168.742754593000086, 7.294877880000058 ], [ 168.742850462000092, 7.295022982000035 ], [ 168.742850462000092, 7.295151845000021 ], [ 168.742722757000024, 7.295232515000066 ], [ 168.742610790000072, 7.295216454000069 ], [ 168.742418697000062, 7.295216454000069 ], [ 168.742370764000043, 7.295280883000032 ], [ 168.742498825000098, 7.295409745000029 ], [ 168.742786429000034, 7.295409745000029 ], [ 168.743266128000073, 7.295280883000032 ], [ 168.743681794000054, 7.294926247000035 ], [ 168.743889989000081, 7.29431371000004 ] ] ] ] } },
{ "type": "Feature", "properties": { "ADM0_EN": "Republic of the Marshall Islands", "ADM0_PCODE": "MH", "ADM1_EN": "Ailinglaplap", "ADM1_PCODE": "MH01", "ADM2_EN": "Ennak", "ADM2_PCODE": "MH0105", "Shape_Leng": 0.01494951752, "Shape_Area": 1.267695e-05, "ADM0_EN_2": "Republic of the Marshall Islands", "ADM0_PCODE_2": "MH", "ADM1_EN_2": "Ailinglaplap", "ADM1_PCODE_2": "MH01", "ADM2_EN_2": "Ennak", "ADM2_PCODE_2": "MH0105", "Shape_Leng_2": 0.01494951752, "Shape_Area_2": 1.267695e-05, "xcoord": 168.84698000647245, "ycoord": 7.5079505785000435 }, "geometry": { "type": "MultiPolygon", "coordinates": [ [ [ [ 168.849836740000114, 7.510042519000024 ], [ 168.849835668000082, 7.510031455000046 ], [ 168.849825293000094, 7.509994688000063 ], [ 168.849819213000046, 7.509975949000022 ], [ 168.849810628000114, 7.509957385000064 ], [ 168.84979953800007, 7.50993864700007 ], [ 168.849785945000122, 7.509919549000074 ], [ 168.849755896000033, 7.509884745000022 ], [ 168.849670759000105, 7.509797647000028 ], [ 168.849648938000087, 7.509770697000022 ], [ 168.84963248400004, 7.509745176000024 ], [ 168.849616029000117, 7.509710372000029 ], [ 168.849602435000065, 7.509672713000043 ], [ 168.849592421000011, 7.509632019000037 ], [ 168.849585265000087, 7.509587400000044 ], [ 168.849581330000092, 7.509538855000073 ], [ 168.849579898000115, 7.50948406200007 ], [ 168.84958705300005, 7.509257039000033 ], [ 168.849586697000063, 7.509205457000064 ], [ 168.849584550000031, 7.509159767000028 ], [ 168.849579184000049, 7.509108366000021 ], [ 168.849570242000027, 7.509061605000056 ], [ 168.849557363000031, 7.509018769000022 ], [ 168.849541266000074, 7.508979327000077 ], [ 168.849498697000058, 7.508895265000035 ], [ 168.849480453000069, 7.508865993000029 ], [ 168.849462568000035, 7.508841003000043 ], [ 168.84944826100002, 7.50882458600006 ], [ 168.849431804000119, 7.508808701000021 ], [ 168.849391382000022, 7.508778358000029 ], [ 168.849349171000085, 7.508753194000064 ], [ 168.849244361000046, 7.508697330000075 ], [ 168.849195352000038, 7.508665741000073 ], [ 168.849049405000073, 7.508559545000026 ], [ 168.848972137000032, 7.508497614000021 ], [ 168.84893708200002, 7.508465308000041 ], [ 168.848905960000025, 7.508433718000049 ], [ 168.848879132000093, 7.508401950000064 ], [ 168.848855523000111, 7.50837000100006 ], [ 168.848832627000093, 7.508331450000071 ], [ 168.848811166000019, 7.508285760000035 ], [ 168.848793278000016, 7.508238641000048 ], [ 168.848749637000083, 7.508113171000048 ], [ 168.848734972000102, 7.508077477000029 ], [ 168.848720305000029, 7.50804624400007 ], [ 168.848681313000043, 7.507976101000054 ], [ 168.848581152000065, 7.507818861000032 ], [ 168.84853965800005, 7.50774657900007 ], [ 168.848509609000075, 7.507687502000067 ], [ 168.848478489000058, 7.507621645000029 ], [ 168.848399433000054, 7.507439955000052 ], [ 168.848372961000109, 7.507374987000048 ], [ 168.848347563000061, 7.507306272000051 ], [ 168.848323238000035, 7.507233097000039 ], [ 168.848298912000018, 7.507153853000034 ], [ 168.848258134000048, 7.507006252000053 ], [ 168.848168349000048, 7.50665536200006 ], [ 168.848142949000021, 7.506564696000055 ], [ 168.848118267000018, 7.506483488000072 ], [ 168.848091081000121, 7.506402103000028 ], [ 168.848063178000075, 7.506326428000023 ], [ 168.848033846000021, 7.506255216000056 ], [ 168.848003082000105, 7.506188106000025 ], [ 168.847939049000047, 7.506044254000074 ], [ 168.847912937000046, 7.505990888000042 ], [ 168.847880385000053, 7.50593698800003 ], [ 168.847863572000051, 7.50591414400003 ], [ 168.847846044000107, 7.505893441000069 ], [ 168.847798468000065, 7.505842573000052 ], [ 168.847765201000016, 7.505811875000063 ], [ 168.847733362000099, 7.505789745000072 ], [ 168.847718339000039, 7.50578224800006 ], [ 168.847704031000035, 7.50577725100004 ], [ 168.847681851000061, 7.505774396000049 ], [ 168.847656096000037, 7.505777963000071 ], [ 168.847628194000094, 7.505786709000063 ], [ 168.847568097000021, 7.505811339000047 ], [ 168.847542342000111, 7.505820443000061 ], [ 168.8475151560001, 7.505826510000077 ], [ 168.847491189000039, 7.505827225000075 ], [ 168.847445402000062, 7.505824191000045 ], [ 168.847432879000053, 7.505820620000065 ], [ 168.847423581000044, 7.50581526600007 ], [ 168.847418929000014, 7.505809556000031 ], [ 168.847415351000109, 7.505801525000038 ], [ 168.847407125000018, 7.505761011000061 ], [ 168.847400686000015, 7.505746018000025 ], [ 168.847393174000103, 7.505737272000033 ], [ 168.847383158000071, 7.505729062000057 ], [ 168.847357761000012, 7.505714784000077 ], [ 168.847325566000109, 7.50570407500004 ], [ 168.847292654000057, 7.505699078000021 ], [ 168.847276916000055, 7.505699613000047 ], [ 168.847260462000122, 7.505703004000054 ], [ 168.847242933000075, 7.505709608000075 ], [ 168.847224689000086, 7.505719246000069 ], [ 168.847186056000055, 7.505746018000025 ], [ 168.847126674000037, 7.505796169000064 ], [ 168.847111292000022, 7.505810982000071 ], [ 168.847096268000087, 7.505829902000073 ], [ 168.847051197000042, 7.505899330000034 ], [ 168.847033669000098, 7.505922888000043 ], [ 168.847014351000098, 7.505942880000021 ], [ 168.846994321000011, 7.505956621000053 ], [ 168.846972499000117, 7.505965545000038 ], [ 168.846946385000024, 7.505972148000069 ], [ 168.846845508000115, 7.505984643000033 ], [ 168.846782550000057, 7.50599356500004 ], [ 168.846716373000049, 7.505999634000034 ], [ 168.846646261000046, 7.506002847000047 ], [ 168.846570781000082, 7.506003382000074 ], [ 168.846431272000018, 7.505998207000061 ], [ 168.846099311000103, 7.505976968000027 ], [ 168.846012742000084, 7.505974113000036 ], [ 168.845935118000057, 7.50597429100003 ], [ 168.845856063000042, 7.50597786000003 ], [ 168.84578237300002, 7.505985 ], [ 168.845712260000028, 7.50599588700004 ], [ 168.84564608300002, 7.506010701000037 ], [ 168.845527321000077, 7.506036936000044 ], [ 168.845480103000114, 7.506049608000069 ], [ 168.845432883000058, 7.506067278000046 ], [ 168.845412851000106, 7.50607762900006 ], [ 168.845394607000117, 7.506088874000056 ], [ 168.845368852000092, 7.506108864000055 ], [ 168.845342024000047, 7.506134208000049 ], [ 168.845315912000046, 7.506163121000043 ], [ 168.845267261000117, 7.506220234000068 ], [ 168.845216464000032, 7.506280559000061 ], [ 168.845174255000074, 7.50633338800003 ], [ 168.845137767000097, 7.506383004000043 ], [ 168.845105930000045, 7.506430303000059 ], [ 168.845078028000103, 7.506476707000047 ], [ 168.845054418000018, 7.50652203900006 ], [ 168.845034745000021, 7.506566303000056 ], [ 168.845019004000051, 7.506610030000047 ], [ 168.844998972000099, 7.506683205000058 ], [ 168.84498502200006, 7.506754596000064 ], [ 168.844977867000011, 7.506822596000063 ], [ 168.84497715100008, 7.506886671000075 ], [ 168.844979656000078, 7.506912370000066 ], [ 168.844984307000118, 7.506940749000023 ], [ 168.845008274000065, 7.507044980000046 ], [ 168.845016142000077, 7.507088173000056 ], [ 168.845019363000119, 7.507123154000055 ], [ 168.845020436000027, 7.507162596000057 ], [ 168.845017573000064, 7.507333759000062 ], [ 168.845020077000072, 7.507374452000022 ], [ 168.845025087000067, 7.507410862000029 ], [ 168.845036533000098, 7.507462619000023 ], [ 168.84505298800002, 7.507515806000072 ], [ 168.845074449000094, 7.507570599000076 ], [ 168.845100922000029, 7.50762806900002 ], [ 168.845130612000048, 7.507685360000039 ], [ 168.845166741000071, 7.50774782700006 ], [ 168.845278349000068, 7.507925056000033 ], [ 168.845340950000036, 7.508021255000074 ], [ 168.845391030000087, 7.508093005000035 ], [ 168.845439322000061, 7.508155114000033 ], [ 168.845486898000104, 7.508208657000068 ], [ 168.845513727000025, 7.508235071000058 ], [ 168.8455452070001, 7.508262737000052 ], [ 168.845666472000062, 7.508358759000032 ], [ 168.84571440600007, 7.508399986000029 ], [ 168.845770927000103, 7.508456207000052 ], [ 168.845829234000121, 7.508523135000075 ], [ 168.845882175000042, 7.508589352000058 ], [ 168.846002012000099, 7.508745699000031 ], [ 168.846061751000093, 7.508818517000066 ], [ 168.846117912000068, 7.508880092000027 ], [ 168.846172642000056, 7.508932207000043 ], [ 168.846235601000103, 7.508986466000067 ], [ 168.846291405000102, 7.509031977000063 ], [ 168.846343989000047, 7.50907177800002 ], [ 168.846394069000098, 7.509106580000037 ], [ 168.846435923000058, 7.50913210300007 ], [ 168.846483857000067, 7.509156911000048 ], [ 168.846538229000089, 7.509181720000072 ], [ 168.846699918000013, 7.509251148000033 ], [ 168.846749640000098, 7.509275599000034 ], [ 168.84679256700008, 7.509300051000025 ], [ 168.846890582000015, 7.509361269000067 ], [ 168.846958191000112, 7.509407315000033 ], [ 168.847016139000061, 7.509452472000021 ], [ 168.847064789000115, 7.509497447000058 ], [ 168.847093406000113, 7.509529395000072 ], [ 168.847154934000059, 7.509608283000034 ], [ 168.847184267000102, 7.509641837000061 ], [ 168.847212527000124, 7.509669857000063 ], [ 168.847242933000075, 7.509696451000025 ], [ 168.847275127000103, 7.509721974000058 ], [ 168.847309825000025, 7.509746423000024 ], [ 168.847346671000082, 7.509769626000036 ], [ 168.847385661000089, 7.509791937000045 ], [ 168.847427515000049, 7.509813355000063 ], [ 168.847472229000118, 7.509834057000035 ], [ 168.847549497000045, 7.509865826000066 ], [ 168.847637851000059, 7.509897417000047 ], [ 168.847727281000061, 7.509926153000038 ], [ 168.847959084000081, 7.509997008000028 ], [ 168.848083569000096, 7.510039842000026 ], [ 168.848259565000035, 7.510106772000029 ], [ 168.848353645000088, 7.510140681000053 ], [ 168.848444506000078, 7.510170311000024 ], [ 168.848527494000109, 7.510193154000035 ], [ 168.848646615000121, 7.510222603000045 ], [ 168.848721377000061, 7.510238310000034 ], [ 168.848790418000021, 7.510248305000061 ], [ 168.848852660000034, 7.510252232000028 ], [ 168.848924203000024, 7.510249375000058 ], [ 168.849002902000052, 7.510239204000072 ], [ 168.849090184000033, 7.510221533000049 ], [ 168.849207158000013, 7.510192085000028 ], [ 168.84926332100008, 7.510173879000035 ], [ 168.849401397000065, 7.510119623000037 ], [ 168.84944074800012, 7.510108022000054 ], [ 168.849476519000063, 7.510100882000074 ], [ 168.84950406400003, 7.510099276000062 ], [ 168.849535898000113, 7.51010195200007 ], [ 168.849567737000029, 7.510107307000055 ], [ 168.849647508000089, 7.510124441000073 ], [ 168.849689003000094, 7.510129616000029 ], [ 168.849709751000091, 7.510129439000025 ], [ 168.849728710000022, 7.510127118000071 ], [ 168.849745881000104, 7.510122300000035 ], [ 168.849761619000105, 7.510114982000061 ], [ 168.84979631900012, 7.510095169000067 ], [ 168.849816352000062, 7.51008089100003 ], [ 168.849829943000032, 7.510066436000045 ], [ 168.849836383000024, 7.510051801000031 ], [ 168.849836740000114, 7.510042519000024 ] ] ] ] } },
{ "type": "Feature", "properties": { "ADM0_EN": "Republic of the Marshall Islands", "ADM0_PCODE": "MH", "ADM1_EN": "Ailinglaplap", "ADM1_PCODE": "MH01", "ADM2_EN": "Jah", "ADM2_PCODE": "MH0102", "Shape_Leng": 0.02904578019, "Shape_Area": 3.237065e-05, "ADM0_EN_2": "Republic of the Marshall Islands", "ADM0_PCODE_2": "MH", "ADM1_EN_2": "Ailinglaplap", "ADM1_PCODE_2": "MH01", "ADM2_EN_2": "Jah", "ADM2_PCODE_2": "MH0102", "Shape_Leng_2": 0.02904578019, "Shape_Area_2": 3.237065e-05, "xcoord": 168.93935959584178, "ycoord": 7.4885384230000511 }, "geometry": { "type": "MultiPolygon", "coordinates": [ [ [ [ 168.941517377000082, 7.492181785000071 ], [ 168.941452630000072, 7.490392899000028 ], [ 168.941171465000025, 7.488494785000057 ], [ 168.940370895000115, 7.485811368000043 ], [ 168.939592144000017, 7.483978577000073 ], [ 168.939202948000116, 7.483389599000077 ], [ 168.938965066000037, 7.482844170000021 ], [ 168.93877046700004, 7.482233239000038 ], [ 168.938510764000057, 7.481971590000057 ], [ 168.938272883000081, 7.481906089000063 ], [ 168.938077926000119, 7.481949637000071 ], [ 168.938035001000117, 7.482233239000038 ], [ 168.937991717000045, 7.482626070000038 ], [ 168.937905148000027, 7.482953219000024 ], [ 168.937883326000019, 7.483607699000061 ], [ 168.937948434000077, 7.484284130000049 ], [ 168.938056462000077, 7.484851334000041 ], [ 168.937905148000027, 7.485702139000068 ], [ 168.937753477000115, 7.486705720000032 ], [ 168.937623983000094, 7.48760025200005 ], [ 168.937537415000065, 7.488582061000045 ], [ 168.937407564000068, 7.489192990000049 ], [ 168.937277712000082, 7.489651145000039 ], [ 168.937342817000058, 7.490414674000021 ], [ 168.937602163000065, 7.490981877000024 ], [ 168.938251060000084, 7.491854633000059 ], [ 168.938683899000011, 7.492400064000037 ], [ 168.939181127000097, 7.492727393000052 ], [ 168.939743815000043, 7.493381871000054 ], [ 168.940262863000044, 7.494058124000048 ], [ 168.94054402800009, 7.494603555000026 ], [ 168.940522566000027, 7.494930884000041 ], [ 168.940587313000037, 7.49521448400003 ], [ 168.940976509000052, 7.494843606000074 ], [ 168.941236211000046, 7.49416717400004 ], [ 168.941430810000043, 7.493076317000032 ], [ 168.941517377000082, 7.492181785000071 ] ] ] ] } },
{ "type": "Feature", "properties": { "ADM0_EN": "Republic of the Marshall Islands", "ADM0_PCODE": "MH", "ADM1_EN": "Ailinglaplap", "ADM1_PCODE": "MH01", "ADM2_EN": "Jebwan", "ADM2_PCODE": "MH0113", "Shape_Leng": 0.06334334416, "Shape_Area": 6.118316e-05, "ADM0_EN_2": "Republic of the Marshall Islands", "ADM0_PCODE_2": "MH", "ADM1_EN_2": "Ailinglaplap", "ADM1_PCODE_2": "MH01", "ADM2_EN_2": "Jebwan", "ADM2_PCODE_2": "MH0113", "Shape_Leng_2": 0.06334334416, "Shape_Area_2": 6.118316e-05, "xcoord": 168.80766289865295, "ycoord": 7.2786282450000499 }, "geometry": { "type": "MultiPolygon", "coordinates": [ [ [ [ 168.813524740000048, 7.275873435000051 ], [ 168.813187414000026, 7.27609082400005 ], [ 168.81174545500005, 7.276794205000044 ], [ 168.810163988000113, 7.277286626000034 ], [ 168.80821013700006, 7.277779046000035 ], [ 168.806419403000064, 7.277849366000055 ], [ 168.804884080000079, 7.277685167000072 ], [ 168.804023769000082, 7.277474206000022 ], [ 168.803349117000039, 7.277474206000022 ], [ 168.802606495000077, 7.277303758000073 ], [ 168.802074569000069, 7.277124923000031 ], [ 168.801089417000071, 7.276628397000025 ], [ 168.800084231000028, 7.276489363000053 ], [ 168.799256831000093, 7.276409941000054 ], [ 168.798409398000103, 7.276389951000056 ], [ 168.797443921000081, 7.276409941000054 ], [ 168.796261665000088, 7.276449563000028 ], [ 168.794291358000123, 7.276807234000046 ], [ 168.793463600000109, 7.276946267000028 ], [ 168.792912000000115, 7.277263958000049 ], [ 168.792064568000114, 7.277820274000021 ], [ 168.791473620000033, 7.278118155000072 ], [ 168.791040066000051, 7.278296990000058 ], [ 168.790606514000046, 7.278515447000075 ], [ 168.79042908700012, 7.278674471000045 ], [ 168.790370063000069, 7.278853127000048 ], [ 168.790389736000066, 7.279071764000037 ], [ 168.790350387000103, 7.279389454000068 ], [ 168.790172958000085, 7.279687511000077 ], [ 168.789582009000014, 7.280064992000064 ], [ 168.788182978000123, 7.28050190700003 ], [ 168.78711877100011, 7.280799965000028 ], [ 168.786586845000102, 7.280799965000028 ], [ 168.786447336000037, 7.280734821000067 ], [ 168.786377222000056, 7.281342541000072 ], [ 168.786422653000045, 7.281337184000051 ], [ 168.787004302000014, 7.281131935000076 ], [ 168.788544989000115, 7.280868145000056 ], [ 168.789359154000067, 7.280663073000028 ], [ 168.79052209200006, 7.280633802000068 ], [ 168.790900199000021, 7.280399283000065 ], [ 168.791626721000057, 7.280135491000067 ], [ 168.792789661000029, 7.280106222000029 ], [ 168.793167768000103, 7.280135491000067 ], [ 168.793662134000101, 7.280106222000029 ], [ 168.794737787000031, 7.280135491000067 ], [ 168.795231797000042, 7.280340741000032 ], [ 168.795697186000098, 7.280663073000028 ], [ 168.796191194000016, 7.281366455000068 ], [ 168.7969180770001, 7.281395726000028 ], [ 168.797470750000116, 7.281395726000028 ], [ 168.797877474000074, 7.281131935000076 ], [ 168.798371838000094, 7.280721615000061 ], [ 168.798313531000076, 7.280194032000054 ], [ 168.798284555000123, 7.279725172000042 ], [ 168.798488096000028, 7.279021790000058 ], [ 168.799127695000038, 7.278552749000028 ], [ 168.799854577000019, 7.278347678000046 ], [ 168.800581458000124, 7.278347678000046 ], [ 168.801511879000032, 7.278582019000055 ], [ 168.802471277000109, 7.278728728000033 ], [ 168.803488626000103, 7.278992519000042 ], [ 168.805465728000058, 7.279490649000024 ], [ 168.80654138400007, 7.279783710000061 ], [ 168.808518487000015, 7.279695901000025 ], [ 168.809913943000083, 7.279578641000057 ], [ 168.811512940000057, 7.279490649000024 ], [ 168.813508285000012, 7.279329843000028 ], [ 168.813524740000048, 7.275873435000051 ] ] ] ] } },
{ "type": "Feature", "properties": { "ADM0_EN": "Republic of the Marshall Islands", "ADM0_PCODE": "MH", "ADM1_EN": "Ailinglaplap", "ADM1_PCODE": "MH01", "ADM2_EN": "Jeh", "ADM2_PCODE": "MH0104", "Shape_Leng": 0.15054425548, "Shape_Area": 0.00017572032, "ADM0_EN_2": "Republic of the Marshall Islands", "ADM0_PCODE_2": "MH", "ADM1_EN_2": "Ailinglaplap", "ADM1_PCODE_2": "MH01", "ADM2_EN_2": "Jeh", "ADM2_PCODE_2": "MH0104", "Shape_Leng_2": 0.15054425548, "Shape_Area_2": 0.00017572032, "xcoord": 168.96972132544536, "ycoord": 7.5792830760000527 }, "geometry": { "type": "MultiPolygon", "coordinates": [ [ [ [ 168.971242172000075, 7.586261479000029 ], [ 168.971242172000075, 7.583775279000065 ], [ 168.970850115000076, 7.581289080000033 ], [ 168.969953675000056, 7.578294218000053 ], [ 168.967881418000047, 7.574113014000034 ], [ 168.966033094000068, 7.570892198000024 ], [ 168.963848515000109, 7.567389032000051 ], [ 168.961832063000088, 7.564507502000026 ], [ 168.959927933000017, 7.561682373000053 ], [ 168.958751758000062, 7.559874213000057 ], [ 168.958023446000084, 7.558913820000043 ], [ 168.957295491000082, 7.558405336000021 ], [ 168.957183168000029, 7.55863129100004 ], [ 168.957799517000012, 7.55930932900003 ], [ 168.958415504000072, 7.560439272000053 ], [ 168.959647841000105, 7.562360412000032 ], [ 168.960319991000119, 7.563885865000032 ], [ 168.961552328000039, 7.565863578000062 ], [ 168.962392249000118, 7.56744560900006 ], [ 168.962784306000117, 7.568519153000068 ], [ 168.963624582000079, 7.569536121000056 ], [ 168.964128607000021, 7.570214159000045 ], [ 168.964576827000087, 7.570553268000026 ], [ 168.964968885000076, 7.570835799000065 ], [ 168.965753, 7.572587382000052 ], [ 168.965864968000119, 7.57349137500006 ], [ 168.966201221000119, 7.573886882000068 ], [ 168.96653711600004, 7.574338968000063 ], [ 168.966593279000108, 7.574960606000047 ], [ 168.96676104800008, 7.575356114000044 ], [ 168.967209267000044, 7.575525489000029 ], [ 168.967881418000047, 7.576034152000034 ], [ 168.968833662000065, 7.577898711000046 ], [ 168.969449651000104, 7.580271934000052 ], [ 168.969729744000119, 7.582023519000074 ], [ 168.969953675000056, 7.582475603000034 ], [ 168.969337685000028, 7.584622872000068 ], [ 168.967433199000084, 7.587843509000038 ], [ 168.966817210000045, 7.58856688000003 ], [ 168.965809163000017, 7.589595272000054 ], [ 168.963288330000069, 7.591911917000061 ], [ 168.961552328000039, 7.593155195000065 ], [ 168.957799517000012, 7.594793802000027 ], [ 168.954326797000022, 7.595923925000022 ], [ 168.947941544000059, 7.597562711000023 ], [ 168.944356860000084, 7.597958217000041 ], [ 168.940940303000048, 7.597675687000049 ], [ 168.938755723000099, 7.597167026000022 ], [ 168.937075526000058, 7.596149879000052 ], [ 168.935899352000092, 7.595132911000064 ], [ 168.935619262000046, 7.595358863000058 ], [ 168.935227201000089, 7.596206455000072 ], [ 168.935003272000017, 7.596828094000045 ], [ 168.9344988900001, 7.597336578000068 ], [ 168.934218796000096, 7.598579678000021 ], [ 168.934106831000122, 7.599201317000052 ], [ 168.934331119000035, 7.599879355000041 ], [ 168.9348351430001, 7.600388017000057 ], [ 168.935059074000037, 7.600726949000034 ], [ 168.935899352000092, 7.60117903400004 ], [ 168.937579550000123, 7.601461565000022 ], [ 168.938980012000115, 7.601631119000047 ], [ 168.939931899000044, 7.601631119000047 ], [ 168.941780581000103, 7.601348588000064 ], [ 168.943292652000082, 7.600726949000034 ], [ 168.944468827000037, 7.600388017000057 ], [ 168.946149382000044, 7.600048910000055 ], [ 168.948221637000074, 7.59993593300004 ], [ 168.950013802000058, 7.599766379000073 ], [ 168.951918288000115, 7.599483848000034 ], [ 168.955726901000048, 7.598579678000021 ], [ 168.959255783000117, 7.597223600000063 ], [ 168.961832063000088, 7.596149879000052 ], [ 168.964800759000013, 7.595415441000057 ], [ 168.967153106000069, 7.594511272000034 ], [ 168.969001431000038, 7.593550704000052 ], [ 168.97006563900004, 7.592025072000069 ], [ 168.970850115000076, 7.590612417000045 ], [ 168.97118601000011, 7.588634701000046 ], [ 168.971242172000075, 7.586261479000029 ] ] ] ] } },
{ "type": "Feature", "properties": { "ADM0_EN": "Republic of the Marshall Islands", "ADM0_PCODE": "MH", "ADM1_EN": "Ailinglaplap", "ADM1_PCODE": "MH01", "ADM2_EN": "Kattiej", "ADM2_PCODE": "MH0108", "Shape_Leng": 0.01947486967, "Shape_Area": 1.961233e-05, "ADM0_EN_2": "Republic of the Marshall Islands", "ADM0_PCODE_2": "MH", "ADM1_EN_2": "Ailinglaplap", "ADM1_PCODE_2": "MH01", "ADM2_EN_2": "Kattiej", "ADM2_PCODE_2": "MH0108", "Shape_Leng_2": 0.01947486967, "Shape_Area_2": 1.961233e-05, "xcoord": 168.69636267831214, "ycoord": 7.4719838920000541 }, "geometry": { "type": "MultiPolygon", "coordinates": [ [ [ [ 168.700867576000064, 7.473853808000058 ], [ 168.700865430000022, 7.473835958000052 ], [ 168.700855412000124, 7.473794909000048 ], [ 168.700837885000055, 7.473748327000067 ], [ 168.700812129000042, 7.473694606000038 ], [ 168.700779577000048, 7.473634993000076 ], [ 168.700731285000074, 7.473554500000034 ], [ 168.700715187000014, 7.473530405000076 ], [ 168.700696587000039, 7.473507738000023 ], [ 168.700675840000031, 7.473486498000057 ], [ 168.700652945000115, 7.473466509000048 ], [ 168.700627191000081, 7.473447770000064 ], [ 168.700599288000035, 7.473430101000076 ], [ 168.700568522000026, 7.473413502000028 ], [ 168.700534898000114, 7.473397973000033 ], [ 168.700474086000099, 7.47337441600007 ], [ 168.700402184000041, 7.47335210600005 ], [ 168.700330284000074, 7.47333283100005 ], [ 168.70014570100011, 7.473287496000069 ], [ 168.700049119000028, 7.473259652000024 ], [ 168.70000118400003, 7.473243232000073 ], [ 168.699958259000027, 7.47322592200004 ], [ 168.699918909000075, 7.473207537000064 ], [ 168.699883137000029, 7.473187906000021 ], [ 168.699770099000034, 7.473117586000058 ], [ 168.699653841000099, 7.473038519000056 ], [ 168.699532574000045, 7.472949816000039 ], [ 168.699404512000115, 7.472849691000022 ], [ 168.699305067000068, 7.472766698000044 ], [ 168.699204906000091, 7.472676924000041 ], [ 168.699104030000058, 7.472579832000065 ], [ 168.699000649000027, 7.47247470800005 ], [ 168.698896196000078, 7.472362087000022 ], [ 168.698786377000033, 7.472238403000063 ], [ 168.698668688000112, 7.472100617000024 ], [ 168.698531682000066, 7.471934989000033 ], [ 168.698488398000109, 7.47187894700005 ], [ 168.698445831000072, 7.471817550000026 ], [ 168.698403618000043, 7.471750266000072 ], [ 168.698361409000086, 7.471675839000056 ], [ 168.698323489000018, 7.471604627000033 ], [ 168.698283426000103, 7.471523954000077 ], [ 168.698144275000118, 7.471227682000062 ], [ 168.698086325000077, 7.471109886000022 ], [ 168.698022651000088, 7.470992091000028 ], [ 168.697991888000047, 7.470940152000026 ], [ 168.697961123000027, 7.470891965000021 ], [ 168.697922489000121, 7.470836636000058 ], [ 168.697882782000079, 7.470785948000071 ], [ 168.697842718000061, 7.470739544000025 ], [ 168.697801224000045, 7.470697245000053 ], [ 168.69775865400004, 7.470658871000069 ], [ 168.69771429900004, 7.47062442400005 ], [ 168.697668511000074, 7.470593549000057 ], [ 168.697621291000019, 7.470566420000068 ], [ 168.697533294000095, 7.470521800000029 ], [ 168.697462107000092, 7.470489852000071 ], [ 168.697396645000026, 7.470465400000023 ], [ 168.697336190000101, 7.470448447000024 ], [ 168.697313296000061, 7.470444162000035 ], [ 168.697288614000058, 7.470441486000027 ], [ 168.697233883000081, 7.470440950000068 ], [ 168.697181300000011, 7.470444877000034 ], [ 168.697058961000039, 7.470459333000065 ], [ 168.697002441000109, 7.470462545000032 ], [ 168.696954149000021, 7.470460226000057 ], [ 168.696911580000119, 7.470452195000064 ], [ 168.696887970000034, 7.470444697000062 ], [ 168.696864003000087, 7.470434703000024 ], [ 168.696839680000039, 7.470422030000066 ], [ 168.696814282000105, 7.470406683000022 ], [ 168.696760266000069, 7.470367595000027 ], [ 168.696650806000093, 7.470276570000067 ], [ 168.696602870000106, 7.470239984000045 ], [ 168.696576042000061, 7.470222314000068 ], [ 168.696550645000116, 7.470207678000065 ], [ 168.696525963000113, 7.470195721000039 ], [ 168.696501996000052, 7.470186441000067 ], [ 168.696466222000026, 7.470177338000042 ], [ 168.696427232000019, 7.47017216200004 ], [ 168.696385021000083, 7.470171268000058 ], [ 168.696338517000072, 7.470174482000061 ], [ 168.696297023000056, 7.47018001400005 ], [ 168.696250519000046, 7.470188582000048 ], [ 168.696044831000108, 7.470233736000068 ], [ 168.695995110000013, 7.470241412000064 ], [ 168.695951468000089, 7.470245516000034 ], [ 168.695909971000106, 7.470245695000074 ], [ 168.695872412000085, 7.470241946000044 ], [ 168.695838069000047, 7.470234093000045 ], [ 168.695806591000064, 7.470222314000068 ], [ 168.695780122000087, 7.470208036000031 ], [ 168.695754007000119, 7.470190188000061 ], [ 168.695728253000084, 7.470168236000063 ], [ 168.695701781000025, 7.47014217900005 ], [ 168.695677813000088, 7.470115226000075 ], [ 168.695652058000064, 7.470083458000033 ], [ 168.695557264000058, 7.469954598000072 ], [ 168.695515410000098, 7.469902125000033 ], [ 168.695491801000117, 7.46987553200006 ], [ 168.695468907000077, 7.469852329000048 ], [ 168.695446013000037, 7.469831982000073 ], [ 168.695423118000122, 7.469814492000069 ], [ 168.695349072000113, 7.469764339000051 ], [ 168.69527788500011, 7.469721861000039 ], [ 168.69520956100007, 7.469686879000051 ], [ 168.695144100000107, 7.469659393000029 ], [ 168.695085434000021, 7.46963887000004 ], [ 168.695025696000016, 7.46962030800006 ], [ 168.694966314000112, 7.469604244000038 ], [ 168.69490836500006, 7.46959085900005 ], [ 168.694852560000072, 7.469580328000063 ], [ 168.694798903000105, 7.46957283200004 ], [ 168.69474810600002, 7.46956801400006 ], [ 168.694700172000012, 7.469566408000048 ], [ 168.694655457000067, 7.469567477000055 ], [ 168.694613963000052, 7.46957158400005 ], [ 168.6945756880001, 7.469578366000064 ], [ 168.69454027300003, 7.469588181000063 ], [ 168.694508436000092, 7.469600674000048 ], [ 168.694479819000094, 7.469616023000071 ], [ 168.694454421000046, 7.469634230000054 ], [ 168.694432242000062, 7.469655113000044 ], [ 168.694417933000068, 7.469672244000037 ], [ 168.694403984000019, 7.469691877000059 ], [ 168.694376796000029, 7.469740244000036 ], [ 168.694350683000039, 7.469798428000047 ], [ 168.694312408000087, 7.469896236000068 ], [ 168.694300961000067, 7.469928895000066 ], [ 168.694290944000045, 7.469963879000034 ], [ 168.694282359000113, 7.470001359000037 ], [ 168.694275205000054, 7.47004240900003 ], [ 168.694265546000111, 7.470118440000022 ], [ 168.694249807000119, 7.470294242000023 ], [ 168.694238361000089, 7.470374199000048 ], [ 168.694223693000026, 7.470439701000032 ], [ 168.694204375000027, 7.470497350000073 ], [ 168.694192573000123, 7.47052412000005 ], [ 168.694178620000116, 7.470551607000061 ], [ 168.694141776000038, 7.47060996700003 ], [ 168.69410171200002, 7.470664405000036 ], [ 168.694002982000029, 7.470789339000021 ], [ 168.693959339000116, 7.470851807000031 ], [ 168.693941096000117, 7.470882861000064 ], [ 168.693926074000046, 7.470912489000057 ], [ 168.693914268000071, 7.470941224000057 ], [ 168.693905326000049, 7.470969423000042 ], [ 168.693899959000078, 7.470994411000049 ], [ 168.693896381000059, 7.471020112000076 ], [ 168.693894593000095, 7.471046527000055 ], [ 168.693894952000051, 7.471073832000059 ], [ 168.693901033000088, 7.471130947000063 ], [ 168.693914983000013, 7.471192878000068 ], [ 168.693933227000116, 7.471250171000065 ], [ 168.693957553000018, 7.471314599000038 ], [ 168.693985810000072, 7.471379388000059 ], [ 168.694065582000121, 7.471555367000065 ], [ 168.694087761000105, 7.471608552000021 ], [ 168.694105647000015, 7.471656385000074 ], [ 168.694123174000083, 7.471710285000029 ], [ 168.69413605200009, 7.471760794000033 ], [ 168.694144639000115, 7.471808448000047 ], [ 168.694148930000097, 7.471854139000072 ], [ 168.694152865000092, 7.471949446000053 ], [ 168.694153580000034, 7.472018338000055 ], [ 168.694150719000049, 7.472079913000073 ], [ 168.694144279000056, 7.472135241000046 ], [ 168.69413605200009, 7.472173080000061 ], [ 168.694122816000117, 7.472213772000032 ], [ 168.694103858000062, 7.472261247000063 ], [ 168.694057354000051, 7.472361552000052 ], [ 168.694038753000086, 7.472405459000072 ], [ 168.694022657000119, 7.472452218000058 ], [ 168.694012998000062, 7.472494876000042 ], [ 168.694006203000072, 7.47254859700007 ], [ 168.694003698000074, 7.472605175000069 ], [ 168.694004770000106, 7.472665142000039 ], [ 168.694010137000078, 7.472728682000024 ], [ 168.6940190790001, 7.472795254000062 ], [ 168.694031958000096, 7.47286735800003 ], [ 168.694049129000064, 7.472946425000032 ], [ 168.69407238000008, 7.473042267000039 ], [ 168.694099565000101, 7.473145784000053 ], [ 168.694123890000014, 7.47322288600003 ], [ 168.694149646000028, 7.473290353000039 ], [ 168.69417790500006, 7.473349428000063 ], [ 168.694221546000108, 7.473423496000066 ], [ 168.694270911000103, 7.473493104000056 ], [ 168.694297384000038, 7.473525407000068 ], [ 168.694324211000094, 7.473555926000074 ], [ 168.694351757000049, 7.473584126000048 ], [ 168.694380018000061, 7.47361018600003 ], [ 168.694421510000097, 7.473644275000026 ], [ 168.694466584000111, 7.473676400000045 ], [ 168.694514875000095, 7.473706028000038 ], [ 168.694565314000101, 7.473733155000048 ], [ 168.694617183000105, 7.473757073000058 ], [ 168.694670481000117, 7.473777777000066 ], [ 168.694723782000096, 7.473794731000055 ], [ 168.694777082000087, 7.473807760000057 ], [ 168.694803196000066, 7.473811866000062 ], [ 168.694833244000051, 7.473813827000072 ], [ 168.694932689000098, 7.473812044000056 ], [ 168.694967745000099, 7.473812758000065 ], [ 168.695000297000092, 7.473816684000042 ], [ 168.695028916000069, 7.473823823000032 ], [ 168.695061467000073, 7.473838281000042 ], [ 168.69509580700003, 7.473860054000056 ], [ 168.695128718000092, 7.473886289000063 ], [ 168.695216, 7.47396285700006 ], [ 168.695243545000039, 7.473983025000052 ], [ 168.695268944000077, 7.473998552000069 ], [ 168.695320096000046, 7.474022292000029 ], [ 168.695375542000079, 7.474041923000073 ], [ 168.695436354000094, 7.474057627000036 ], [ 168.695503248000023, 7.474069945000053 ], [ 168.69556155500004, 7.474077083000054 ], [ 168.695627018000096, 7.474082616000032 ], [ 168.695864900000061, 7.474093682000046 ], [ 168.695958623000024, 7.474100821000036 ], [ 168.696051986000043, 7.47410831600007 ], [ 168.696148927000081, 7.474113135000039 ], [ 168.696250876000022, 7.474114921000023 ], [ 168.696358550000014, 7.474113849000048 ], [ 168.696471589000112, 7.474110102000054 ], [ 168.696596790000058, 7.474103498000034 ], [ 168.697096163000083, 7.474066910000033 ], [ 168.697311507000109, 7.474055131000057 ], [ 168.697428839000054, 7.474052096000037 ], [ 168.697537944000032, 7.474052096000037 ], [ 168.697641323000084, 7.474055131000057 ], [ 168.697740054000064, 7.474061377000055 ], [ 168.69783484900006, 7.474071016000039 ], [ 168.69793358000004, 7.47408475800006 ], [ 168.698037316000068, 7.474102783000035 ], [ 168.698147851000044, 7.474125629000071 ], [ 168.698244793000072, 7.474147938000044 ], [ 168.698352465000085, 7.474174711000046 ], [ 168.698709827000016, 7.474269660000061 ], [ 168.698843252000074, 7.474303750000047 ], [ 168.698975251000093, 7.474334628000065 ], [ 168.699094372000104, 7.474359256000071 ], [ 168.699219929000037, 7.474380674000031 ], [ 168.699337977000027, 7.474395487000038 ], [ 168.699451016000012, 7.474404235000065 ], [ 168.699559761000046, 7.474406732000034 ], [ 168.699826977000043, 7.474411016000033 ], [ 168.699893869000107, 7.47441012400003 ], [ 168.699952891000066, 7.474407446000043 ], [ 168.70001620700009, 7.474401378000039 ], [ 168.700074517000076, 7.474392275000071 ], [ 168.700128531000018, 7.474379961000068 ], [ 168.700178970000024, 7.474364432000073 ], [ 168.700268040000083, 7.474329271000045 ], [ 168.700310253000112, 7.474309818000052 ], [ 168.700350674000106, 7.474289293000027 ], [ 168.700388592000081, 7.474267698000062 ], [ 168.700424721000104, 7.474245210000049 ], [ 168.700458347000108, 7.474221829000044 ], [ 168.700489468000114, 7.474197734000029 ], [ 168.700512364000019, 7.474176672000056 ], [ 168.70053525700007, 7.474150259000055 ], [ 168.700604295000062, 7.474054060000071 ], [ 168.700630766000018, 7.474020863000021 ], [ 168.700659383000016, 7.473992306000071 ], [ 168.700689075000014, 7.473971782000035 ], [ 168.700705172000085, 7.473964107000029 ], [ 168.700724845000082, 7.473957325000072 ], [ 168.700814992000119, 7.473934836000069 ], [ 168.700833235000118, 7.473926983000069 ], [ 168.700846470000101, 7.473917881000034 ], [ 168.700854698000057, 7.473908422000022 ], [ 168.700861136000071, 7.473897356000066 ], [ 168.700865070000077, 7.473884504000068 ], [ 168.700867218000099, 7.473870048000038 ], [ 168.700867576000064, 7.473853808000058 ] ] ] ] } },
{ "type": "Feature", "properties": { "ADM0_EN": "Republic of the Marshall Islands", "ADM0_PCODE": "MH", "ADM1_EN": "Ailinglaplap", "ADM1_PCODE": "MH01", "ADM2_EN": "Mejil", "ADM2_PCODE": "MH0103", "Shape_Leng": 0.03113216784, "Shape_Area": 3.956369e-05, "ADM0_EN_2": "Republic of the Marshall Islands", "ADM0_PCODE_2": "MH", "ADM1_EN_2": "Ailinglaplap", "ADM1_PCODE_2": "MH01", "ADM2_EN_2": "Mejil", "ADM2_PCODE_2": "MH0103", "Shape_Leng_2": 0.03113216784, "Shape_Area_2": 3.956369e-05, "xcoord": 168.94081301848104, "ycoord": 7.5272908165000558 }, "geometry": { "type": "MultiPolygon", "coordinates": [ [ [ [ 168.944239278000055, 7.532829526000057 ], [ 168.944222825000111, 7.532362986000066 ], [ 168.944074372000046, 7.532013346000042 ], [ 168.944090825000103, 7.531746700000042 ], [ 168.943909108000071, 7.531097041000066 ], [ 168.943678020000107, 7.530597302000047 ], [ 168.943529211000055, 7.530164315000036 ], [ 168.943067040000074, 7.528698474000066 ], [ 168.942720055000109, 7.527415751000035 ], [ 168.942456059000051, 7.526849440000035 ], [ 168.941927353000096, 7.524917238000057 ], [ 168.941745991000062, 7.52401770900002 ], [ 168.941630090000103, 7.523168153000029 ], [ 168.941382551000061, 7.521968958000059 ], [ 168.94113500900005, 7.521585765000054 ], [ 168.941035921000093, 7.521202752000022 ], [ 168.940903567000078, 7.520886133000033 ], [ 168.940755114000012, 7.520669639000062 ], [ 168.940556939000089, 7.52063626100005 ], [ 168.940309040000102, 7.520736211000042 ], [ 168.940160588000026, 7.520819559000074 ], [ 168.940045045000033, 7.520986080000057 ], [ 168.940011776000119, 7.521852233000061 ], [ 168.939945957000077, 7.522468696000033 ], [ 168.939863326000022, 7.523767839000072 ], [ 168.939863326000022, 7.524201006000055 ], [ 168.939830415000074, 7.524384123000061 ], [ 168.939780692000113, 7.524517446000061 ], [ 168.939549607000117, 7.525217081000051 ], [ 168.939268798000057, 7.526016662000075 ], [ 168.939136802000121, 7.526349701000072 ], [ 168.938987990000101, 7.526749494000057 ], [ 168.938955081000017, 7.527165882000077 ], [ 168.938987990000101, 7.527615645000026 ], [ 168.939054169000087, 7.528448605000051 ], [ 168.938987990000101, 7.529114862000029 ], [ 168.938955081000017, 7.529548030000058 ], [ 168.938971536000054, 7.530064367000023 ], [ 168.93888890300002, 7.53033083400004 ], [ 168.938773361000017, 7.530480756000031 ], [ 168.938723996000022, 7.530597302000047 ], [ 168.938789816000053, 7.530664053000066 ], [ 168.938905359000046, 7.530763999000044 ], [ 168.938955081000017, 7.531130416000053 ], [ 168.938971536000054, 7.531463634000033 ], [ 168.939087079000046, 7.531630155000073 ], [ 168.939533151000091, 7.531979971000055 ], [ 168.940077956000096, 7.532246439000062 ], [ 168.94095328800006, 7.532679604000066 ], [ 168.941745991000062, 7.533095995000053 ], [ 168.942323704000046, 7.533429215000069 ], [ 168.942588058000069, 7.533545760000038 ], [ 168.942736510000032, 7.533779030000062 ], [ 168.943000862000076, 7.533912174000022 ], [ 168.943231949000051, 7.53406209700006 ], [ 168.943430124000088, 7.53406209700006 ], [ 168.943694477000122, 7.533845603000032 ], [ 168.943942016000051, 7.533479187000069 ], [ 168.944057918000112, 7.533262514000057 ], [ 168.944173460000115, 7.533079396000062 ], [ 168.944239278000055, 7.532829526000057 ] ] ] ] } },
{ "type": "Feature", "properties": { "ADM0_EN": "Republic of the Marshall Islands", "ADM0_PCODE": "MH", "ADM1_EN": "Ailinglaplap", "ADM1_PCODE": "MH01", "ADM2_EN": "Olar", "ADM2_PCODE": "MH0116", "Shape_Leng": 0.02171772696, "Shape_Area": 1.483209e-05, "ADM0_EN_2": "Republic of the Marshall Islands", "ADM0_PCODE_2": "MH", "ADM1_EN_2": "Ailinglaplap", "ADM1_PCODE_2": "MH01", "ADM2_EN_2": "Olar", "ADM2_PCODE_2": "MH0116", "Shape_Leng_2": 0.02171772696, "Shape_Area_2": 1.483209e-05, "xcoord": 168.71995127318559, "ycoord": 7.4753590845000701 }, "geometry": { "type": "MultiPolygon", "coordinates": [ [ [ [ 168.723461807000035, 7.477394983000067 ], [ 168.723461807000035, 7.47734126000006 ], [ 168.72346144800008, 7.477286468000045 ], [ 168.723459659000014, 7.477255593000052 ], [ 168.723455369000021, 7.477227393000021 ], [ 168.723447855000018, 7.477202940000041 ], [ 168.723430329000053, 7.477160283000046 ], [ 168.723422100000107, 7.477148146000047 ], [ 168.723413158000085, 7.477139937000061 ], [ 168.723402784000086, 7.477134762000048 ], [ 168.723389189000045, 7.477131549000035 ], [ 168.723349483000106, 7.477129765000029 ], [ 168.7233366050001, 7.477131193000048 ], [ 168.723322296000106, 7.477134940000042 ], [ 168.723266493000096, 7.47715921300005 ], [ 168.72324216700008, 7.477165996000053 ], [ 168.723219632000109, 7.477167601000076 ], [ 168.723195664000059, 7.477166708000027 ], [ 168.723170266000011, 7.477163141000062 ], [ 168.723143080000114, 7.477156715000035 ], [ 168.723115177000068, 7.47714779000006 ], [ 168.723084415000017, 7.477136191000056 ], [ 168.723006789000124, 7.477100851000046 ], [ 168.722978171000022, 7.477085680000073 ], [ 168.722949197000048, 7.477067656000031 ], [ 168.722919864000119, 7.477046595000047 ], [ 168.722889817000123, 7.477022321000049 ], [ 168.722827933000076, 7.476965564000068 ], [ 168.722740649000116, 7.476875254000049 ], [ 168.722723837000103, 7.476856336000026 ], [ 168.722706666000022, 7.476833670000076 ], [ 168.722648714000115, 7.476746394000031 ], [ 168.722624032000112, 7.476712840000062 ], [ 168.722595057000035, 7.476682141000026 ], [ 168.72258075000002, 7.476670005000074 ], [ 168.722565725000095, 7.476659831000063 ], [ 168.722545336000053, 7.476649123000072 ], [ 168.722521367000013, 7.476639664000061 ], [ 168.722435873000109, 7.476614678000033 ], [ 168.722404751000113, 7.47660361100003 ], [ 168.722308527000109, 7.476560419000066 ], [ 168.72221408900009, 7.476509910000061 ], [ 168.722122513000045, 7.476453155000058 ], [ 168.722035944000027, 7.476391224000054 ], [ 168.72200267900007, 7.476363737000042 ], [ 168.721969411000032, 7.476333039000053 ], [ 168.721936500000083, 7.476298771000074 ], [ 168.721902875000069, 7.476260220000029 ], [ 168.721840989000043, 7.47618079700004 ], [ 168.721728308000024, 7.476023381000061 ], [ 168.721681448000027, 7.475960556000075 ], [ 168.721630293000089, 7.475898267000048 ], [ 168.721580928000094, 7.475845971000069 ], [ 168.721523693000108, 7.475792786000056 ], [ 168.721461452000085, 7.475740134000034 ], [ 168.721393843000101, 7.475687662000041 ], [ 168.721318722000092, 7.475634297000056 ], [ 168.72124968300011, 7.475587893000068 ], [ 168.721171342000048, 7.475538098000072 ], [ 168.720891251000012, 7.475368187000072 ], [ 168.720781431000091, 7.47529929500007 ], [ 168.720671612000046, 7.475225224000042 ], [ 168.720576460000075, 7.475154547000045 ], [ 168.720417634000114, 7.475027295000075 ], [ 168.720264173000032, 7.474899325000024 ], [ 168.720115720000081, 7.474770283000055 ], [ 168.719973349000043, 7.474640352000051 ], [ 168.719780180000043, 7.474458661000028 ], [ 168.719713288000094, 7.474391555000068 ], [ 168.719654263000052, 7.474328731000071 ], [ 168.719592021000039, 7.474255910000068 ], [ 168.719455374000063, 7.474081181000031 ], [ 168.719392058000039, 7.474004970000067 ], [ 168.719315150000057, 7.473923228000046 ], [ 168.719225721000043, 7.473837558000071 ], [ 168.719127348000029, 7.473750105000022 ], [ 168.718926668000108, 7.473579657000073 ], [ 168.71884331900003, 7.473506661000044 ], [ 168.718757824000022, 7.473428129000069 ], [ 168.718684493000069, 7.473354598000071 ], [ 168.718616882000106, 7.473279458000036 ], [ 168.71849561800002, 7.473132392000025 ], [ 168.71844589400007, 7.473074386000064 ], [ 168.718391880000013, 7.473017094000056 ], [ 168.718340726000065, 7.472968726000033 ], [ 168.718207299000028, 7.47285325200005 ], [ 168.718160437000051, 7.472815949000051 ], [ 168.718116795000014, 7.472784538000042 ], [ 168.718072797000104, 7.472756161000063 ], [ 168.718030586000054, 7.472732780000058 ], [ 168.71798909000006, 7.472713683000052 ], [ 168.717947954000124, 7.472699225000042 ], [ 168.717890719000025, 7.472685303000048 ], [ 168.717825256000083, 7.47267620100007 ], [ 168.717751209000085, 7.472671562000073 ], [ 168.717638885000042, 7.472669062000023 ], [ 168.717450010000107, 7.472666386000071 ], [ 168.717323022000073, 7.472669062000023 ], [ 168.717263998000021, 7.472672811000052 ], [ 168.717208908000089, 7.472677987000054 ], [ 168.71715739800004, 7.472684947000062 ], [ 168.717109107000056, 7.472693694000043 ], [ 168.717061887000114, 7.47270475800002 ], [ 168.717017531000124, 7.472717786000032 ], [ 168.716975679000029, 7.472732780000058 ], [ 168.716937045000122, 7.47274991300003 ], [ 168.716900914000121, 7.472769190000065 ], [ 168.716867290000096, 7.472790428000053 ], [ 168.716836527000055, 7.472813986000062 ], [ 168.716808266000044, 7.472839509000039 ], [ 168.716781793000109, 7.47286771000006 ], [ 168.716754250000122, 7.472900192000054 ], [ 168.716725991000089, 7.472937137000031 ], [ 168.716695943000104, 7.472979794000025 ], [ 168.716682350000042, 7.473002637000036 ], [ 168.716669471000046, 7.473028162000048 ], [ 168.716658024000026, 7.473056894000024 ], [ 168.716647653000109, 7.47308920100005 ], [ 168.716631196000094, 7.473153453000066 ], [ 168.716598644000101, 7.473309619000077 ], [ 168.716588270000102, 7.47334870800006 ], [ 168.716577181000048, 7.47338154800002 ], [ 168.716562514000088, 7.473414566000031 ], [ 168.71654534400011, 7.473441693000041 ], [ 168.7165260270001, 7.473463468000034 ], [ 168.716504206000081, 7.473479887000053 ], [ 168.716484533000084, 7.473489703000041 ], [ 168.716461996000021, 7.473496665000027 ], [ 168.716436598000087, 7.473500949000027 ], [ 168.716407623000123, 7.473502732000043 ], [ 168.716348242000095, 7.473500057000024 ], [ 168.716224112000077, 7.473485064000045 ], [ 168.716172245000052, 7.473480781000035 ], [ 168.716120377000038, 7.473480960000074 ], [ 168.716076018000081, 7.473486849000039 ], [ 168.716027011000051, 7.473499342000025 ], [ 168.715945810000107, 7.473523972000066 ], [ 168.715891438000085, 7.47353914200005 ], [ 168.715828119000093, 7.473554492000062 ], [ 168.715593101000081, 7.473603752000031 ], [ 168.71549794800012, 7.473625706000064 ], [ 168.715404583000122, 7.473652298000047 ], [ 168.715325172000121, 7.473681212000031 ], [ 168.715281885000081, 7.473700844000064 ], [ 168.715242537000108, 7.473721726000065 ], [ 168.715206408000086, 7.473744392000071 ], [ 168.715174214000058, 7.473768665000023 ], [ 168.715145237000115, 7.473794902000066 ], [ 168.715119482000091, 7.473822921000021 ], [ 168.715096948000109, 7.473852907000037 ], [ 168.715077274000123, 7.473884856000041 ], [ 168.715040786000031, 7.473944109000058 ], [ 168.715027549000069, 7.473969452000063 ], [ 168.715022899000019, 7.47398230500005 ], [ 168.715020754000079, 7.47399372600006 ], [ 168.715020754000079, 7.474003900000071 ], [ 168.715022899000019, 7.47401300100006 ], [ 168.715031128000078, 7.47402674500006 ], [ 168.715045437000072, 7.474041023000041 ], [ 168.71506618300009, 7.474055838000027 ], [ 168.715098378000107, 7.474075291000077 ], [ 168.715112686000111, 7.474082250000038 ], [ 168.715129143000013, 7.474088319000032 ], [ 168.715208196000049, 7.474105812000062 ], [ 168.715226083000061, 7.474111522000044 ], [ 168.715241465000076, 7.474118305000047 ], [ 168.715283319000036, 7.474144718000048 ], [ 168.715327672000058, 7.474180415000035 ], [ 168.71534341500012, 7.474196298000038 ], [ 168.715357366000035, 7.474214682000024 ], [ 168.715369885000086, 7.474236099000052 ], [ 168.715381689000083, 7.474260730000026 ], [ 168.715398859000061, 7.474309454000036 ], [ 168.715432128000089, 7.474425465000024 ], [ 168.715451444000109, 7.474475082000026 ], [ 168.715462178000053, 7.474494893000042 ], [ 168.715473625000072, 7.474512206000043 ], [ 168.715486144000124, 7.474527196000054 ], [ 168.715499736000083, 7.474540227000034 ], [ 168.715538013000014, 7.474567713000056 ], [ 168.715584873000012, 7.474593235000043 ], [ 168.715639961000079, 7.474616970000056 ], [ 168.715707212000098, 7.474640352000051 ], [ 168.715752286000111, 7.474650527000051 ], [ 168.715859241000089, 7.474664090000033 ], [ 168.715884999000082, 7.474669981000034 ], [ 168.715907176000087, 7.474677476000068 ], [ 168.71592828100006, 7.474687292000056 ], [ 168.715950818000124, 7.474700323000036 ], [ 168.716024149000077, 7.474750294000046 ], [ 168.716052052000123, 7.474767786000029 ], [ 168.716136830000096, 7.474812048000047 ], [ 168.716225902000019, 7.474852565000049 ], [ 168.716319982000073, 7.47488915100007 ], [ 168.716418712000063, 7.474921813000037 ], [ 168.716521735000015, 7.474950549000027 ], [ 168.716629051000041, 7.474975177000033 ], [ 168.716740300000083, 7.474995880000051 ], [ 168.716855126000041, 7.475012302000039 ], [ 168.716929532000108, 7.475020154000049 ], [ 168.717007871000078, 7.475025687000027 ], [ 168.71708943200008, 7.475029078000034 ], [ 168.717174925000108, 7.475030328000059 ], [ 168.7172371690001, 7.475028542000075 ], [ 168.71730513600005, 7.475023366000073 ], [ 168.717381329000091, 7.475014442000031 ], [ 168.717608479000091, 7.474983745000031 ], [ 168.717680739000116, 7.474977140000021 ], [ 168.717745485000023, 7.474974107000037 ], [ 168.717899304000071, 7.474973928000054 ], [ 168.717964767000012, 7.474976249000065 ], [ 168.718025577000049, 7.474980175000042 ], [ 168.718135398000072, 7.474990527000045 ], [ 168.718227687000081, 7.475002841000048 ], [ 168.71831067800008, 7.475018369000054 ], [ 168.718386156000065, 7.475037287000021 ], [ 168.718450546000099, 7.475057990000039 ], [ 168.718519228000105, 7.475084226000035 ], [ 168.718594348000124, 7.475116532000072 ], [ 168.718685565000101, 7.475159546000043 ], [ 168.718795743000101, 7.475214338000058 ], [ 168.718879090000087, 7.475259849000054 ], [ 168.718951350000111, 7.475304648000076 ], [ 168.719014309000045, 7.475349982000068 ], [ 168.719106956000019, 7.475423336000063 ], [ 168.719171346000053, 7.475477772000033 ], [ 168.719226076000041, 7.475529708000067 ], [ 168.719271863000017, 7.475579147000076 ], [ 168.719310140000061, 7.475629120000065 ], [ 168.719340188000047, 7.475678381000023 ], [ 168.719351993000032, 7.475702833000071 ], [ 168.719361651000099, 7.475727285000062 ], [ 168.719369162000021, 7.47575155800007 ], [ 168.719374887000072, 7.475775830000032 ], [ 168.719378107000011, 7.475800461000063 ], [ 168.719379179000043, 7.475828481000065 ], [ 168.719371308000063, 7.475948239000047 ], [ 168.719371308000063, 7.475975903000062 ], [ 168.719373098000119, 7.476000355000053 ], [ 168.719379538000112, 7.476050509000061 ], [ 168.719386334000092, 7.476089950000073 ], [ 168.719394561000058, 7.476124754000068 ], [ 168.719404935000057, 7.476155810000023 ], [ 168.71942604000003, 7.476208104000023 ], [ 168.719446431000051, 7.476247903000058 ], [ 168.719468608000057, 7.476279853000051 ], [ 168.719492219000017, 7.476304124000023 ], [ 168.719505455000103, 7.476313228000038 ], [ 168.719521194000095, 7.476321617000053 ], [ 168.719587371000102, 7.476346246000048 ], [ 168.719613484000092, 7.476359096000067 ], [ 168.719641744000114, 7.476378730000022 ], [ 168.71967143300003, 7.476403359000074 ], [ 168.719758719000083, 7.476489386000026 ], [ 168.719801285000017, 7.476535076000062 ], [ 168.719841709000093, 7.476586121000025 ], [ 168.7198806990001, 7.476643413000033 ], [ 168.719918974000052, 7.476707842000053 ], [ 168.719949381000106, 7.47676584800007 ], [ 168.719981219000033, 7.476832063000074 ], [ 168.720078874000023, 7.477051235000033 ], [ 168.720114288000104, 7.477127980000034 ], [ 168.720150417000013, 7.477199014000064 ], [ 168.720185474000118, 7.477261125000041 ], [ 168.720221960000117, 7.477317346000063 ], [ 168.720259163000037, 7.477367855000068 ], [ 168.720298514000092, 7.477413187000025 ], [ 168.720340008000107, 7.477453523000065 ], [ 168.720391162000055, 7.477497965000055 ], [ 168.720445893000033, 7.477541871000028 ], [ 168.72050420100004, 7.477585418000047 ], [ 168.720565370000031, 7.477627896000058 ], [ 168.720623320000072, 7.477665199000057 ], [ 168.720684490000053, 7.477701431000071 ], [ 168.720749236000074, 7.477736413000059 ], [ 168.720817560000114, 7.477770501000066 ], [ 168.720889462000059, 7.477803519000076 ], [ 168.7209656550001, 7.47783600200006 ], [ 168.721047216000102, 7.477868129000058 ], [ 168.721134856000049, 7.477900433000059 ], [ 168.721293324000044, 7.477953798000044 ], [ 168.721365226000103, 7.477975394000055 ], [ 168.721433551000018, 7.477993778000041 ], [ 168.721499727000037, 7.478009661000044 ], [ 168.721563758000116, 7.478022692000025 ], [ 168.721625286000062, 7.47803304200005 ], [ 168.721685383000022, 7.478040895000049 ], [ 168.721726520000061, 7.478043929000023 ], [ 168.721769803000029, 7.478044642000043 ], [ 168.721815951000053, 7.478042859000027 ], [ 168.721865315000059, 7.478038573000049 ], [ 168.721956176000049, 7.478026259000046 ], [ 168.722166870000024, 7.477990208000051 ], [ 168.722267031000115, 7.477978428000029 ], [ 168.722312103000036, 7.477975751000031 ], [ 168.722354313000096, 7.477975572000048 ], [ 168.722394737000059, 7.477977536000026 ], [ 168.72243337000009, 7.477981639000063 ], [ 168.722464492000086, 7.47798735300006 ], [ 168.722498833000031, 7.477995918000033 ], [ 168.72261509000009, 7.478033399000026 ], [ 168.722660518000112, 7.478046071000051 ], [ 168.722706666000022, 7.478054460000067 ], [ 168.722748519000106, 7.478056780000031 ], [ 168.722800744000097, 7.478055174000076 ], [ 168.722834012000021, 7.478049820000024 ], [ 168.722849394000036, 7.478044286000056 ], [ 168.722864062000099, 7.478035899000076 ], [ 168.722878371000093, 7.478024832000074 ], [ 168.722892320000028, 7.47801073100004 ], [ 168.722916289000068, 7.477979856000047 ], [ 168.722972807000019, 7.477894365000054 ], [ 168.722990335000077, 7.477873126000077 ], [ 168.723007865000113, 7.477856348000046 ], [ 168.72304113000007, 7.477832255000067 ], [ 168.723081553000043, 7.477809587000024 ], [ 168.723122332000116, 7.477791027000023 ], [ 168.723218917000054, 7.477750868000044 ], [ 168.723263272000054, 7.477729452000062 ], [ 168.723300118000111, 7.477707141000053 ], [ 168.723330881000038, 7.477683046000038 ], [ 168.723380962000078, 7.477636106000034 ], [ 168.723396702000059, 7.477618259000053 ], [ 168.723409221000111, 7.477600946000052 ], [ 168.723419595000109, 7.477582385000062 ], [ 168.723429254000052, 7.477561146000028 ], [ 168.723447140000076, 7.477508675000024 ], [ 168.72345465300009, 7.477474941000025 ], [ 168.723459659000014, 7.477437284000075 ], [ 168.723461807000035, 7.477394983000067 ] ] ] ] } },
{ "type": "Feature", "properties": { "ADM0_EN": "Republic of the Marshall Islands", "ADM0_PCODE": "MH", "ADM1_EN": "Ailinglaplap", "ADM1_PCODE": "MH01", "ADM2_EN": "Tobomaro", "ADM2_PCODE": "MH0101", "Shape_Leng": 0.01102606973, "Shape_Area": 6.0866e-06, "ADM0_EN_2": "Republic of the Marshall Islands", "ADM0_PCODE_2": "MH", "ADM1_EN_2": "Ailinglaplap", "ADM1_PCODE_2": "MH01", "ADM2_EN_2": "Tobomaro", "ADM2_PCODE_2": "MH0101", "Shape_Leng_2": 0.01102606973, "Shape_Area_2": 6.0866e-06, "xcoord": 168.87804731470629, "ycoord": 7.3632724580000399 }, "geometry": { "type": "MultiPolygon", "coordinates": [ [ [ [ 168.879036234000068, 7.362890693000054 ], [ 168.879027289000078, 7.362571217000038 ], [ 168.878948593000018, 7.362199806000035 ], [ 168.878700335000076, 7.361701137000068 ], [ 168.878376245000027, 7.361425389000033 ], [ 168.878130850000048, 7.361263152000049 ], [ 168.877891536000106, 7.361136789000057 ], [ 168.877662956000108, 7.361112874000071 ], [ 168.877423643000043, 7.361127688000067 ], [ 168.877177176000032, 7.361223351000035 ], [ 168.877176103000124, 7.361297063000052 ], [ 168.877323125000089, 7.361658302000023 ], [ 168.877354963000016, 7.362109138000051 ], [ 168.877241566000066, 7.362815911000041 ], [ 168.877155355000014, 7.363044006000052 ], [ 168.877095617000123, 7.363500910000027 ], [ 168.877104559000031, 7.363985656000068 ], [ 168.877153210000074, 7.36438580600003 ], [ 168.877231550000033, 7.364729196000042 ], [ 168.877300231000049, 7.365637113000048 ], [ 168.877391805000116, 7.365699760000041 ], [ 168.877499837000073, 7.365700830000037 ], [ 168.877603218000104, 7.365661924000051 ], [ 168.877919440000028, 7.365447034000056 ], [ 168.878028543000028, 7.365230008000026 ], [ 168.878215272000034, 7.364591768000025 ], [ 168.878389480000124, 7.364256408000074 ], [ 168.87858407900012, 7.364087210000037 ], [ 168.878802643000085, 7.363773625000022 ], [ 168.878924981000068, 7.363523755000074 ], [ 168.879036234000068, 7.362890693000054 ] ] ] ] } },
{ "type": "Feature", "properties": { "ADM0_EN": "Republic of the Marshall Islands", "ADM0_PCODE": "MH", "ADM1_EN": "Ailinglaplap", "ADM1_PCODE": "MH01", "ADM2_EN": "Woja", "ADM2_PCODE": "MH0110", "Shape_Leng": 0.18039926511000001, "Shape_Area": 0.00018676919, "ADM0_EN_2": "Republic of the Marshall Islands", "ADM0_PCODE_2": "MH", "ADM1_EN_2": "Ailinglaplap", "ADM1_PCODE_2": "MH01", "ADM2_EN_2": "Woja", "ADM2_PCODE_2": "MH0110", "Shape_Leng_2": 0.18039926511000001, "Shape_Area_2": 0.00018676919, "xcoord": 168.55296665769879, "ycoord": 7.4165195930000323 }, "geometry": { "type": "MultiPolygon", "coordinates": [ [ [ [ 168.569341627000085, 7.376119567000046 ], [ 168.569173143000057, 7.376197918000059 ], [ 168.568874807000043, 7.376485624000054 ], [ 168.568330362000097, 7.376930035000044 ], [ 168.567850663000058, 7.377335358000039 ], [ 168.567630310000027, 7.377701418000072 ], [ 168.567487579000044, 7.377792976000023 ], [ 168.567111619000116, 7.378080504000025 ], [ 168.566774291000115, 7.378302889000054 ], [ 168.56637257400007, 7.378616652000062 ], [ 168.566100350000056, 7.379021976000047 ], [ 168.565931868000121, 7.379296477000025 ], [ 168.565296203000116, 7.379897947000075 ], [ 168.56467413200005, 7.380551532000027 ], [ 168.564298172000122, 7.380969886000059 ], [ 168.564038827000104, 7.381322917000034 ], [ 168.563533014000086, 7.381976682000072 ], [ 168.563338415000089, 7.38206824100007 ], [ 168.563234679000061, 7.382251179000036 ], [ 168.562897709000026, 7.382787149000023 ], [ 168.562599373000012, 7.382970267000076 ], [ 168.56213290900007, 7.383310268000059 ], [ 168.561600985000041, 7.383728621000046 ], [ 168.561393865000014, 7.384029178000048 ], [ 168.561173154000016, 7.384552297000027 ], [ 168.560810072000095, 7.385506620000058 ], [ 168.560434112000053, 7.38627800200004 ], [ 168.559746937000114, 7.387663884000062 ], [ 168.559189613000058, 7.389036737000026 ], [ 168.558268849000115, 7.391089414000021 ], [ 168.557543040000041, 7.392710531000034 ], [ 168.557374198000048, 7.393207412000038 ], [ 168.557089097000016, 7.394004853000069 ], [ 168.556959604000099, 7.394527794000055 ], [ 168.556661268000084, 7.395796059000077 ], [ 168.556414801000074, 7.396659 ], [ 168.556103585000074, 7.398201764000021 ], [ 168.555818484000042, 7.399626912000031 ], [ 168.555779493000045, 7.400123794000024 ], [ 168.555714748000014, 7.400764351000021 ], [ 168.555507270000021, 7.401771147000034 ], [ 168.555403533000117, 7.402555558000074 ], [ 168.555247926000106, 7.403091707000044 ], [ 168.555144188000099, 7.40344473600004 ], [ 168.555092319000096, 7.403876118000028 ], [ 168.555157066000106, 7.404189881000036 ], [ 168.555157066000106, 7.404490617000022 ], [ 168.555027572000085, 7.404882911000072 ], [ 168.554871965000075, 7.405275207000045 ], [ 168.55475535000005, 7.405654293000055 ], [ 168.554703481000047, 7.406098885000063 ], [ 168.554793982000092, 7.406360354000071 ], [ 168.554768227000068, 7.406621823000023 ], [ 168.554690604000029, 7.407131735000064 ], [ 168.554677367000068, 7.407524031000037 ], [ 168.554729236000071, 7.407864031000031 ], [ 168.554871965000075, 7.408243119000076 ], [ 168.554923834000078, 7.408504589000074 ], [ 168.554962825000075, 7.408713764000026 ], [ 168.554820096000071, 7.40890991200007 ], [ 168.554586865000033, 7.408962205000023 ], [ 168.554327520000015, 7.409132296000053 ], [ 168.554288529000019, 7.409563677000051 ], [ 168.554042062000121, 7.410269738000068 ], [ 168.553744083000083, 7.411328826000045 ], [ 168.553354887000069, 7.412335620000022 ], [ 168.552939934000051, 7.413786826000035 ], [ 168.552512104000016, 7.415146651000043 ], [ 168.552317865000077, 7.41615344500002 ], [ 168.551617454000052, 7.419016947000046 ], [ 168.551176746000124, 7.420912741000052 ], [ 168.550813664000088, 7.422547243000054 ], [ 168.550437703000057, 7.424129272000073 ], [ 168.549919012000032, 7.426038274000064 ], [ 168.549439312000118, 7.427581216000021 ], [ 168.549140979000072, 7.428391863000058 ], [ 168.54870027100003, 7.429738660000055 ], [ 168.548440927000115, 7.430601602000024 ], [ 168.548116834000098, 7.431373161000067 ], [ 168.547650012000076, 7.432366748000049 ], [ 168.547416781000038, 7.433072808000077 ], [ 168.547118445000024, 7.434001251000041 ], [ 168.546833344000106, 7.434615751000024 ], [ 168.546664501000123, 7.435164928000063 ], [ 168.546509253000067, 7.436080341000036 ], [ 168.546275663000074, 7.437950079000075 ], [ 168.546392279000088, 7.43911375600004 ], [ 168.546560762000013, 7.440879081000048 ], [ 168.546690613000123, 7.44263120100004 ], [ 168.546651623000116, 7.443402761000073 ], [ 168.546547887000088, 7.443742583000073 ], [ 168.546444149000081, 7.444265702000052 ], [ 168.546457384000064, 7.444762586000024 ], [ 168.546612634000098, 7.445717087000048 ], [ 168.546910969000123, 7.446841677000066 ], [ 168.547351675000073, 7.448136177000038 ], [ 168.547572388000049, 7.448829209000053 ], [ 168.547935470000084, 7.449365356000044 ], [ 168.548415170000112, 7.450084446000062 ], [ 168.549063354000054, 7.45081674000005 ], [ 168.550061741000036, 7.45184977100007 ], [ 168.550891646000082, 7.452817478000043 ], [ 168.551306239000041, 7.453379685000073 ], [ 168.551604577000035, 7.453915835000032 ], [ 168.552019528000073, 7.454595835000021 ], [ 168.552239883000084, 7.455301895000048 ], [ 168.552395489000105, 7.455694187000063 ], [ 168.552667713000119, 7.455955660000029 ], [ 168.553471503000083, 7.456125747000044 ], [ 168.554106809000018, 7.456347953000034 ], [ 168.554768227000068, 7.456622631000073 ], [ 168.555196058000092, 7.456661896000071 ], [ 168.555844240000056, 7.456700983000076 ], [ 168.55695924500003, 7.456805572000064 ], [ 168.557581674000062, 7.456661896000071 ], [ 168.55777627000009, 7.456334924000032 ], [ 168.557750159000079, 7.455994924000038 ], [ 168.557646420000083, 7.455576572000041 ], [ 168.557477934000076, 7.455197306000059 ], [ 168.55717995800012, 7.454922628000077 ], [ 168.556777883000109, 7.454556571000069 ], [ 168.556375809000087, 7.454386480000039 ], [ 168.556051717000059, 7.45422959800004 ], [ 168.555779493000045, 7.453889596000067 ], [ 168.555623886000035, 7.453497303000063 ], [ 168.555377777000103, 7.452987392000068 ], [ 168.555027572000085, 7.45243821300005 ], [ 168.554638733000047, 7.45184977100007 ], [ 168.554418023000039, 7.451718948000064 ], [ 168.554120044000115, 7.451522799000031 ], [ 168.553808830000094, 7.450960594000037 ], [ 168.553484738000066, 7.450594534000061 ], [ 168.552991803000054, 7.450084446000062 ], [ 168.552382612000088, 7.448816179000062 ], [ 168.55218801400008, 7.447953060000032 ], [ 168.55194154600008, 7.447207735000063 ], [ 168.551669324000045, 7.446632500000021 ], [ 168.551448969000035, 7.446096351000051 ], [ 168.551215739000099, 7.444775616000072 ], [ 168.551124879000099, 7.444317998000031 ], [ 168.550865533000092, 7.442500375000066 ], [ 168.550670935000085, 7.440539081000054 ], [ 168.550502450000067, 7.438473198000054 ], [ 168.550450581000064, 7.437165488000062 ], [ 168.550411590000067, 7.436564019000059 ], [ 168.550411590000067, 7.435596488000044 ], [ 168.550450581000064, 7.434563457000024 ], [ 168.550580432000061, 7.434040516000039 ], [ 168.550761795000085, 7.43319060400006 ], [ 168.550917401000106, 7.43198766200004 ], [ 168.551008263000085, 7.43150380700007 ], [ 168.550995384000089, 7.431098483000028 ], [ 168.551176746000124, 7.430379396000035 ], [ 168.551475083000014, 7.429307100000074 ], [ 168.551591698000038, 7.428928012000029 ], [ 168.551695435000056, 7.428287276000049 ], [ 168.551656445000049, 7.42748965800007 ], [ 168.551734428000032, 7.426548187000037 ], [ 168.551954781000063, 7.425554598000076 ], [ 168.552382612000088, 7.424168537000071 ], [ 168.552654834000123, 7.423527801000034 ], [ 168.55278432800003, 7.422939539000026 ], [ 168.552939934000051, 7.421684301000028 ], [ 168.552953171000013, 7.421187418000045 ], [ 168.553030794000051, 7.419879888000025 ], [ 168.553264384000045, 7.418572358000063 ], [ 168.553601356000058, 7.416885741000044 ], [ 168.553834584000015, 7.416061885000033 ], [ 168.553990191000025, 7.415316739000048 ], [ 168.554145799000025, 7.414009209000028 ], [ 168.554327520000015, 7.413198562000048 ], [ 168.554431259000012, 7.412008649000029 ], [ 168.554638733000047, 7.410844971000074 ], [ 168.555118432000086, 7.409132296000053 ], [ 168.5553259080001, 7.408491560000073 ], [ 168.5554815160001, 7.408112472000028 ], [ 168.555857477000018, 7.406791914000053 ], [ 168.555986970000049, 7.40651723600007 ], [ 168.556077830000049, 7.40607264700003 ], [ 168.556220560000042, 7.405484382000054 ], [ 168.556427677000102, 7.405026765000059 ], [ 168.556479546000105, 7.404582176000076 ], [ 168.556609399000081, 7.404150795000021 ], [ 168.556842630000119, 7.40356235400003 ], [ 168.557089097000016, 7.402882529000067 ], [ 168.557192834000034, 7.402176470000029 ], [ 168.557283695000024, 7.401627295000026 ], [ 168.557568796000055, 7.401025823000055 ], [ 168.557905764000111, 7.400385264000022 ], [ 168.558061372000111, 7.399757736000026 ], [ 168.558113240000012, 7.398763971000051 ], [ 168.558178346000091, 7.398319559000072 ], [ 168.558294962000105, 7.396815881000066 ], [ 168.558670922000033, 7.394985410000061 ], [ 168.559189613000058, 7.392697502000033 ], [ 168.559746937000114, 7.390670882000052 ], [ 168.559967647000121, 7.389834177000068 ], [ 168.560602953000057, 7.387846824000064 ], [ 168.561095531000092, 7.386578738000026 ], [ 168.56186032800008, 7.385245148000024 ], [ 168.562820086000102, 7.383741649000058 ], [ 168.563247914000044, 7.382944032000069 ], [ 168.563688623000075, 7.38206824100007 ], [ 168.564336805000039, 7.381179061000068 ], [ 168.565296203000116, 7.380290063000075 ], [ 168.566165097000066, 7.379505651000045 ], [ 168.567072627000016, 7.37860362400005 ], [ 168.568083893000107, 7.377557563000039 ], [ 168.568874807000043, 7.376747096000031 ], [ 168.569276880000075, 7.37631553600005 ], [ 168.569341627000085, 7.376119567000046 ] ] ] ] } },
{ "type": "Feature", "properties": { "ADM0_EN": "Republic of the Marshall Islands", "ADM0_PCODE": "MH", "ADM1_EN": "Ailuk", "ADM1_PCODE": "MH02", "ADM2_EN": "Ailuk", "ADM2_PCODE": "MH0211", "Shape_Leng": 0.03485038033, "Shape_Area": 5.754921e-05, "ADM0_EN_2": "Republic of the Marshall Islands", "ADM0_PCODE_2": "MH", "ADM1_EN_2": "Ailuk", "ADM1_PCODE_2": "MH02", "ADM2_EN_2": "Ailuk", "ADM2_PCODE_2": "MH0211", "Shape_Leng_2": 0.03485038033, "Shape_Area_2": 5.754921e-05, "xcoord": 169.9818957061301, "ycoord": 10.219740065000053 }, "geometry": { "type": "MultiPolygon", "coordinates": [ [ [ [ 169.986227791000033, 10.223424923000039 ], [ 169.986181286000033, 10.223321050000038 ], [ 169.985975599000085, 10.223235558000056 ], [ 169.985685849000106, 10.223102769000036 ], [ 169.985672971000099, 10.222920722000026 ], [ 169.985780643000112, 10.222679063000044 ], [ 169.985912283000062, 10.222490948000029 ], [ 169.985997063000013, 10.222406349000039 ], [ 169.986008510000033, 10.222272668000073 ], [ 169.985875796000073, 10.222189318000062 ], [ 169.985787082000115, 10.221936237000023 ], [ 169.985677978000012, 10.221331553000027 ], [ 169.985525233000089, 10.220301378000045 ], [ 169.985416844000042, 10.219427906000021 ], [ 169.985553494000101, 10.218376316000047 ], [ 169.985599282000067, 10.217973490000077 ], [ 169.985978460000069, 10.217639022000071 ], [ 169.985734140000091, 10.21750391300003 ], [ 169.985534534000067, 10.217391294000038 ], [ 169.984956464000106, 10.217299913000033 ], [ 169.984424181000122, 10.216828196000051 ], [ 169.983848970000054, 10.215908676000026 ], [ 169.983205079000072, 10.21557081900005 ], [ 169.982672438000122, 10.215188695000052 ], [ 169.982051442000056, 10.214627026000073 ], [ 169.981429370000114, 10.214423560000057 ], [ 169.98085165800012, 10.214354668000055 ], [ 169.980139443000098, 10.214509052000039 ], [ 169.979693728000029, 10.214821030000053 ], [ 169.979381440000111, 10.215111058000048 ], [ 169.979116371000032, 10.215554220000058 ], [ 169.9788702620001, 10.215972751000038 ], [ 169.97877117400003, 10.216334347000043 ], [ 169.978639533000091, 10.217638130000068 ], [ 169.978393068000059, 10.218264052000052 ], [ 169.978324028000088, 10.218935307000038 ], [ 169.97836695400008, 10.219495193000057 ], [ 169.978304711000078, 10.219984937000049 ], [ 169.978006733000029, 10.220236413000066 ], [ 169.977118163000114, 10.220543216000067 ], [ 169.976205626000024, 10.22078648300004 ], [ 169.976627375000021, 10.220989412000051 ], [ 169.97725015900005, 10.221036173000073 ], [ 169.977968456000099, 10.221052238000027 ], [ 169.978596967000044, 10.221211439000058 ], [ 169.97915643500005, 10.221338693000064 ], [ 169.979736296000056, 10.221566790000054 ], [ 169.980138012000111, 10.221813088000033 ], [ 169.980912468000042, 10.222644796000054 ], [ 169.981359615000088, 10.22333407800005 ], [ 169.981620034000116, 10.223890930000039 ], [ 169.981814991000078, 10.22443796400006 ], [ 169.98194448400011, 10.224956801000076 ], [ 169.982121555000049, 10.225230586000066 ], [ 169.982364801000017, 10.225278418000073 ], [ 169.982580505000101, 10.225147237000044 ], [ 169.982674941000028, 10.224921283000072 ], [ 169.982759720000104, 10.224704967000037 ], [ 169.982891360000053, 10.224554512000054 ], [ 169.983186119000038, 10.224406910000027 ], [ 169.983557073000043, 10.22420790700005 ], [ 169.984109389000082, 10.224172033000059 ], [ 169.984718223000073, 10.224098499000036 ], [ 169.985074153000028, 10.224052632000053 ], [ 169.985440097000037, 10.223780452000028 ], [ 169.985777425000038, 10.223677827000074 ], [ 169.98605894700006, 10.223546823000049 ], [ 169.986227791000033, 10.223424923000039 ] ] ] ] } },
{ "type": "Feature", "properties": { "ADM0_EN": "Republic of the Marshall Islands", "ADM0_PCODE": "MH", "ADM1_EN": "Ailuk", "ADM1_PCODE": "MH02", "ADM2_EN": "Enejelar", "ADM2_PCODE": "MH0203", "Shape_Leng": 0.02849989313, "Shape_Area": 4.063243e-05, "ADM0_EN_2": "Republic of the Marshall Islands", "ADM0_PCODE_2": "MH", "ADM1_EN_2": "Ailuk", "ADM1_PCODE_2": "MH02", "ADM2_EN_2": "Enejelar", "ADM2_PCODE_2": "MH0203", "Shape_Leng_2": 0.02849989313, "Shape_Area_2": 4.063243e-05, "xcoord": 169.96061537322441, "ycoord": 10.445988466500069 }, "geometry": { "type": "MultiPolygon", "coordinates": [ [ [ [ 169.963278846000094, 10.444675583000048 ], [ 169.963257740000017, 10.443857617000049 ], [ 169.9630009010001, 10.443214384000044 ], [ 169.962724025000057, 10.442752124000037 ], [ 169.962289042000066, 10.442289865000021 ], [ 169.961795033000044, 10.442028575000052 ], [ 169.96124128800011, 10.441787273000045 ], [ 169.960628518000021, 10.441626464000024 ], [ 169.960030772000096, 10.441137970000057 ], [ 169.959997506000036, 10.440738 ], [ 169.959927036000067, 10.440620740000043 ], [ 169.959803623000084, 10.440689096000028 ], [ 169.959382947000108, 10.441751042000021 ], [ 169.959371500000088, 10.442584891000024 ], [ 169.959250592000103, 10.442959872000074 ], [ 169.959067084000026, 10.443797471000039 ], [ 169.958830990000024, 10.444936162000033 ], [ 169.958453956000085, 10.445727174000069 ], [ 169.957999296000025, 10.446712018000028 ], [ 169.95738652700004, 10.447355252000023 ], [ 169.957228416000021, 10.447676870000066 ], [ 169.95738652700004, 10.448219622000067 ], [ 169.957189069000037, 10.448521251000045 ], [ 169.956872488000045, 10.448983508000026 ], [ 169.956319099000098, 10.449506091000046 ], [ 169.956300141000042, 10.44978969400006 ], [ 169.956417830000078, 10.45010916800004 ], [ 169.956774831000075, 10.450440781000054 ], [ 169.957356479000055, 10.450909643000045 ], [ 169.957818293000059, 10.451172361000033 ], [ 169.958987671000045, 10.451536280000028 ], [ 169.959640146000083, 10.451797749000036 ], [ 169.960134512000081, 10.45181774100007 ], [ 169.960727250000105, 10.450692078000031 ], [ 169.961023797000053, 10.449908203000064 ], [ 169.961439106000057, 10.448883024000054 ], [ 169.961898416000054, 10.447511599000052 ], [ 169.96211125800005, 10.446912984000051 ], [ 169.962427478000109, 10.446611535000045 ], [ 169.962763376000112, 10.446249759000068 ], [ 169.963178685000116, 10.445440183000073 ], [ 169.963278846000094, 10.444675583000048 ] ] ] ] } },
{ "type": "Feature", "properties": { "ADM0_EN": "Republic of the Marshall Islands", "ADM0_PCODE": "MH", "ADM1_EN": "Ailuk", "ADM1_PCODE": "MH02", "ADM2_EN": "Enelik", "ADM2_PCODE": "MH0221", "Shape_Leng": 0.01006695788, "Shape_Area": 6.05979e-06, "ADM0_EN_2": "Republic of the Marshall Islands", "ADM0_PCODE_2": "MH", "ADM1_EN_2": "Ailuk", "ADM1_PCODE_2": "MH02", "ADM2_EN_2": "Enelik", "ADM2_PCODE_2": "MH0221", "Shape_Leng_2": 0.01006695788, "Shape_Area_2": 6.05979e-06, "xcoord": 169.98518169459226, "ycoord": 10.226125976500043 }, "geometry": { "type": "MultiPolygon", "coordinates": [ [ [ [ 169.987244982000107, 10.22640922100004 ], [ 169.987215293000077, 10.226234848000047 ], [ 169.986921248000044, 10.226017105000039 ], [ 169.986914094000099, 10.225873430000036 ], [ 169.987093668000057, 10.225703875000022 ], [ 169.986879753000039, 10.225453293000044 ], [ 169.986202595000123, 10.225205030000041 ], [ 169.984896926000033, 10.225040116000059 ], [ 169.984285230000069, 10.225133638000045 ], [ 169.983536886000024, 10.225513438000064 ], [ 169.983412399000031, 10.225700662000065 ], [ 169.983270745000027, 10.225982658000021 ], [ 169.983332271000108, 10.226344434000055 ], [ 169.983359459000098, 10.226504528000021 ], [ 169.984055218000094, 10.226665873000059 ], [ 169.985399161000032, 10.227180425000029 ], [ 169.985807316000091, 10.227224508000063 ], [ 169.986162532000094, 10.227089222000075 ], [ 169.986772437000013, 10.226587163000033 ], [ 169.987244982000107, 10.22640922100004 ] ] ] ] } },
{ "type": "Feature", "properties": { "ADM0_EN": "Republic of the Marshall Islands", "ADM0_PCODE": "MH", "ADM1_EN": "Arno", "ADM1_PCODE": "MH03", "ADM2_EN": "Arno", "ADM2_PCODE": "MH0305", "Shape_Leng": 0.10864353373000001, "Shape_Area": 0.0001567757, "ADM0_EN_2": "Republic of the Marshall Islands", "ADM0_PCODE_2": "MH", "ADM1_EN_2": "Arno", "ADM1_PCODE_2": "MH03", "ADM2_EN_2": "Arno", "ADM2_PCODE_2": "MH0305", "Shape_Leng_2": 0.10864353373000001, "Shape_Area_2": 0.0001567757, "xcoord": 171.55288420691286, "ycoord": 7.0661818685000526 }, "geometry": { "type": "MultiPolygon", "coordinates": [ [ [ [ 171.573624509000069, 7.045059525000056 ], [ 171.573424904000035, 7.044889259000058 ], [ 171.573010310000086, 7.045208019000029 ], [ 171.572506288000113, 7.045653143000038 ], [ 171.571991532000084, 7.046024200000033 ], [ 171.571739343000104, 7.046066856000039 ], [ 171.571476419000078, 7.046067212000025 ], [ 171.571339772000101, 7.046226058000059 ], [ 171.571224229000109, 7.046321543000033 ], [ 171.5709935000001, 7.046681711000076 ], [ 171.570657604000075, 7.047084357000074 ], [ 171.570268766000027, 7.047444705000032 ], [ 171.570079891000091, 7.04764602900002 ], [ 171.56981732600002, 7.048037967000027 ], [ 171.569628452000075, 7.048281591000034 ], [ 171.569365887000117, 7.048451323000052 ], [ 171.569082219000052, 7.048769194000045 ], [ 171.569072202000029, 7.049054935000072 ], [ 171.569009601000062, 7.049404394000021 ], [ 171.568925897000099, 7.049774916000047 ], [ 171.568747393000081, 7.050060837000046 ], [ 171.5683589140001, 7.050474192000024 ], [ 171.568012287000101, 7.050802771000065 ], [ 171.567844157000081, 7.050834718000033 ], [ 171.567759737000074, 7.050781890000053 ], [ 171.567339418000074, 7.050856493000026 ], [ 171.567243909000013, 7.050189699000043 ], [ 171.567138740000019, 7.050232177000055 ], [ 171.567192041000112, 7.050814193000065 ], [ 171.566950580000025, 7.050909858000068 ], [ 171.566540279000037, 7.050994992000028 ], [ 171.565899607000119, 7.051419233000047 ], [ 171.565132661000121, 7.052002321000032 ], [ 171.564681223000093, 7.052532044000031 ], [ 171.56438718000004, 7.052849914000035 ], [ 171.563735776000044, 7.05328468600004 ], [ 171.5632524990001, 7.053570965000063 ], [ 171.562884766000025, 7.053910251000048 ], [ 171.562506660000054, 7.054154053000047 ], [ 171.561844526000073, 7.054461748000051 ], [ 171.561371623000014, 7.054822277000028 ], [ 171.560909452000033, 7.055129793000049 ], [ 171.559480372000053, 7.055745186000024 ], [ 171.557693217000065, 7.056323097000075 ], [ 171.555692505000025, 7.057189252000057 ], [ 171.554406509000046, 7.058126439000034 ], [ 171.553120874000115, 7.059279588000038 ], [ 171.551335151000103, 7.060865186000058 ], [ 171.550369672000102, 7.062121137000076 ], [ 171.549248228000124, 7.063484887000072 ], [ 171.548788562000027, 7.064384060000066 ], [ 171.548386844000106, 7.06563090700007 ], [ 171.548186522000037, 7.066732830000035 ], [ 171.548562127000082, 7.067949872000042 ], [ 171.549340878000066, 7.068731606000028 ], [ 171.550234813000088, 7.069947933000037 ], [ 171.551907497000116, 7.072149104000061 ], [ 171.552946667000015, 7.074118966000071 ], [ 171.553668181000035, 7.075567673000023 ], [ 171.553910357000063, 7.076220367000076 ], [ 171.553554429000087, 7.076756336000074 ], [ 171.553410984000038, 7.077249292000033 ], [ 171.553906065000092, 7.078627144000052 ], [ 171.554753139000013, 7.080080489000068 ], [ 171.555259666000097, 7.081972180000037 ], [ 171.555548701000021, 7.082899374000021 ], [ 171.555772989000047, 7.083489243000031 ], [ 171.556028400000059, 7.084117844000048 ], [ 171.556530278000082, 7.084782494000024 ], [ 171.55681895500004, 7.08559385500007 ], [ 171.557079017000092, 7.086231379000026 ], [ 171.557553349000045, 7.086509807000027 ], [ 171.558000852000077, 7.08646215300007 ], [ 171.558202247000054, 7.086229951000064 ], [ 171.558374668000056, 7.085939924000058 ], [ 171.558373953000114, 7.085592072000054 ], [ 171.558085275000053, 7.084867630000076 ], [ 171.557738646000075, 7.084056267000051 ], [ 171.557536894000123, 7.083708771000033 ], [ 171.557219599000064, 7.08353511100006 ], [ 171.556701268000097, 7.083361809000053 ], [ 171.556296688000089, 7.082086940000067 ], [ 171.556123194000065, 7.081623255000068 ], [ 171.555834875000073, 7.081217752000043 ], [ 171.555487532000029, 7.079681770000036 ], [ 171.555260024000063, 7.077945714000066 ], [ 171.555078304000062, 7.07603421400006 ], [ 171.555078660000049, 7.07498619100005 ], [ 171.555163797000091, 7.074029371000051 ], [ 171.555421355000021, 7.072492675000035 ], [ 171.555880306000063, 7.070897795000064 ], [ 171.556568911000113, 7.068838871000025 ], [ 171.557085454000116, 7.067417829000021 ], [ 171.558089565000046, 7.064286075000041 ], [ 171.559496827000089, 7.06106668700005 ], [ 171.56084756600012, 7.058775028000071 ], [ 171.56228451700008, 7.056541376000041 ], [ 171.563750799000104, 7.054626486000075 ], [ 171.564297749000048, 7.054306832000066 ], [ 171.568296314000122, 7.051113501000032 ], [ 171.569158769000069, 7.049692102000051 ], [ 171.569474633000027, 7.048966946000064 ], [ 171.570452275000093, 7.047777390000022 ], [ 171.57122852100008, 7.046877858000073 ], [ 171.571832348000044, 7.046297448000075 ], [ 171.572436889000073, 7.046064714000067 ], [ 171.572810705000052, 7.045571579000068 ], [ 171.573616284000082, 7.045077731000049 ], [ 171.573624509000069, 7.045059525000056 ] ] ] ] } },
{ "type": "Feature", "properties": { "ADM0_EN": "Republic of the Marshall Islands", "ADM0_PCODE": "MH", "ADM1_EN": "Arno", "ADM1_PCODE": "MH03", "ADM2_EN": "Bekarej", "ADM2_PCODE": "MH0313", "Shape_Leng": 0.08007290133, "Shape_Area": 9.035187e-05, "ADM0_EN_2": "Republic of the Marshall Islands", "ADM0_PCODE_2": "MH", "ADM1_EN_2": "Arno", "ADM1_PCODE_2": "MH03", "ADM2_EN_2": "Bekarej", "ADM2_PCODE_2": "MH0313", "Shape_Leng_2": 0.08007290133, "Shape_Area_2": 9.035187e-05, "xcoord": 171.64090431099282, "ycoord": 7.2447128765000457 }, "geometry": { "type": "MultiPolygon", "coordinates": [ [ [ [ 171.656321500000104, 7.257103449000056 ], [ 171.656222412000034, 7.256822167000053 ], [ 171.656123323000088, 7.256607102000032 ], [ 171.656073603000095, 7.256392037000069 ], [ 171.655941963000032, 7.256259784000065 ], [ 171.655777411000031, 7.256177327000046 ], [ 171.65559604900011, 7.255863207000061 ], [ 171.655447955000113, 7.255697935000057 ], [ 171.655234041000085, 7.255681694000032 ], [ 171.655020483000044, 7.255665451000027 ], [ 171.65483947700011, 7.255616015000044 ], [ 171.654576198000086, 7.255368107000038 ], [ 171.654345469000077, 7.255070585000055 ], [ 171.654197017000115, 7.254822499000056 ], [ 171.653933737000102, 7.254640810000069 ], [ 171.653588182000021, 7.254475896000031 ], [ 171.653110987000105, 7.254228347000037 ], [ 171.652699612000106, 7.253964021000058 ], [ 171.652255327000034, 7.253633657000023 ], [ 171.652024959000073, 7.253385752000042 ], [ 171.651811044000056, 7.253270276000023 ], [ 171.651514853000094, 7.253105185000038 ], [ 171.651103121000119, 7.252741624000066 ], [ 171.650625926000089, 7.252411263000056 ], [ 171.650165188000074, 7.252097497000022 ], [ 171.649671179000052, 7.251684499000021 ], [ 171.649375346000056, 7.251602221000041 ], [ 171.649046247000115, 7.251519943000062 ], [ 171.648750058000019, 7.251354850000041 ], [ 171.648256407000076, 7.25097487000005 ], [ 171.647762399000044, 7.250561872000048 ], [ 171.647433299000113, 7.250132097000062 ], [ 171.647136752000051, 7.24980137600005 ], [ 171.646922122000092, 7.249305209000056 ], [ 171.646625933000109, 7.248991265000029 ], [ 171.646329385000058, 7.248660722000068 ], [ 171.646082560000082, 7.248313405000033 ], [ 171.64580211100008, 7.247784218000049 ], [ 171.645620748000056, 7.247420480000073 ], [ 171.645373564000124, 7.247040143000049 ], [ 171.645126381000068, 7.246692824000036 ], [ 171.644945377000113, 7.246378704000051 ], [ 171.644764373000044, 7.246246629000041 ], [ 171.644534002000114, 7.246147574000076 ], [ 171.644303274000094, 7.245816853000065 ], [ 171.64412191100007, 7.245386901000074 ], [ 171.643825007000032, 7.244841113000064 ], [ 171.643660456000021, 7.244560012000022 ], [ 171.643413274000068, 7.24422947000005 ], [ 171.6431496350001, 7.243782917000033 ], [ 171.642869544000064, 7.243386160000057 ], [ 171.642721091000112, 7.243005646000029 ], [ 171.642605192000019, 7.242641730000059 ], [ 171.642555825000045, 7.242476280000062 ], [ 171.642424186000085, 7.242360627000039 ], [ 171.642193816000031, 7.242212133000066 ], [ 171.641979902000116, 7.242013843000052 ], [ 171.641847905000077, 7.24171614200003 ], [ 171.641682637000031, 7.241136981000068 ], [ 171.641500558000075, 7.240359530000035 ], [ 171.641417211000089, 7.23956512500007 ], [ 171.641334222000069, 7.238969542000063 ], [ 171.641284140000039, 7.238489614000059 ], [ 171.641168598000036, 7.238076083000067 ], [ 171.641019788000108, 7.237579735000054 ], [ 171.640838426000073, 7.237133183000026 ], [ 171.640607697000064, 7.236769443000071 ], [ 171.64052506400003, 7.236355733000039 ], [ 171.640425978000053, 7.23610764700004 ], [ 171.640129789000071, 7.23599235100005 ], [ 171.639537765000114, 7.23581101700006 ], [ 171.639554221000026, 7.235695187000033 ], [ 171.639734868000119, 7.235562576000063 ], [ 171.639832883000054, 7.235198302000072 ], [ 171.639914800000042, 7.234883823000075 ], [ 171.639881173000049, 7.234453513000062 ], [ 171.639781729000106, 7.233940566000058 ], [ 171.63953454600005, 7.233510613000021 ], [ 171.639369995000038, 7.233229512000037 ], [ 171.639106, 7.232716922000066 ], [ 171.638892085000066, 7.232419399000037 ], [ 171.638546173000123, 7.232188091000069 ], [ 171.63823388600008, 7.232056195000041 ], [ 171.637970606000067, 7.232073152000055 ], [ 171.637724496000033, 7.232255554000062 ], [ 171.637428666000119, 7.232322129000067 ], [ 171.637050556000077, 7.232388879000041 ], [ 171.636771539000051, 7.23285256500003 ], [ 171.636838074000025, 7.23324967800005 ], [ 171.637102067000114, 7.23406032500003 ], [ 171.637201873000095, 7.234755140000061 ], [ 171.637103856000067, 7.235351079000054 ], [ 171.637022298000034, 7.235797989000048 ], [ 171.636858464000056, 7.236228656000037 ], [ 171.636645263000105, 7.236477097000034 ], [ 171.636579444000063, 7.236576509000031 ], [ 171.636694986000066, 7.236890810000034 ], [ 171.63687635000008, 7.237155315000052 ], [ 171.63723871600007, 7.237651305000043 ], [ 171.637502354000048, 7.238147471000048 ], [ 171.637914803000058, 7.239139812000076 ], [ 171.63816234300009, 7.239851226000042 ], [ 171.638278243000059, 7.240430208000021 ], [ 171.638295771000116, 7.241042565000043 ], [ 171.638230667000016, 7.241621906000034 ], [ 171.638017466000065, 7.242118610000034 ], [ 171.637772074000054, 7.242847158000075 ], [ 171.637641507000012, 7.243509312000072 ], [ 171.637493768000013, 7.243807548000063 ], [ 171.637494127000082, 7.243890184000065 ], [ 171.637708043000089, 7.244154689000027 ], [ 171.638004590000037, 7.244584640000028 ], [ 171.638185952000072, 7.245014596000033 ], [ 171.638351217000036, 7.245626776000051 ], [ 171.638417753000112, 7.246139722000066 ], [ 171.638435639000022, 7.247033362000025 ], [ 171.638386631000117, 7.24744725100004 ], [ 171.638222796000036, 7.24776190800003 ], [ 171.6380260520001, 7.248060144000021 ], [ 171.6380260520001, 7.248275210000031 ], [ 171.638141954000048, 7.248606109000036 ], [ 171.638142310000035, 7.249069438000049 ], [ 171.638110116000121, 7.249483329000043 ], [ 171.637978835000013, 7.24973176900005 ], [ 171.637781731000018, 7.249798165000072 ], [ 171.637518809000085, 7.24978210200004 ], [ 171.637321349000104, 7.24968304500004 ], [ 171.637140344000045, 7.249683224000023 ], [ 171.637025517000097, 7.24978281500006 ], [ 171.637041971000031, 7.249964684000076 ], [ 171.637140702000124, 7.250047321000068 ], [ 171.637354617000028, 7.250047141000039 ], [ 171.6375352660001, 7.249930952000057 ], [ 171.63769981400003, 7.249930774000063 ], [ 171.637847909000016, 7.25004642600004 ], [ 171.63804536900011, 7.250261313000067 ], [ 171.638341559000082, 7.250409808000029 ], [ 171.638489653000079, 7.250558481000041 ], [ 171.638555832000065, 7.250723931000039 ], [ 171.638621652000097, 7.25078996600007 ], [ 171.63888493200011, 7.250922040000034 ], [ 171.639114944000085, 7.250872067000046 ], [ 171.639377867000121, 7.250755876000028 ], [ 171.639837890000081, 7.250407666000058 ], [ 171.640199185000029, 7.250142269000037 ], [ 171.64056048000009, 7.249860453000053 ], [ 171.640971139000044, 7.249661271000036 ], [ 171.641299881000123, 7.249627718000056 ], [ 171.641464429000052, 7.249776390000022 ], [ 171.641431879000038, 7.249958616000072 ], [ 171.641563516000019, 7.249958438000021 ], [ 171.641678345000059, 7.249875447000022 ], [ 171.64161252700012, 7.249743193000029 ], [ 171.641694444000109, 7.24962718300003 ], [ 171.641875446000086, 7.249610406000045 ], [ 171.642089003000024, 7.249477618000071 ], [ 171.64236802400012, 7.249361428000043 ], [ 171.64264740100009, 7.249278257000071 ], [ 171.643074873000046, 7.249211507000041 ], [ 171.643321699000012, 7.249277367000047 ], [ 171.643650441000091, 7.24926023200004 ], [ 171.643847542000117, 7.249094425000067 ], [ 171.64411046400005, 7.248928620000072 ], [ 171.644488571000124, 7.249077113000055 ], [ 171.644718942000054, 7.249192588000028 ], [ 171.645031228000107, 7.249026604000051 ], [ 171.645327062000092, 7.249059266000074 ], [ 171.645771345000071, 7.249257197000077 ], [ 171.646149810000111, 7.24960433900003 ], [ 171.64647926900011, 7.250050712000075 ], [ 171.646545446000118, 7.25034841300004 ], [ 171.646874904000015, 7.250695552000025 ], [ 171.647319188000097, 7.25099271800002 ], [ 171.647648646000107, 7.251306839000051 ], [ 171.648010655000121, 7.25160418300004 ], [ 171.648487851000027, 7.251818537000077 ], [ 171.648734676000117, 7.251934191000032 ], [ 171.649096328000041, 7.251966672000037 ], [ 171.649343152000029, 7.252181561000043 ], [ 171.649475149000068, 7.252429645000063 ], [ 171.649640057000056, 7.252826579000043 ], [ 171.649903695000035, 7.253124102000072 ], [ 171.650364077000063, 7.253239222000047 ], [ 171.650561896000113, 7.253520324000021 ], [ 171.650824816000068, 7.253586183000039 ], [ 171.651137462000065, 7.253602246000071 ], [ 171.651416839000035, 7.253734142000042 ], [ 171.65156529300009, 7.254015422000066 ], [ 171.651763110000047, 7.254230309000036 ], [ 171.652256760000114, 7.254494280000074 ], [ 171.652552948000107, 7.254758784000046 ], [ 171.652997234000054, 7.25500633200005 ], [ 171.653293425000015, 7.255171424000025 ], [ 171.653457973000059, 7.25533669500004 ], [ 171.653474786000061, 7.255485546000045 ], [ 171.653458332000014, 7.255601379000041 ], [ 171.65357387500012, 7.255766829000038 ], [ 171.653919070000029, 7.255915323000067 ], [ 171.654199163000044, 7.256163049000065 ], [ 171.654643448000115, 7.256476813000063 ], [ 171.654660260000014, 7.256675460000054 ], [ 171.654792258000043, 7.256989759000021 ], [ 171.65490744400006, 7.257171629000027 ], [ 171.655104903000051, 7.257237488000044 ], [ 171.655334915000026, 7.257220709000023 ], [ 171.655499107000082, 7.25707150300002 ], [ 171.655597838000062, 7.256955491000042 ], [ 171.655663301000118, 7.256806464000022 ], [ 171.655679399000064, 7.256640834000052 ], [ 171.655777771000089, 7.256524823000063 ], [ 171.655860045000054, 7.256442010000058 ], [ 171.655958774000055, 7.256491627000059 ], [ 171.655991686000107, 7.256541067000057 ], [ 171.656024952000053, 7.25670651400003 ], [ 171.656074318000037, 7.256805749000023 ], [ 171.656156593000105, 7.256888385000025 ], [ 171.656156593000105, 7.256987796000033 ], [ 171.656156950000081, 7.257054012000026 ], [ 171.656074675000013, 7.257103807000021 ], [ 171.656156950000081, 7.257202863000032 ], [ 171.656321500000104, 7.257103449000056 ] ] ] ] } },
{ "type": "Feature", "properties": { "ADM0_EN": "Republic of the Marshall Islands", "ADM0_PCODE": "MH", "ADM1_EN": "Arno", "ADM1_PCODE": "MH03", "ADM2_EN": "Eneaidrik", "ADM2_PCODE": "MH0308", "Shape_Leng": 0.0184448593, "Shape_Area": 9.28019e-06, "ADM0_EN_2": "Republic of the Marshall Islands", "ADM0_PCODE_2": "MH", "ADM1_EN_2": "Arno", "ADM1_PCODE_2": "MH03", "ADM2_EN_2": "Eneaidrik", "ADM2_PCODE_2": "MH0308", "Shape_Leng_2": 0.0184448593, "Shape_Area_2": 9.28019e-06, "xcoord": 171.5786566291489, "ycoord": 7.132430017000047 }, "geometry": { "type": "MultiPolygon", "coordinates": [ [ [ [ 171.581615340000099, 7.13537535100005 ], [ 171.581552381000051, 7.135122625000065 ], [ 171.581384968000066, 7.134996441000055 ], [ 171.581028683000113, 7.134660009000072 ], [ 171.580986471000074, 7.134407108000062 ], [ 171.580693145000055, 7.134154739000053 ], [ 171.580400174000033, 7.134091915000056 ], [ 171.580211300000087, 7.133797246000029 ], [ 171.580022781000025, 7.133523641000068 ], [ 171.579959467000094, 7.133123492000038 ], [ 171.579854296000121, 7.132828645000075 ], [ 171.579707991000078, 7.132828825000047 ], [ 171.579540579000081, 7.132807943000046 ], [ 171.579456515000061, 7.132513277000044 ], [ 171.579288746000088, 7.132197370000029 ], [ 171.579204683000057, 7.131965883000021 ], [ 171.579099871000039, 7.131986943000072 ], [ 171.57895356500012, 7.132008183000039 ], [ 171.578806900000018, 7.131818817000067 ], [ 171.57853396400003, 7.131271426000069 ], [ 171.578345089000095, 7.130787213000076 ], [ 171.577863243000024, 7.130198058000076 ], [ 171.577423250000038, 7.129798267000069 ], [ 171.577108818000056, 7.129588021000075 ], [ 171.576920657000073, 7.129588200000057 ], [ 171.576815845000056, 7.129462015000058 ], [ 171.576522519000036, 7.129293888000063 ], [ 171.576292508000051, 7.129294067000046 ], [ 171.575936936000062, 7.129315663000057 ], [ 171.575832482000123, 7.129568566000046 ], [ 171.575832841000079, 7.129905711000049 ], [ 171.575812450000058, 7.130369040000062 ], [ 171.575980220000019, 7.130727067000066 ], [ 171.576189841000087, 7.131000674000063 ], [ 171.576566875000026, 7.131168622000075 ], [ 171.576713539000025, 7.131421168000031 ], [ 171.5768813090001, 7.131568412000036 ], [ 171.57725834300004, 7.13179972000006 ], [ 171.577614273000108, 7.132031028000029 ], [ 171.577823894000062, 7.13234675700005 ], [ 171.578096474000063, 7.132641244000069 ], [ 171.578410552000037, 7.132893792000061 ], [ 171.578515361000086, 7.133104217000039 ], [ 171.578787941000087, 7.133335524000074 ], [ 171.57906016600009, 7.133567010000036 ], [ 171.579395346000069, 7.133924681000053 ], [ 171.579647179000062, 7.134366772000021 ], [ 171.580045319000078, 7.134977167000045 ], [ 171.580485667000062, 7.135439957000074 ], [ 171.580820490000065, 7.135544904000028 ], [ 171.581176062000054, 7.135523485000022 ], [ 171.581615340000099, 7.13537535100005 ] ] ] ] } },
{ "type": "Feature", "properties": { "ADM0_EN": "Republic of the Marshall Islands", "ADM0_PCODE": "MH", "ADM1_EN": "Arno", "ADM1_PCODE": "MH03", "ADM2_EN": "Eneraan", "ADM2_PCODE": "MH0328", "Shape_Leng": 0.04545833273, "Shape_Area": 0.00014980699, "ADM0_EN_2": "Republic of the Marshall Islands", "ADM0_PCODE_2": "MH", "ADM1_EN_2": "Arno", "ADM1_PCODE_2": "MH03", "ADM2_EN_2": "Eneraan", "ADM2_PCODE_2": "MH0328", "Shape_Leng_2": 0.04545833273, "Shape_Area_2": 0.00014980699, "xcoord": 171.80943014027295, "ycoord": 7.1556715725000402 }, "geometry": { "type": "MultiPolygon", "coordinates": [ [ [ [ 171.817237097000088, 7.156332745000043 ], [ 171.816297017000124, 7.152850637000029 ], [ 171.812365704000058, 7.15037639600007 ], [ 171.808109227000045, 7.150046211000074 ], [ 171.803984747000072, 7.151860083000031 ], [ 171.801791582000078, 7.155010400000037 ], [ 171.801858117000052, 7.159365442000023 ], [ 171.803524364000054, 7.162179864000052 ], [ 171.807916775000081, 7.161778109000068 ], [ 171.812120311000058, 7.161506465000059 ], [ 171.815380901000026, 7.16102707500005 ], [ 171.817237097000088, 7.156332745000043 ] ] ] ] } },
{ "type": "Feature", "properties": { "ADM0_EN": "Republic of the Marshall Islands", "ADM0_PCODE": "MH", "ADM1_EN": "Arno", "ADM1_PCODE": "MH03", "ADM2_EN": "Ijoen - Iloen", "ADM2_PCODE": "MH0332", "Shape_Leng": 0.19752787007, "Shape_Area": 0.00010000238, "ADM0_EN_2": "Republic of the Marshall Islands", "ADM0_PCODE_2": "MH", "ADM1_EN_2": "Arno", "ADM1_PCODE_2": "MH03", "ADM2_EN_2": "Ijoen - Iloen", "ADM2_PCODE_2": "MH0332", "Shape_Leng_2": 0.19752787007, "Shape_Area_2": 0.00010000238, "xcoord": 171.76986022303788, "ycoord": 7.0289218955000479 }, "geometry": { "type": "MultiPolygon", "coordinates": [ [ [ [ 171.802423312000087, 7.066039443000022 ], [ 171.802373588000023, 7.06567641700002 ], [ 171.802060943000015, 7.065148837000038 ], [ 171.801273250000122, 7.064721203000033 ], [ 171.800436551000075, 7.064293572000054 ], [ 171.799173093000036, 7.063586083000075 ], [ 171.798089568000023, 7.062861819000034 ], [ 171.797154136000017, 7.062219833000029 ], [ 171.795511857000065, 7.060638340000025 ], [ 171.793672116000039, 7.058512489000066 ], [ 171.792916618000049, 7.057639194000046 ], [ 171.792210127000089, 7.05665024700005 ], [ 171.791157722000094, 7.054853152000021 ], [ 171.789874591000057, 7.052214889000027 ], [ 171.788919128000089, 7.049460616000033 ], [ 171.788028412000017, 7.04726480100004 ], [ 171.787382732000083, 7.04544343200007 ], [ 171.786737769000069, 7.043916016000026 ], [ 171.785741525000049, 7.041801408000026 ], [ 171.784950612000102, 7.040186002000041 ], [ 171.784277390000057, 7.039246495000043 ], [ 171.783370219000062, 7.038131007000061 ], [ 171.782287767000071, 7.036986426000055 ], [ 171.780591470000104, 7.035402078000061 ], [ 171.779188504000103, 7.034375649000026 ], [ 171.777872819000095, 7.033496109000055 ], [ 171.775826677000055, 7.032188401000042 ], [ 171.774073147000081, 7.031133239000042 ], [ 171.773605253000028, 7.03084 ], [ 171.773342331000094, 7.030781638000065 ], [ 171.771735109000019, 7.029902632000073 ], [ 171.769776249000074, 7.028436078000027 ], [ 171.766851909000025, 7.025736777000077 ], [ 171.765272588000016, 7.024210967000045 ], [ 171.763167422000038, 7.022509538000065 ], [ 171.762202301000116, 7.021570563000068 ], [ 171.760008423000045, 7.019163965000075 ], [ 171.758989284000108, 7.01802938000003 ], [ 171.758413003000101, 7.01724086300004 ], [ 171.758006635000015, 7.016649388000076 ], [ 171.757272601000068, 7.015334718000076 ], [ 171.756499215000076, 7.013849065000045 ], [ 171.755699359000118, 7.012245084000028 ], [ 171.754977487000019, 7.010430498000062 ], [ 171.754728156000056, 7.00987828500007 ], [ 171.754531413000109, 7.009352313000022 ], [ 171.754478471000084, 7.009023377000062 ], [ 171.7544380490001, 7.008339270000022 ], [ 171.754437692000124, 7.00797089200006 ], [ 171.754200525000101, 7.006839697000032 ], [ 171.754069243000117, 7.006576799000072 ], [ 171.75400306500012, 7.006090089000054 ], [ 171.754015942000024, 7.005813628000055 ], [ 171.753778418000024, 7.004419357000074 ], [ 171.753606357000081, 7.00307755700004 ], [ 171.753564862000076, 7.001801263000061 ], [ 171.753641413000082, 7.000406457000054 ], [ 171.753729769000074, 6.998616856000069 ], [ 171.753701150000097, 6.996972182000036 ], [ 171.753672534000088, 6.995485457000029 ], [ 171.753514065000104, 6.994354086000044 ], [ 171.753224672000101, 6.993144185000062 ], [ 171.752974628000061, 6.992065640000021 ], [ 171.752764648000039, 6.99156608100003 ], [ 171.752424459000054, 6.991487549000055 ], [ 171.752189081000097, 6.991448462000051 ], [ 171.752084985000124, 6.991553945000021 ], [ 171.752163682000059, 6.991843257000028 ], [ 171.752269209000019, 6.992395646000034 ], [ 171.752439841000069, 6.992987480000068 ], [ 171.752664130000085, 6.994289834000028 ], [ 171.752783606000094, 6.995408001000044 ], [ 171.752876614000115, 6.996236674000045 ], [ 171.752837979000105, 6.996565787000065 ], [ 171.752943864000031, 6.997578649000047 ], [ 171.752945296000121, 6.998499775000028 ], [ 171.752959605000115, 6.999170673000037 ], [ 171.752934563000053, 6.999789101000033 ], [ 171.752935279000098, 7.000354875000028 ], [ 171.752871248000019, 7.001078781000047 ], [ 171.752832972000078, 7.001749860000075 ], [ 171.752900222000108, 7.002947090000021 ], [ 171.752953165000122, 7.003407564000042 ], [ 171.752953881000053, 7.003907481000056 ], [ 171.753007182000033, 7.004407399000058 ], [ 171.753060479000055, 7.005104712000048 ], [ 171.753192478000074, 7.005815054000038 ], [ 171.75336346600011, 7.006643728000029 ], [ 171.753850677000059, 7.008879700000023 ], [ 171.753851393000105, 7.009155986000053 ], [ 171.75398231600002, 7.009432091000065 ], [ 171.754061373000013, 7.00986615000005 ], [ 171.754141144000073, 7.01057667300006 ], [ 171.754311776000122, 7.011089438000056 ], [ 171.754560746000038, 7.011497083000052 ], [ 171.754888415000096, 7.011930606000021 ], [ 171.75516385800006, 7.01249602300004 ], [ 171.755308376000016, 7.013022178000028 ], [ 171.755517997000084, 7.013429642000062 ], [ 171.755976591000035, 7.014021119000063 ], [ 171.756382957000028, 7.014744133000022 ], [ 171.756776446000117, 7.015533006000055 ], [ 171.756972834000067, 7.015927266000062 ], [ 171.757261154000048, 7.016269051000052 ], [ 171.75752336000005, 7.016715959000067 ], [ 171.757746218000079, 7.017281378000064 ], [ 171.757877500000063, 7.017478597000036 ], [ 171.758073886000034, 7.017688665000037 ], [ 171.758218045000035, 7.018070073000047 ], [ 171.758375801000057, 7.01842506600002 ], [ 171.759133444000099, 7.019606232000058 ], [ 171.759689337000054, 7.020369584000036 ], [ 171.760274204000098, 7.021015139000042 ], [ 171.760625842000081, 7.021602511000026 ], [ 171.761443940000049, 7.022071550000021 ], [ 171.762233424000101, 7.022687478000023 ], [ 171.76229244700005, 7.02318703800006 ], [ 171.762615107000101, 7.023891848000062 ], [ 171.763287615000081, 7.02459630200002 ], [ 171.763814175000107, 7.025124417000029 ], [ 171.764106431000073, 7.025329847000023 ], [ 171.764456635000101, 7.025240963000044 ], [ 171.764660535000075, 7.024917383000059 ], [ 171.765040072000033, 7.024769782000021 ], [ 171.765566274000093, 7.025151011000048 ], [ 171.766121809000083, 7.025620408000066 ], [ 171.766268474000071, 7.026031623000051 ], [ 171.766093549000061, 7.026267034000057 ], [ 171.766210879000027, 7.026590259000045 ], [ 171.767146311000033, 7.027176560000044 ], [ 171.76816938200011, 7.02785084900006 ], [ 171.768374355000105, 7.02820334200004 ], [ 171.768988196000123, 7.028584393000074 ], [ 171.769602396000096, 7.029259398000022 ], [ 171.770538186000067, 7.030198550000023 ], [ 171.771912536000059, 7.031254425000043 ], [ 171.77212502000009, 7.031452893000051 ], [ 171.772471290000112, 7.031750772000066 ], [ 171.772842243000014, 7.031949062000024 ], [ 171.773225356000012, 7.032047940000041 ], [ 171.773225, 7.031998143000067 ], [ 171.773002500000075, 7.031899089000035 ], [ 171.77276783700006, 7.031812526000067 ], [ 171.772656231000042, 7.031576400000063 ], [ 171.77277928400008, 7.031352410000068 ], [ 171.773063670000056, 7.031351875000041 ], [ 171.77337237800009, 7.031438438000066 ], [ 171.773681447000058, 7.031636904000038 ], [ 171.77402771900006, 7.031723288000023 ], [ 171.774324265000018, 7.03183483600003 ], [ 171.774373989000082, 7.032008675000043 ], [ 171.774423712000043, 7.032269787000075 ], [ 171.77470809600004, 7.032505555000057 ], [ 171.774955637000062, 7.032729009000036 ], [ 171.775017520000119, 7.03287804100006 ], [ 171.775178136000022, 7.032927480000069 ], [ 171.775450002000071, 7.033014040000069 ], [ 171.77566033800008, 7.033088288000044 ], [ 171.775969049000082, 7.033125055000028 ], [ 171.776179027000012, 7.033124877000034 ], [ 171.776352164000059, 7.033211616000074 ], [ 171.776414049000095, 7.033397947000026 ], [ 171.776414406000072, 7.033609265000052 ], [ 171.776377920000073, 7.033870558000046 ], [ 171.776551412000117, 7.034168615000056 ], [ 171.7768111150001, 7.034404384000027 ], [ 171.777108019000025, 7.034727252000039 ], [ 171.777713994000123, 7.03503708900007 ], [ 171.778578954000068, 7.035383693000028 ], [ 171.779518676000066, 7.035829890000059 ], [ 171.780099968000059, 7.036251634000052 ], [ 171.780396517000099, 7.036474910000038 ], [ 171.780409392000024, 7.03677332500007 ], [ 171.780681973000014, 7.037220413000057 ], [ 171.781176697000092, 7.037518113000033 ], [ 171.781560169000045, 7.037965023000027 ], [ 171.782030211000119, 7.038386944000024 ], [ 171.782463405000044, 7.038933444000065 ], [ 171.782550330000049, 7.039194379000037 ], [ 171.782587891000048, 7.039467806000062 ], [ 171.782847951000122, 7.039927388000024 ], [ 171.783083329000078, 7.040200638000044 ], [ 171.783491842000103, 7.04083405800003 ], [ 171.783937915000024, 7.041579381000076 ], [ 171.78413609100005, 7.041877441000054 ], [ 171.784358591000114, 7.042051099000048 ], [ 171.784507043000076, 7.042200129000037 ], [ 171.784693058000016, 7.042597599000032 ], [ 171.78503932700005, 7.042982576000043 ], [ 171.785299745000088, 7.043417349000038 ], [ 171.785436392000065, 7.043901915000049 ], [ 171.785412069000017, 7.044113413000048 ], [ 171.785375224000063, 7.044387020000045 ], [ 171.785573755000087, 7.044834285000036 ], [ 171.785772289000079, 7.045318854000072 ], [ 171.785921098000017, 7.045803599000067 ], [ 171.786144314000012, 7.046288168000046 ], [ 171.786318166000115, 7.046785229000022 ], [ 171.786553544000071, 7.047170205000043 ], [ 171.78676388100007, 7.047555363000072 ], [ 171.786764239000036, 7.047741873000064 ], [ 171.786764596000012, 7.047940874000062 ], [ 171.786752791000026, 7.048214482000049 ], [ 171.786851879000096, 7.048450430000059 ], [ 171.787000331000058, 7.048574650000035 ], [ 171.787062218000074, 7.048561978000066 ], [ 171.787049699000022, 7.048437757000045 ], [ 171.787037178000105, 7.048363154000072 ], [ 171.787148428000023, 7.048325674000068 ], [ 171.787383449000117, 7.048511827000027 ], [ 171.787482536000084, 7.048722965000024 ], [ 171.787396324000042, 7.048959448000062 ], [ 171.78729795300012, 7.049282853000022 ], [ 171.787323352000044, 7.049643377000052 ], [ 171.787410634000025, 7.050103315000058 ], [ 171.787646012000096, 7.050475978000065 ], [ 171.787906073000045, 7.050848460000054 ], [ 171.787980478000122, 7.051171686000032 ], [ 171.787931829000058, 7.051532389000045 ], [ 171.788056314000073, 7.052104233000023 ], [ 171.788427981000041, 7.052700349000077 ], [ 171.788774609000029, 7.053122629000029 ], [ 171.789256812000076, 7.053494754000042 ], [ 171.789454989000092, 7.053730702000053 ], [ 171.789726853000047, 7.05392917100005 ], [ 171.789912509000033, 7.054189926000049 ], [ 171.789900703000058, 7.05441373900004 ], [ 171.789666400000101, 7.054638086000068 ], [ 171.789617034000116, 7.054774978000069 ], [ 171.789754039000059, 7.055321835000029 ], [ 171.790088505000085, 7.055955431000029 ], [ 171.790286681000111, 7.056328095000026 ], [ 171.790596464000032, 7.056750374000046 ], [ 171.790818963000106, 7.05692403300003 ], [ 171.790992457000016, 7.057159981000041 ], [ 171.791190632000053, 7.057545137000034 ], [ 171.791549779000093, 7.057992045000049 ], [ 171.791995137000072, 7.05846394200006 ], [ 171.792390773000079, 7.058736835000047 ], [ 171.792737044000091, 7.05899723400006 ], [ 171.793058631000122, 7.059282798000027 ], [ 171.793195281000067, 7.059667954000076 ], [ 171.793220677000022, 7.059953876000066 ], [ 171.793221035000101, 7.060177689000056 ], [ 171.793468218000044, 7.060314045000041 ], [ 171.793777285000033, 7.060500017000038 ], [ 171.794098873000053, 7.060723295000059 ], [ 171.794346414000074, 7.060971559000052 ], [ 171.794655482000053, 7.061082930000055 ], [ 171.795063278000043, 7.061355822000053 ], [ 171.795286137000062, 7.061591769000074 ], [ 171.795410264000111, 7.06187751300007 ], [ 171.795472507000113, 7.062300149000066 ], [ 171.795386655000016, 7.062611235000077 ], [ 171.795275763000063, 7.062835225000072 ], [ 171.795263959000067, 7.063059038000063 ], [ 171.79542493200006, 7.063394577000054 ], [ 171.795907492000083, 7.063791690000073 ], [ 171.796451579000063, 7.064188626000032 ], [ 171.796934141000065, 7.064535943000067 ], [ 171.797366621000037, 7.064771356000051 ], [ 171.797650646000079, 7.06490896300005 ], [ 171.798667638000097, 7.065220765000049 ], [ 171.799684628000023, 7.065532566000059 ], [ 171.800619702000063, 7.065893983000024 ], [ 171.801177382000105, 7.066074602000072 ], [ 171.801882800000044, 7.066337501000021 ], [ 171.80209600000012, 7.066452621000053 ], [ 171.802276289000019, 7.06635320700002 ], [ 171.802374303000079, 7.066254152000056 ], [ 171.802423312000087, 7.066039443000022 ] ] ] ] } },
{ "type": "Feature", "properties": { "ADM0_EN": "Republic of the Marshall Islands", "ADM0_PCODE": "MH", "ADM1_EN": "Arno", "ADM1_PCODE": "MH03", "ADM2_EN": "Ine", "ADM2_PCODE": "MH0301", "Shape_Leng": 0.11486365822, "Shape_Area": 8.460574e-05, "ADM0_EN_2": "Republic of the Marshall Islands", "ADM0_PCODE_2": "MH", "ADM1_EN_2": "Arno", "ADM1_PCODE_2": "MH03", "ADM2_EN_2": "Ine", "ADM2_PCODE_2": "MH0301", "Shape_Leng_2": 0.11486365822, "Shape_Area_2": 8.460574e-05, "xcoord": 171.71246935066449, "ycoord": 6.9760317075000557 }, "geometry": { "type": "MultiPolygon", "coordinates": [ [ [ [ 171.73933665800007, 6.959920670000031 ], [ 171.738723888000095, 6.960031861000061 ], [ 171.736522855000089, 6.961143959000026 ], [ 171.733703686000013, 6.962741872000038 ], [ 171.731296607000104, 6.964027452000039 ], [ 171.729989507000028, 6.964514339000061 ], [ 171.729232935000027, 6.964688711000065 ], [ 171.728441307000026, 6.964828639000075 ], [ 171.727513031000058, 6.965384241000038 ], [ 171.726688136000121, 6.966043717000048 ], [ 171.72579419900012, 6.966634123000063 ], [ 171.725382108000076, 6.967015709000066 ], [ 171.724969662000035, 6.96746672300003 ], [ 171.724213804000101, 6.968299322000064 ], [ 171.723045501000115, 6.969340386000056 ], [ 171.722048543000028, 6.970173343000056 ], [ 171.721086283000091, 6.970971674000054 ], [ 171.720398751000062, 6.971457671000053 ], [ 171.719951963000085, 6.971943488000022 ], [ 171.71957421400009, 6.972428948000072 ], [ 171.718129750000116, 6.973124122000058 ], [ 171.717201475000024, 6.973610473000065 ], [ 171.716686004000053, 6.974130914000057 ], [ 171.715585308000072, 6.974513750000028 ], [ 171.713968427000054, 6.975035798000022 ], [ 171.712730009000097, 6.975418811000054 ], [ 171.712111158000084, 6.975731505000056 ], [ 171.711010462000104, 6.976218218000042 ], [ 171.710048202000053, 6.976912496000068 ], [ 171.708259259000101, 6.977538776000074 ], [ 171.706642735000059, 6.978060823000021 ], [ 171.705025853000052, 6.978478998000071 ], [ 171.703374988000064, 6.979139724000049 ], [ 171.702687456000035, 6.979729593000059 ], [ 171.70199956700003, 6.980146342000069 ], [ 171.701552776000085, 6.980493480000064 ], [ 171.701553491000027, 6.980943958000069 ], [ 171.700624857000093, 6.981430310000064 ], [ 171.699318117000075, 6.982125127000074 ], [ 171.698803004000069, 6.982714817000044 ], [ 171.698563333000038, 6.983546704000048 ], [ 171.698495366000088, 6.984239556000034 ], [ 171.698496441000088, 6.984897783000065 ], [ 171.698600178000106, 6.985348083000076 ], [ 171.698600894000037, 6.985867812000038 ], [ 171.698087211000029, 6.987566030000039 ], [ 171.697641496000074, 6.988640646000022 ], [ 171.697057702000052, 6.989542318000076 ], [ 171.69647390800003, 6.990305311000043 ], [ 171.695889755000053, 6.991033859000026 ], [ 171.695084177000012, 6.991542344000038 ], [ 171.695239068000092, 6.992469536000044 ], [ 171.695484820000047, 6.992276602000061 ], [ 171.696002435000082, 6.991783110000029 ], [ 171.696548312000118, 6.991202520000058 ], [ 171.697583189000056, 6.989983872000039 ], [ 171.697812844000055, 6.98951965200007 ], [ 171.697984904000123, 6.989142705000063 ], [ 171.699508423000111, 6.987546397000074 ], [ 171.700341905000073, 6.986559771000032 ], [ 171.70140539800002, 6.985254024000028 ], [ 171.702727878000019, 6.983918832000029 ], [ 171.704855222000106, 6.981829032000064 ], [ 171.705803887000116, 6.980958058000056 ], [ 171.707788503000074, 6.979650885000069 ], [ 171.709887945000105, 6.978169695000076 ], [ 171.711067338000021, 6.977327457000058 ], [ 171.713857534000113, 6.975845197000069 ], [ 171.715842865000013, 6.974943705000044 ], [ 171.717856454000071, 6.973955292000028 ], [ 171.720042823000085, 6.972821600000032 ], [ 171.72136566100005, 6.971834259000047 ], [ 171.723494078000044, 6.970381983000038 ], [ 171.724529311000083, 6.969626843000071 ], [ 171.72493174400006, 6.96919153500005 ], [ 171.725995952000062, 6.968639324000037 ], [ 171.727060162000043, 6.967855091000047 ], [ 171.728670606000037, 6.966809389000048 ], [ 171.731144578000112, 6.96555932800004 ], [ 171.733820301000037, 6.964366915000028 ], [ 171.738193037000087, 6.962360465000074 ], [ 171.739332722000086, 6.961887499000056 ], [ 171.73933665800007, 6.959920670000031 ] ] ] ] } },
{ "type": "Feature", "properties": { "ADM0_EN": "Republic of the Marshall Islands", "ADM0_PCODE": "MH", "ADM1_EN": "Arno", "ADM1_PCODE": "MH03", "ADM2_EN": "Japo", "ADM2_PCODE": "MH0302", "Shape_Leng": 0.05226693936, "Shape_Area": 3.431468e-05, "ADM0_EN_2": "Republic of the Marshall Islands", "ADM0_PCODE_2": "MH", "ADM1_EN_2": "Arno", "ADM1_PCODE_2": "MH03", "ADM2_EN_2": "Japo", "ADM2_PCODE_2": "MH0302", "Shape_Leng_2": 0.05226693936, "Shape_Area_2": 3.431468e-05, "xcoord": 171.67913740864975, "ycoord": 6.997192422500035 }, "geometry": { "type": "MultiPolygon", "coordinates": [ [ [ [ 171.695239068000092, 6.992469536000044 ], [ 171.695084177000012, 6.991542344000038 ], [ 171.695064500000058, 6.991554658000041 ], [ 171.693860783000105, 6.992180045000055 ], [ 171.692381979000061, 6.992736540000067 ], [ 171.690902461000064, 6.992981233000023 ], [ 171.689628630000016, 6.99291376900004 ], [ 171.687838614000043, 6.992535394000072 ], [ 171.68591123300007, 6.992469 ], [ 171.684603419000041, 6.992470785000023 ], [ 171.682297573000028, 6.992543427000044 ], [ 171.681368226000018, 6.99251023100004 ], [ 171.680508272000111, 6.992684603000043 ], [ 171.679751700000111, 6.99324002700007 ], [ 171.678961502000107, 6.994142055000054 ], [ 171.678755815000045, 6.994800639000061 ], [ 171.678825928000037, 6.995597363000059 ], [ 171.678448178000053, 6.996256127000038 ], [ 171.677967407000097, 6.996949693000033 ], [ 171.677692681000053, 6.997435152000037 ], [ 171.677796776000037, 6.997989328000074 ], [ 171.677111032000084, 6.999618654000074 ], [ 171.676012124000067, 7.00142181700005 ], [ 171.675600035000116, 7.002163751000069 ], [ 171.675175423000042, 7.002544980000039 ], [ 171.675557110000113, 7.003109506000044 ], [ 171.676496473000043, 7.002042565000067 ], [ 171.677329953000026, 7.000939926000058 ], [ 171.67859412700011, 6.999199230000045 ], [ 171.678938967000022, 6.998705916000063 ], [ 171.679284165000013, 6.998502630000075 ], [ 171.680089027000122, 6.997544917000027 ], [ 171.681641520000085, 6.996006615000056 ], [ 171.683137136000028, 6.994961090000061 ], [ 171.68492071300011, 6.994002127000044 ], [ 171.686676032000037, 6.993158997000023 ], [ 171.687769932000037, 6.99309938500005 ], [ 171.688576227000112, 6.993214145000024 ], [ 171.689180769000018, 6.993213254000068 ], [ 171.690015681000091, 6.993241097000066 ], [ 171.690188816000045, 6.993472583000027 ], [ 171.691369641000051, 6.993586809000021 ], [ 171.692463181000107, 6.993237348000036 ], [ 171.694103672000097, 6.992945180000049 ], [ 171.694967203000033, 6.992682997000031 ], [ 171.695239068000092, 6.992469536000044 ] ] ] ] } },
{ "type": "Feature", "properties": { "ADM0_EN": "Republic of the Marshall Islands", "ADM0_PCODE": "MH", "ADM1_EN": "Arno", "ADM1_PCODE": "MH03", "ADM2_EN": "Jilan - Jilane", "ADM2_PCODE": "MH0320", "Shape_Leng": 0.02180759428, "Shape_Area": 1.821748e-05, "ADM0_EN_2": "Republic of the Marshall Islands", "ADM0_PCODE_2": "MH", "ADM1_EN_2": "Arno", "ADM1_PCODE_2": "MH03", "ADM2_EN_2": "Jilan - Jilane", "ADM2_PCODE_2": "MH0320", "Shape_Leng_2": 0.02180759428, "Shape_Area_2": 1.821748e-05, "xcoord": 171.70008091858784, "ycoord": 7.093803133500046 }, "geometry": { "type": "MultiPolygon", "coordinates": [ [ [ [ 171.701918364000107, 7.092255014000045 ], [ 171.701638629000058, 7.092044412000064 ], [ 171.701183971000091, 7.091693344000021 ], [ 171.701008329000047, 7.091166121000072 ], [ 171.701077728000087, 7.090814161000026 ], [ 171.701391447000105, 7.090250883000067 ], [ 171.701600353000117, 7.089828605000037 ], [ 171.7017044480001, 7.089406325000027 ], [ 171.701390015000015, 7.089336361000051 ], [ 171.701005827000017, 7.089583198000071 ], [ 171.700726807000024, 7.089935335000064 ], [ 171.700448146000099, 7.090357972000049 ], [ 171.700343691000057, 7.09078007200003 ], [ 171.700344051000116, 7.091026372000044 ], [ 171.700065030000019, 7.091202707000036 ], [ 171.699471220000078, 7.091414562000068 ], [ 171.699191843000108, 7.091555737000022 ], [ 171.698878125000078, 7.092048693000038 ], [ 171.69873933000008, 7.09261161400002 ], [ 171.698600536000072, 7.093315352000047 ], [ 171.698427401000117, 7.094370873000059 ], [ 171.698358719000112, 7.095074433000036 ], [ 171.698359434000054, 7.095672335000074 ], [ 171.698569414000076, 7.095988596000041 ], [ 171.698884922000047, 7.096621303000063 ], [ 171.699131030000103, 7.097535466000068 ], [ 171.699131747000024, 7.098098206000031 ], [ 171.698922838000044, 7.09852066600007 ], [ 171.699097764000044, 7.098625968000022 ], [ 171.699342083000033, 7.098484791000033 ], [ 171.699551349000103, 7.098308633000045 ], [ 171.699830368000107, 7.09792133600007 ], [ 171.700283595000087, 7.097322720000022 ], [ 171.700667069000019, 7.096724105000021 ], [ 171.700911031000032, 7.096090508000032 ], [ 171.701224391000096, 7.095527410000045 ], [ 171.701433299000087, 7.094858653000074 ], [ 171.701641848000122, 7.09411975300003 ], [ 171.701640774000111, 7.093486514000062 ], [ 171.701674758000081, 7.092888611000035 ], [ 171.701848966000057, 7.092536475000031 ], [ 171.701918364000107, 7.092255014000045 ] ] ] ] } },
{ "type": "Feature", "properties": { "ADM0_EN": "Republic of the Marshall Islands", "ADM0_PCODE": "MH", "ADM1_EN": "Arno", "ADM1_PCODE": "MH03", "ADM2_EN": "Kidenen", "ADM2_PCODE": "MH0316", "Shape_Leng": 0.00417679539, "Shape_Area": 1.03732e-06, "ADM0_EN_2": "Republic of the Marshall Islands", "ADM0_PCODE_2": "MH", "ADM1_EN_2": "Arno", "ADM1_PCODE_2": "MH03", "ADM2_EN_2": "Kidenen", "ADM2_PCODE_2": "MH0316", "Shape_Leng_2": 0.00417679539, "Shape_Area_2": 1.03732e-06, "xcoord": 171.64170914895732, "ycoord": 7.2122868945000675 }, "geometry": { "type": "MultiPolygon", "coordinates": [ [ [ [ 171.642262497000047, 7.21242842700002 ], [ 171.642262139000081, 7.21222924500006 ], [ 171.64214874400011, 7.212015786000052 ], [ 171.641908358000023, 7.211831240000038 ], [ 171.641583192000098, 7.211845876000041 ], [ 171.641271979000066, 7.211789297000053 ], [ 171.640903888000025, 7.211604929000032 ], [ 171.64087634200007, 7.21200347100006 ], [ 171.640961124000114, 7.212088784000059 ], [ 171.641088829000068, 7.212202295000054 ], [ 171.641201866000074, 7.212344544000075 ], [ 171.641287002000013, 7.212543724000056 ], [ 171.641471227000125, 7.212771105000058 ], [ 171.641711614000087, 7.212856239000075 ], [ 171.641881170000033, 7.212784849000059 ], [ 171.642036779000023, 7.212741836000021 ], [ 171.642206335000083, 7.212585131000026 ], [ 171.642262497000047, 7.21242842700002 ] ] ] ] } },
{ "type": "Feature", "properties": { "ADM0_EN": "Republic of the Marshall Islands", "ADM0_PCODE": "MH", "ADM1_EN": "Arno", "ADM1_PCODE": "MH03", "ADM2_EN": "Kilange", "ADM2_PCODE": "MH0330", "Shape_Leng": 0.23034336849000001, "Shape_Area": 0.00016444895, "ADM0_EN_2": "Republic of the Marshall Islands", "ADM0_PCODE_2": "MH", "ADM1_EN_2": "Arno", "ADM1_PCODE_2": "MH03", "ADM2_EN_2": "Kilange", "ADM2_PCODE_2": "MH0330", "Shape_Leng_2": 0.23034336849000001, "Shape_Area_2": 0.00016444895, "xcoord": 171.92504277934626, "ycoord": 7.1084225395000544 }, "geometry": { "type": "MultiPolygon", "coordinates": [ [ [ [ 171.934805514000118, 7.12213313500007 ], [ 171.934653843000092, 7.121658740000044 ], [ 171.934462820000022, 7.120709950000048 ], [ 171.934395570000106, 7.120036732000074 ], [ 171.934136224000099, 7.119410988000027 ], [ 171.933893333000015, 7.118773286000021 ], [ 171.933770638000055, 7.117892318000031 ], [ 171.933558154000025, 7.117163412000025 ], [ 171.933224403000054, 7.116465207000033 ], [ 171.93240809200006, 7.115828753000073 ], [ 171.931621828000061, 7.115131262000034 ], [ 171.930381981000096, 7.114100551000035 ], [ 171.929656532000081, 7.113555122000037 ], [ 171.928325823000023, 7.112403046000054 ], [ 171.927630064000027, 7.111584010000058 ], [ 171.927054855000051, 7.11076461600004 ], [ 171.926147324000112, 7.10979405300003 ], [ 171.925632213000085, 7.108974662000037 ], [ 171.92505664600003, 7.107820979000053 ], [ 171.924299359000088, 7.106515769000055 ], [ 171.924056469000107, 7.105908587000044 ], [ 171.924023557000055, 7.104541265000023 ], [ 171.923719141000106, 7.103265505000024 ], [ 171.9232040280001, 7.102324569000075 ], [ 171.922236762000011, 7.101597092000077 ], [ 171.921359639000116, 7.100839273000076 ], [ 171.920695359000092, 7.100597436000044 ], [ 171.91948698900012, 7.100174442000025 ], [ 171.918338717000097, 7.09956904400002 ], [ 171.916344085000105, 7.098418218000063 ], [ 171.915073831000086, 7.097235622000028 ], [ 171.914045751000117, 7.096356441000069 ], [ 171.913047006000056, 7.095173308000028 ], [ 171.911926994000055, 7.093565043000069 ], [ 171.911473050000041, 7.092897357000027 ], [ 171.91089855600012, 7.092442772000027 ], [ 171.910383086000024, 7.091197890000046 ], [ 171.909898020000014, 7.090135230000044 ], [ 171.909352145000071, 7.088890524000021 ], [ 171.90874653100002, 7.087980108000068 ], [ 171.907748857000115, 7.087252810000052 ], [ 171.907144671000083, 7.08688925000007 ], [ 171.906239289000041, 7.086982238000076 ], [ 171.905334265000079, 7.087378993000073 ], [ 171.904399548000015, 7.087897473000055 ], [ 171.903978159000076, 7.088475563000031 ], [ 171.903496672000074, 7.089266576000057 ], [ 171.903045590000033, 7.090270338000039 ], [ 171.90286565700012, 7.090817553000022 ], [ 171.902323358000103, 7.091396001000021 ], [ 171.901419049000083, 7.091944820000037 ], [ 171.89975959800006, 7.092494889000022 ], [ 171.897707376000085, 7.09274208100004 ], [ 171.896348766000074, 7.092562352000073 ], [ 171.894838482000068, 7.092170238000051 ], [ 171.893569304000039, 7.091504157000031 ], [ 171.892270073000077, 7.090777396000021 ], [ 171.891483455000071, 7.089928194000038 ], [ 171.890817027000026, 7.088622808000025 ], [ 171.890392416000054, 7.087651171000061 ], [ 171.889395101000105, 7.086954215000048 ], [ 171.888488644000063, 7.086530509000056 ], [ 171.887069222000036, 7.086199076000071 ], [ 171.885347530000104, 7.085594571000058 ], [ 171.884501170000021, 7.085140344000024 ], [ 171.883866937000107, 7.084928846000025 ], [ 171.883202298000015, 7.084687009000049 ], [ 171.882537659000036, 7.084354148000045 ], [ 171.881631563000042, 7.084112666000067 ], [ 171.880636035000066, 7.084327377000022 ], [ 171.880002877000038, 7.084845141000073 ], [ 171.879430171000081, 7.085302045000049 ], [ 171.878404954000075, 7.085851043000048 ], [ 171.877168324000081, 7.086369879000074 ], [ 171.875961387000075, 7.086767171000076 ], [ 171.874965860000088, 7.087072903000035 ], [ 171.874120932000096, 7.087226573000066 ], [ 171.87297409100006, 7.087350260000051 ], [ 171.871464525000079, 7.087140370000043 ], [ 171.869984291000037, 7.086717732000068 ], [ 171.868836375000114, 7.086142498000072 ], [ 171.86792992200003, 7.085658108000075 ], [ 171.866720479000037, 7.084687901000052 ], [ 171.866613163000125, 7.084562967000068 ], [ 171.866116650000095, 7.084930990000032 ], [ 171.866434303000119, 7.085136417000058 ], [ 171.866708674000051, 7.085279557000035 ], [ 171.866884312000025, 7.085433584000043 ], [ 171.867103950000114, 7.085709152000049 ], [ 171.867433408000124, 7.085951347000048 ], [ 171.867850506000082, 7.08618229800004 ], [ 171.868201427000031, 7.086280997000074 ], [ 171.868574526000089, 7.086401828000021 ], [ 171.86875016700003, 7.086478751000072 ], [ 171.86888216300008, 7.086710235000055 ], [ 171.869024893000073, 7.086886572000026 ], [ 171.869255622000082, 7.087106814000038 ], [ 171.869453795000027, 7.08757014400004 ], [ 171.869443780000097, 7.087989569000058 ], [ 171.869587224000043, 7.088430764000066 ], [ 171.869686671000068, 7.088861076000057 ], [ 171.870027217000029, 7.089191439000047 ], [ 171.870378494000079, 7.089433632000066 ], [ 171.870751593000023, 7.089664762000041 ], [ 171.871157602000039, 7.089873581000063 ], [ 171.871695609000085, 7.090159682000035 ], [ 171.872266169000113, 7.090379211000027 ], [ 171.872628179000117, 7.090444890000072 ], [ 171.87289110100005, 7.090422225000054 ], [ 171.873110023000095, 7.090278369000032 ], [ 171.873351482000089, 7.090255881000076 ], [ 171.873658760000012, 7.090365646000066 ], [ 171.873910595000098, 7.09034297900007 ], [ 171.874151695000023, 7.090276406000044 ], [ 171.874359889000061, 7.090143440000077 ], [ 171.874600631000021, 7.089856091000058 ], [ 171.874709734000021, 7.089657266000074 ], [ 171.874709377000045, 7.089469507000047 ], [ 171.874709020000068, 7.089237844000024 ], [ 171.87479630200005, 7.089016887000071 ], [ 171.874982315000125, 7.088817885000026 ], [ 171.875234506000083, 7.088695982000047 ], [ 171.875650888000109, 7.088673140000026 ], [ 171.876122718000033, 7.088749528000051 ], [ 171.876572369000087, 7.088869999000053 ], [ 171.877000199000122, 7.088990650000028 ], [ 171.877439117000108, 7.089188405000073 ], [ 171.877735664000056, 7.089353497000047 ], [ 171.878097675000049, 7.089562494000063 ], [ 171.878328044000114, 7.089639239000064 ], [ 171.878459684000063, 7.089627996000047 ], [ 171.878623877000109, 7.089495208000073 ], [ 171.87884279900004, 7.089263008000046 ], [ 171.879072097000062, 7.088810031000037 ], [ 171.879345392000118, 7.088357053000038 ], [ 171.879520316000026, 7.088091836000046 ], [ 171.879804702000115, 7.087727025000049 ], [ 171.880264368000098, 7.087174280000056 ], [ 171.880854959000089, 7.08653300800006 ], [ 171.881500996000113, 7.086035054000035 ], [ 171.882026841000084, 7.085758234000025 ], [ 171.882706145000043, 7.085558161000051 ], [ 171.883342168000013, 7.085523894000062 ], [ 171.883912368000097, 7.085566906000054 ], [ 171.884153826000102, 7.085632586000031 ], [ 171.884373108000091, 7.085632228000065 ], [ 171.884548747000053, 7.085753237000063 ], [ 171.88463674500008, 7.085863536000033 ], [ 171.8846038370001, 7.085951883000064 ], [ 171.884626013000116, 7.086073249000037 ], [ 171.884768744000098, 7.086161238000045 ], [ 171.884944025000095, 7.086127863000058 ], [ 171.885338945000058, 7.08612714800006 ], [ 171.885876236000058, 7.086269576000063 ], [ 171.886446794000108, 7.086456084000076 ], [ 171.886852804000114, 7.086565669000038 ], [ 171.887050264000095, 7.086730761000069 ], [ 171.887225902000068, 7.086796799000069 ], [ 171.887599002000115, 7.086851234000051 ], [ 171.887938834000124, 7.086850519000052 ], [ 171.888279023000109, 7.086971350000056 ], [ 171.888585943000066, 7.087081113000067 ], [ 171.888838491000115, 7.087224076000041 ], [ 171.889058488000046, 7.087477513000067 ], [ 171.889245218000042, 7.087786102000052 ], [ 171.889475944000083, 7.088006523000047 ], [ 171.889651584000035, 7.088149663000024 ], [ 171.889981040000066, 7.088435941000057 ], [ 171.89010230700012, 7.088645474000032 ], [ 171.89046467300011, 7.089009033000025 ], [ 171.890805221000051, 7.089284247000023 ], [ 171.890838131000123, 7.089427743000044 ], [ 171.890849578000029, 7.089659408000045 ], [ 171.890948667000089, 7.08990213800007 ], [ 171.891223393000018, 7.09019948200006 ], [ 171.891377211000076, 7.090386885000044 ], [ 171.891465568000058, 7.090695829000026 ], [ 171.891532104000021, 7.090982644000064 ], [ 171.891707743000097, 7.091180935000068 ], [ 171.891971381000076, 7.091434194000044 ], [ 171.892256837000104, 7.091643369000053 ], [ 171.892498299000067, 7.091731183000036 ], [ 171.892849575000014, 7.091852010000025 ], [ 171.893266316000108, 7.09204976500007 ], [ 171.893661593000047, 7.092225744000075 ], [ 171.894111601000077, 7.092423497000027 ], [ 171.894495433000088, 7.092599299000028 ], [ 171.894747981000023, 7.092753326000036 ], [ 171.89481415900002, 7.092907709000031 ], [ 171.894956888000024, 7.092984811000065 ], [ 171.895121438000047, 7.093017474000021 ], [ 171.895362539000075, 7.093006050000042 ], [ 171.895592907000037, 7.092994627000053 ], [ 171.895845099000098, 7.09303817600005 ], [ 171.896064380000098, 7.093115101000024 ], [ 171.896284018000074, 7.093202911000049 ], [ 171.896546941000111, 7.093202375000033 ], [ 171.897040589000085, 7.093267700000069 ], [ 171.897709522000014, 7.093376748000026 ], [ 171.898839192000082, 7.09346277700007 ], [ 171.899507765000067, 7.093384245000038 ], [ 171.900527259000114, 7.093205767000029 ], [ 171.901458755000021, 7.092894859000069 ], [ 171.902017511000054, 7.092706030000045 ], [ 171.902620263000017, 7.092550396000036 ], [ 171.903453030000037, 7.092305881000073 ], [ 171.904011783000101, 7.092051014000049 ], [ 171.904197797000052, 7.091929113000049 ], [ 171.904427808000037, 7.091696915000057 ], [ 171.905150755000022, 7.091364408000061 ], [ 171.905544960000043, 7.091131853000036 ], [ 171.905862971000033, 7.091065101000027 ], [ 171.906092982000018, 7.09104243400003 ], [ 171.90659736300006, 7.09094213000003 ], [ 171.907079568000086, 7.090897154000061 ], [ 171.907583948000024, 7.090873952000038 ], [ 171.908077596000112, 7.090939275000039 ], [ 171.908604158000117, 7.091170046000059 ], [ 171.909141806000093, 7.091433836000022 ], [ 171.909471264000103, 7.091698161000068 ], [ 171.909757080000077, 7.091995507000036 ], [ 171.909976720000031, 7.092204863000063 ], [ 171.91016344600007, 7.092292673000031 ], [ 171.910470726000085, 7.092501851000065 ], [ 171.910888181000018, 7.092997663000062 ], [ 171.911031627000057, 7.093306428000062 ], [ 171.911240176000092, 7.093526850000046 ], [ 171.911504171000047, 7.093835260000048 ], [ 171.911767809000025, 7.094143847000055 ], [ 171.911954895000122, 7.094474569000056 ], [ 171.912240710000106, 7.094882389000077 ], [ 171.912361978000035, 7.095224354000038 ], [ 171.912581615000022, 7.09546672700003 ], [ 171.912702881000087, 7.095665195000038 ], [ 171.912900342000057, 7.095841352000036 ], [ 171.913219066000124, 7.096116565000045 ], [ 171.913526347000015, 7.096303610000064 ], [ 171.913570703000119, 7.096513322000021 ], [ 171.913713433000112, 7.096711613000025 ], [ 171.913878698000076, 7.097009313000058 ], [ 171.914043249000088, 7.097075171000029 ], [ 171.91420779800012, 7.097141210000075 ], [ 171.9143508840001, 7.097394646000055 ], [ 171.914712895000093, 7.097570627000039 ], [ 171.915152171000045, 7.097845662000054 ], [ 171.915624358000059, 7.098175846000061 ], [ 171.916008546000057, 7.098395909000033 ], [ 171.916228186000012, 7.098660235000068 ], [ 171.916722193000055, 7.098968289000027 ], [ 171.917227289000039, 7.099342557000057 ], [ 171.917765296000084, 7.099617414000022 ], [ 171.918358033000118, 7.10006878400003 ], [ 171.918940040000052, 7.100376657000027 ], [ 171.919598599000096, 7.100849983000046 ], [ 171.920147691000125, 7.101246205000052 ], [ 171.920642059000102, 7.101642604000062 ], [ 171.921125333000077, 7.102149481000026 ], [ 171.921850784000071, 7.103097200000036 ], [ 171.922301509000022, 7.103681180000024 ], [ 171.92310494100002, 7.105081340000027 ], [ 171.923259117000043, 7.105544669000039 ], [ 171.923402204000013, 7.105842372000041 ], [ 171.923632932000032, 7.10607367700004 ], [ 171.923996014000068, 7.106624818000057 ], [ 171.924260009000022, 7.107099035000033 ], [ 171.92433763400004, 7.107518279000033 ], [ 171.924404168000024, 7.107893441000044 ], [ 171.92460234400005, 7.108279311000047 ], [ 171.924855250000064, 7.108565768000062 ], [ 171.924932161000015, 7.10878636700005 ], [ 171.924768325000059, 7.108974303000025 ], [ 171.924692132000018, 7.109228458000075 ], [ 171.924834861000022, 7.109404614000027 ], [ 171.925043411000047, 7.109448342000064 ], [ 171.925383600000032, 7.109712667000053 ], [ 171.925724145000117, 7.110021078000045 ], [ 171.925900143000035, 7.110285583000064 ], [ 171.925966679000112, 7.110550267000065 ], [ 171.925977767000063, 7.110771043000057 ], [ 171.926055034000115, 7.110947558000021 ], [ 171.926395224000089, 7.111112471000069 ], [ 171.926746502000015, 7.111365553000041 ], [ 171.927383598000119, 7.111849942000049 ], [ 171.927669412000114, 7.112202616000047 ], [ 171.927977049000106, 7.11251102500006 ], [ 171.928196688000071, 7.112775529000032 ], [ 171.928559771000096, 7.113249389000032 ], [ 171.92871358900004, 7.113381462000063 ], [ 171.929009422000036, 7.113447144000077 ], [ 171.929086688000098, 7.113601527000071 ], [ 171.929174686000124, 7.113777863000053 ], [ 171.929482679000103, 7.114251900000056 ], [ 171.929768497000055, 7.114582442000028 ], [ 171.929845763000117, 7.114946537000037 ], [ 171.93010976000005, 7.11534329400007 ], [ 171.930516842000088, 7.115982780000024 ], [ 171.930814463000047, 7.116754876000073 ], [ 171.930880999000124, 7.117151989000035 ], [ 171.931025874000056, 7.118255520000048 ], [ 171.931093124000085, 7.118939805000025 ], [ 171.931177903000048, 7.119508258000053 ], [ 171.93108918900009, 7.120450442000049 ], [ 171.930789423000078, 7.121605911000074 ], [ 171.930549395000071, 7.122274845000049 ], [ 171.93024962700008, 7.123278249000066 ], [ 171.929889406000029, 7.124342694000063 ], [ 171.929437967000013, 7.125072847000069 ], [ 171.92883521400006, 7.125560449000034 ], [ 171.928624158000048, 7.125773552000055 ], [ 171.928172006000068, 7.126139075000026 ], [ 171.927809996000065, 7.126230992000046 ], [ 171.927387172000067, 7.126079997000033 ], [ 171.927145714000062, 7.126171557000021 ], [ 171.926754014000039, 7.126537082000027 ], [ 171.92563936800002, 7.127663635000033 ], [ 171.925067019000039, 7.128333463000047 ], [ 171.924313309000013, 7.128851584000074 ], [ 171.923469097000066, 7.129309024000065 ], [ 171.922804815000063, 7.129310451000038 ], [ 171.922110486000065, 7.129220676000045 ], [ 171.921505946000025, 7.12891797900005 ], [ 171.921052717000066, 7.128645443000039 ], [ 171.92068963600002, 7.128281525000034 ], [ 171.92053760400006, 7.127825871000027 ], [ 171.920386291000113, 7.127552621000063 ], [ 171.920415623000054, 7.127157648000036 ], [ 171.920475362000047, 7.126884043000075 ], [ 171.920414907000122, 7.126732157000049 ], [ 171.920173091000038, 7.126611149000041 ], [ 171.91993198900002, 7.12679391100005 ], [ 171.919811795000101, 7.127219582000066 ], [ 171.919752416000051, 7.127554049000025 ], [ 171.919330666000064, 7.128010596000024 ], [ 171.918788011000061, 7.128528361000065 ], [ 171.918457121000074, 7.128984906000028 ], [ 171.918125518000124, 7.129289389000064 ], [ 171.917794273000027, 7.129654734000042 ], [ 171.917764581000029, 7.130049886000052 ], [ 171.918127662000074, 7.130444323000063 ], [ 171.918520794000074, 7.130808060000049 ], [ 171.918823424000038, 7.131172155000058 ], [ 171.919125695000048, 7.131323504000022 ], [ 171.919458013000053, 7.131444513000076 ], [ 171.919971696000061, 7.131564987000047 ], [ 171.920213870000111, 7.131929081000067 ], [ 171.920697504000032, 7.132323162000034 ], [ 171.921000132000017, 7.132656915000041 ], [ 171.921543505000045, 7.132686186000058 ], [ 171.922388790000014, 7.132593377000035 ], [ 171.923534560000121, 7.131831274000035 ], [ 171.925041263000026, 7.130491083000038 ], [ 171.926909979000015, 7.128967954000075 ], [ 171.928899245000025, 7.127383601000076 ], [ 171.930647766000106, 7.126103736000061 ], [ 171.931371428000034, 7.125768019000077 ], [ 171.932064684000125, 7.125280238000073 ], [ 171.932728608000048, 7.125005381000051 ], [ 171.933602870000072, 7.124547764000056 ], [ 171.934205621000046, 7.123908456000038 ], [ 171.934596249000037, 7.123117618000038 ], [ 171.934762587000023, 7.122607887000072 ], [ 171.934805514000118, 7.12213313500007 ] ] ] ] } },
{ "type": "Feature", "properties": { "ADM0_EN": "Republic of the Marshall Islands", "ADM0_PCODE": "MH", "ADM1_EN": "Arno", "ADM1_PCODE": "MH03", "ADM2_EN": "Kilemman", "ADM2_PCODE": "MH0309", "Shape_Leng": 0.02115438034, "Shape_Area": 8.35598e-06, "ADM0_EN_2": "Republic of the Marshall Islands", "ADM0_PCODE_2": "MH", "ADM1_EN_2": "Arno", "ADM1_PCODE_2": "MH03", "ADM2_EN_2": "Kilemman", "ADM2_PCODE_2": "MH0309", "Shape_Leng_2": 0.02115438034, "Shape_Area_2": 8.35598e-06, "xcoord": 171.56463166631625, "ycoord": 7.1033419290000666 }, "geometry": { "type": "MultiPolygon", "coordinates": [ [ [ [ 171.567197189000012, 7.107814769000072 ], [ 171.56718395300004, 7.107696971000053 ], [ 171.56679904900011, 7.107360007000068 ], [ 171.566607671000043, 7.107047848000036 ], [ 171.566328651000049, 7.106128329000057 ], [ 171.565673671000013, 7.105156515000033 ], [ 171.565502682000101, 7.104614656000024 ], [ 171.565408244000082, 7.104027463000023 ], [ 171.565072350000037, 7.103457047000063 ], [ 171.565104901000041, 7.102806139000052 ], [ 171.564857002000053, 7.101838073000067 ], [ 171.564668485000084, 7.100203213000043 ], [ 171.564745395000045, 7.098831430000075 ], [ 171.56467671300004, 7.098627610000051 ], [ 171.564530764000096, 7.098553541000058 ], [ 171.564382311000031, 7.098576208000054 ], [ 171.564252816000021, 7.098718276000056 ], [ 171.563937669000097, 7.099488766000036 ], [ 171.563494457000047, 7.10022463100006 ], [ 171.563327761000096, 7.100648695000075 ], [ 171.563320607000037, 7.101183595000066 ], [ 171.563437581000017, 7.101880372000039 ], [ 171.563649706000092, 7.102448646000028 ], [ 171.564165535000029, 7.10322681100007 ], [ 171.564259257000117, 7.103774738000027 ], [ 171.565076641000019, 7.104918603000044 ], [ 171.565362456000116, 7.105700874000036 ], [ 171.566091843000095, 7.106846704000077 ], [ 171.566368, 7.107504573000028 ], [ 171.566668126000081, 7.107841005000068 ], [ 171.567068411000037, 7.107904900000051 ], [ 171.567197189000012, 7.107814769000072 ] ] ] ] } },
{ "type": "Feature", "properties": { "ADM0_EN": "Republic of the Marshall Islands", "ADM0_PCODE": "MH", "ADM1_EN": "Arno", "ADM1_PCODE": "MH03", "ADM2_EN": "Kinajon", "ADM2_PCODE": "MH0303", "Shape_Leng": 0.14976768361000001, "Shape_Area": 5.391896e-05, "ADM0_EN_2": "Republic of the Marshall Islands", "ADM0_PCODE_2": "MH", "ADM1_EN_2": "Arno", "ADM1_PCODE_2": "MH03", "ADM2_EN_2": "Kinajon", "ADM2_PCODE_2": "MH0303", "Shape_Leng_2": 0.14976768361000001, "Shape_Area_2": 5.391896e-05, "xcoord": 171.6448531984343, "ycoord": 7.0012271865000741 }, "geometry": { "type": "MultiPolygon", "coordinates": [ [ [ [ 171.675557110000113, 7.003109506000044 ], [ 171.675175423000042, 7.002544980000039 ], [ 171.674672116000124, 7.002996529000029 ], [ 171.673331032000078, 7.003968522000037 ], [ 171.671336759000042, 7.005253383000024 ], [ 171.670373787000017, 7.005774362000068 ], [ 171.669342128000039, 7.006434196000043 ], [ 171.668379153000046, 7.006782049000037 ], [ 171.66765620700005, 7.006783120000023 ], [ 171.665385061000052, 7.006924831000049 ], [ 171.663147898000034, 7.006858795000028 ], [ 171.661668020000093, 7.006895561000022 ], [ 171.658673570000019, 7.00693429100005 ], [ 171.656160606000071, 7.006591435000075 ], [ 171.654370948000064, 7.006455432000052 ], [ 171.652064385000017, 7.006077418000075 ], [ 171.649791809000021, 7.005283726000073 ], [ 171.648413883000103, 7.004384911000045 ], [ 171.647207660000049, 7.003416488000028 ], [ 171.646690758000091, 7.002897473000075 ], [ 171.646139159000086, 7.002032213000064 ], [ 171.645553217000042, 7.001409323000075 ], [ 171.645380441000043, 7.000959202000047 ], [ 171.645310686000016, 7.000405028000046 ], [ 171.644965845000115, 6.999920460000055 ], [ 171.644448945000022, 6.999505320000026 ], [ 171.642865332000042, 6.99912641100002 ], [ 171.641282075000049, 6.999024679000058 ], [ 171.640043300000116, 6.999164963000055 ], [ 171.637737095000034, 6.999098748000051 ], [ 171.636153839000031, 6.998858514000062 ], [ 171.634845669000015, 6.998790872000029 ], [ 171.632504767000114, 6.998308981000037 ], [ 171.630990192000013, 6.997999321000066 ], [ 171.629268141000011, 6.99730861200004 ], [ 171.627511750000053, 6.996444958000041 ], [ 171.62568667700009, 6.995685176000052 ], [ 171.623380115000032, 6.995064608000064 ], [ 171.62227834600003, 6.994892910000033 ], [ 171.620110223000097, 6.994930390000036 ], [ 171.617976798000086, 6.995071747000054 ], [ 171.615808314000105, 6.995143851000023 ], [ 171.614294098000073, 6.995111189000056 ], [ 171.612057292000031, 6.995426025000029 ], [ 171.610887915000035, 6.99584330700003 ], [ 171.610577774000035, 6.995809039000051 ], [ 171.609786861000089, 6.996087287000023 ], [ 171.608479762000115, 6.996851173000039 ], [ 171.606645030000095, 6.998091772000066 ], [ 171.606991658000084, 6.998778736000077 ], [ 171.609231683000075, 6.997294691000036 ], [ 171.610066238000059, 6.996916853000073 ], [ 171.610296609000102, 6.996974502000057 ], [ 171.611131162000106, 6.996567749000064 ], [ 171.613232037000103, 6.995927369000071 ], [ 171.614153515000112, 6.995868115000064 ], [ 171.615190180000013, 6.996040705000041 ], [ 171.617118991000098, 6.995748358000071 ], [ 171.618731223000054, 6.995746215000054 ], [ 171.619825122000066, 6.995715694000069 ], [ 171.620919379000043, 6.995801186000051 ], [ 171.621552895000036, 6.99571355300003 ], [ 171.622387808000099, 6.995770310000069 ], [ 171.623079275000123, 6.996001259000025 ], [ 171.623885212000118, 6.995971277000024 ], [ 171.625181220000059, 6.996288253000046 ], [ 171.626304811000068, 6.996779604000039 ], [ 171.627486351000016, 6.997444611000049 ], [ 171.628580607000117, 6.997819952000043 ], [ 171.629761791000078, 6.998282031000031 ], [ 171.630366691000063, 6.998455154000055 ], [ 171.631202317000088, 6.998975595000047 ], [ 171.632325550000019, 6.999264018000076 ], [ 171.63304563500003, 6.999320952000062 ], [ 171.633679153000116, 6.99952299000006 ], [ 171.634456473000114, 6.999493004000044 ], [ 171.635406926000087, 6.99960758900005 ], [ 171.636328404000096, 6.999751263000064 ], [ 171.637307478000025, 6.999807840000074 ], [ 171.638200340000026, 6.999980607000055 ], [ 171.639063870000086, 6.999979357000029 ], [ 171.639553226000089, 6.999949730000026 ], [ 171.64070507800011, 7.000035221000076 ], [ 171.642058320000046, 7.000091263000058 ], [ 171.642864972000098, 7.00026402900005 ], [ 171.643470231000038, 7.000727003000065 ], [ 171.64395994500012, 7.001045050000073 ], [ 171.64479593100009, 7.001623676000065 ], [ 171.645285644000069, 7.002028642000028 ], [ 171.645546065000076, 7.002781819000063 ], [ 171.645892335000099, 7.003361161000043 ], [ 171.646612777000087, 7.003852867000035 ], [ 171.647534972000017, 7.00454714600005 ], [ 171.648255412000026, 7.004922842000042 ], [ 171.649379004000025, 7.005501112000047 ], [ 171.650185655000087, 7.005847716000062 ], [ 171.651078876000042, 7.006165228000043 ], [ 171.652028972000039, 7.006366909000064 ], [ 171.652835626000069, 7.006481671000074 ], [ 171.653267748000076, 7.006626061000077 ], [ 171.653814698000019, 7.00668317100002 ], [ 171.654102660000035, 7.006827739000073 ], [ 171.654937929000084, 7.00697141400002 ], [ 171.655542470000114, 7.006970523000064 ], [ 171.656089779000013, 7.00699872000007 ], [ 171.656435692000059, 7.007201292000047 ], [ 171.65727060200004, 7.007258049000029 ], [ 171.657961713000077, 7.007256978000044 ], [ 171.658623847000058, 7.007314092000058 ], [ 171.659286340000108, 7.007429032000061 ], [ 171.659660871000028, 7.00766033900004 ], [ 171.660178844000029, 7.007543793000025 ], [ 171.660812005000025, 7.007339971000022 ], [ 171.661560706000046, 7.007367814000077 ], [ 171.662424593000082, 7.007424569000023 ], [ 171.662683581000124, 7.007395301000031 ], [ 171.663087085000029, 7.007539689000055 ], [ 171.663346429000057, 7.007655163000038 ], [ 171.66366301000005, 7.007625714000028 ], [ 171.664152367000042, 7.007480077000025 ], [ 171.664785884000025, 7.00753719000005 ], [ 171.665390426000044, 7.00759430200003 ], [ 171.665793573000087, 7.007622681000043 ], [ 171.666139128000054, 7.007535225000026 ], [ 171.66654191900011, 7.007447773000024 ], [ 171.666887831000054, 7.007621254000071 ], [ 171.667636175000098, 7.007417252000039 ], [ 171.668844544000081, 7.006951781000055 ], [ 171.670255023000095, 7.006485955000073 ], [ 171.670887826000012, 7.006282132000024 ], [ 171.671664786000065, 7.005817375000049 ], [ 171.672873513000013, 7.005525741000042 ], [ 171.673419746000036, 7.005003336000073 ], [ 171.674110500000097, 7.004625499000042 ], [ 171.675346770000033, 7.003348490000064 ], [ 171.675557110000113, 7.003109506000044 ] ] ] ] } },
{ "type": "Feature", "properties": { "ADM0_EN": "Republic of the Marshall Islands", "ADM0_PCODE": "MH", "ADM1_EN": "Arno", "ADM1_PCODE": "MH03", "ADM2_EN": "Langor", "ADM2_PCODE": "MH0327", "Shape_Leng": 0.03044860665, "Shape_Area": 6.195055e-05, "ADM0_EN_2": "Republic of the Marshall Islands", "ADM0_PCODE_2": "MH", "ADM1_EN_2": "Arno", "ADM1_PCODE_2": "MH03", "ADM2_EN_2": "Langor", "ADM2_PCODE_2": "MH0327", "Shape_Leng_2": 0.03044860665, "Shape_Area_2": 6.195055e-05, "xcoord": 171.85205381265416, "ycoord": 7.1563887860000648 }, "geometry": { "type": "MultiPolygon", "coordinates": [ [ [ [ 171.85745488800012, 7.15753729100004 ], [ 171.855218438000065, 7.152111739000077 ], [ 171.853082508000057, 7.152740695000034 ], [ 171.849988255000085, 7.153780686000061 ], [ 171.847225603000084, 7.155632039000068 ], [ 171.847026715000084, 7.157145533000062 ], [ 171.848626427000113, 7.158220863000054 ], [ 171.850095213000031, 7.161194843000033 ], [ 171.851927439000065, 7.161863780000033 ], [ 171.854694025000072, 7.16005704500003 ], [ 171.85745488800012, 7.15753729100004 ] ] ] ] } },
{ "type": "Feature", "properties": { "ADM0_EN": "Republic of the Marshall Islands", "ADM0_PCODE": "MH", "ADM1_EN": "Arno", "ADM1_PCODE": "MH03", "ADM2_EN": "Likwoj - Lukoj", "ADM2_PCODE": "MH0304", "Shape_Leng": 0.11930509214, "Shape_Area": 7.269294e-05, "ADM0_EN_2": "Republic of the Marshall Islands", "ADM0_PCODE_2": "MH", "ADM1_EN_2": "Arno", "ADM1_PCODE_2": "MH03", "ADM2_EN_2": "Likwoj - Lukoj", "ADM2_PCODE_2": "MH0304", "Shape_Leng_2": 0.11930509214, "Shape_Area_2": 7.269294e-05, "xcoord": 171.5853750007326, "ycoord": 7.0214968510000233 }, "geometry": { "type": "MultiPolygon", "coordinates": [ [ [ [ 171.606991658000084, 6.998778736000077 ], [ 171.606645030000095, 6.998091772000066 ], [ 171.604834624000091, 6.999315599000056 ], [ 171.604009369000096, 6.999836396000035 ], [ 171.603046753000058, 7.000495873000034 ], [ 171.602668288000018, 7.00080820900007 ], [ 171.602393205000112, 7.001051117000031 ], [ 171.600879703000032, 7.001711311000065 ], [ 171.599916728000039, 7.002093609000042 ], [ 171.598781690000123, 7.00278806700004 ], [ 171.597577972000067, 7.003378650000059 ], [ 171.59668367800009, 7.004037951000043 ], [ 171.595721063000042, 7.00462817600004 ], [ 171.594448304000025, 7.005253383000024 ], [ 171.592866478000019, 7.006398857000022 ], [ 171.592076281000118, 7.007647131000056 ], [ 171.59138946500002, 7.008721928000057 ], [ 171.590839652000113, 7.009519547000025 ], [ 171.590393937000044, 7.010871337000026 ], [ 171.589741460000027, 7.012050185000021 ], [ 171.589054645000033, 7.01340215700003 ], [ 171.588436507000097, 7.014511756000047 ], [ 171.58713048200002, 7.016003118000071 ], [ 171.586031216000038, 7.017563730000063 ], [ 171.585138355000026, 7.01943578700002 ], [ 171.584623958000066, 7.020856829000024 ], [ 171.584246566000047, 7.021758141000021 ], [ 171.583801567000023, 7.02366446700006 ], [ 171.583596236000062, 7.024877226000058 ], [ 171.583253901000035, 7.026229020000073 ], [ 171.582327055000064, 7.028205127000035 ], [ 171.581502518000093, 7.029488029000049 ], [ 171.580437593000056, 7.031291193000072 ], [ 171.579716078000047, 7.032192863000034 ], [ 171.578925880000043, 7.03354519100003 ], [ 171.578479806000018, 7.034515934000069 ], [ 171.577380542000014, 7.036422793000042 ], [ 171.57662468500007, 7.037532570000053 ], [ 171.576246936000075, 7.038295385000026 ], [ 171.575559762000012, 7.039370179000059 ], [ 171.574769921000097, 7.040722508000044 ], [ 171.574461213000063, 7.041485145000024 ], [ 171.574496626000041, 7.042386103000069 ], [ 171.574324921000084, 7.042871385000069 ], [ 171.574049122000019, 7.043460361000029 ], [ 171.573892084000022, 7.043894420000072 ], [ 171.573671729000012, 7.044392195000057 ], [ 171.57345173300007, 7.044868732000054 ], [ 171.573424904000035, 7.044889259000058 ], [ 171.573624509000069, 7.045059525000056 ], [ 171.574535259000072, 7.043076634000045 ], [ 171.574851838000086, 7.042902261000052 ], [ 171.575369098000124, 7.042118920000064 ], [ 171.576892258000044, 7.039479408000034 ], [ 171.578903702000048, 7.036172567000051 ], [ 171.579938220000031, 7.034518968000043 ], [ 171.58016787400004, 7.033968006000066 ], [ 171.580828936000103, 7.032894818000045 ], [ 171.581718936000016, 7.030893721000041 ], [ 171.581834122000032, 7.03066152100007 ], [ 171.582150700000057, 7.03054533300002 ], [ 171.582638628000041, 7.029530149000038 ], [ 171.583500368000045, 7.027818900000057 ], [ 171.584505554000089, 7.025556870000059 ], [ 171.586515566000116, 7.021235561000026 ], [ 171.588382135000074, 7.017204455000069 ], [ 171.589905296000097, 7.014854791000062 ], [ 171.5913705050001, 7.012244190000047 ], [ 171.592548824000119, 7.010271832000058 ], [ 171.594273022000039, 7.007719059000067 ], [ 171.595854491000068, 7.006064925000032 ], [ 171.598529499000051, 7.003916762000074 ], [ 171.600773459000038, 7.002493756000035 ], [ 171.602269791000026, 7.001738260000025 ], [ 171.603132961000028, 7.001215319000039 ], [ 171.604283739000039, 7.000576368000054 ], [ 171.606470107000064, 6.999124269000049 ], [ 171.606991658000084, 6.998778736000077 ] ] ] ] } },
{ "type": "Feature", "properties": { "ADM0_EN": "Republic of the Marshall Islands", "ADM0_PCODE": "MH", "ADM1_EN": "Arno", "ADM1_PCODE": "MH03", "ADM2_EN": "Malel", "ADM2_PCODE": "MH0331", "Shape_Leng": 0.06196617061, "Shape_Area": 2.448762e-05, "ADM0_EN_2": "Republic of the Marshall Islands", "ADM0_PCODE_2": "MH", "ADM1_EN_2": "Arno", "ADM1_PCODE_2": "MH03", "ADM2_EN_2": "Malel", "ADM2_PCODE_2": "MH0331", "Shape_Leng_2": 0.06196617061, "Shape_Area_2": 2.448762e-05, "xcoord": 171.8605135571587, "ycoord": 7.0787096895000445 }, "geometry": { "type": "MultiPolygon", "coordinates": [ [ [ [ 171.866613163000125, 7.084562967000068 ], [ 171.865964263000023, 7.083808183000031 ], [ 171.864753748000112, 7.082230259000028 ], [ 171.863513544000057, 7.080895600000076 ], [ 171.862666470000022, 7.079742454000041 ], [ 171.861940303000097, 7.078893077000032 ], [ 171.861033133000092, 7.07807421800004 ], [ 171.859914907000075, 7.077347099000065 ], [ 171.859099313000115, 7.076983896000058 ], [ 171.858223621000093, 7.076894479000032 ], [ 171.857015968000042, 7.076714395000067 ], [ 171.855324680000081, 7.076352796000037 ], [ 171.853664157000026, 7.076021721000075 ], [ 171.853190897000104, 7.076010655000061 ], [ 171.852680436000014, 7.075871621000033 ], [ 171.851937814000053, 7.075581237000051 ], [ 171.851462050000123, 7.075418644000024 ], [ 171.851056040000117, 7.075221068000076 ], [ 171.850754485000039, 7.075186622000047 ], [ 171.850359925000021, 7.074918905000061 ], [ 171.84993066100003, 7.074709550000023 ], [ 171.849188042000037, 7.074407566000048 ], [ 171.848863234000078, 7.074361339000063 ], [ 171.848526622000122, 7.07418696600007 ], [ 171.848178564000023, 7.074012592000031 ], [ 171.847784003000015, 7.073814840000068 ], [ 171.847586900000124, 7.073803595000072 ], [ 171.847377993000123, 7.073722209000039 ], [ 171.846994877000043, 7.073501254000064 ], [ 171.846670428000039, 7.073408445000041 ], [ 171.84639212400009, 7.073408979000021 ], [ 171.846020814000099, 7.07325780900004 ], [ 171.845440954000082, 7.073165537000023 ], [ 171.845023497000057, 7.073166429000025 ], [ 171.844547733000013, 7.073050598000066 ], [ 171.84411883000007, 7.072957966000047 ], [ 171.843620175000069, 7.07285373600007 ], [ 171.843098263000115, 7.072808044000055 ], [ 171.842622857000038, 7.072762177000072 ], [ 171.842263351000042, 7.072739508000041 ], [ 171.841973600000074, 7.072728443000074 ], [ 171.841787944000089, 7.072740401000033 ], [ 171.841614453000034, 7.072869085000036 ], [ 171.841509998000106, 7.072985988000028 ], [ 171.841475658000036, 7.073114491000069 ], [ 171.841418066000074, 7.073277977000032 ], [ 171.841325776000076, 7.073534986000027 ], [ 171.841372279000097, 7.073604771000021 ], [ 171.841673474000117, 7.073604235000062 ], [ 171.842102379000039, 7.073568541000043 ], [ 171.842473331000065, 7.073532844000056 ], [ 171.84299524000005, 7.073496791000025 ], [ 171.843424144000096, 7.073507680000034 ], [ 171.843876657000123, 7.073623689000044 ], [ 171.844328811000082, 7.07365777800004 ], [ 171.844885418000104, 7.073773433000042 ], [ 171.845256731000063, 7.073936204000063 ], [ 171.845546839000122, 7.074005632000024 ], [ 171.845825142000081, 7.074005276000037 ], [ 171.846149593000064, 7.074074703000065 ], [ 171.846335605000036, 7.074191072000076 ], [ 171.846521259000042, 7.074307439000052 ], [ 171.846868961000041, 7.074306725000042 ], [ 171.847193768000125, 7.074434516000053 ], [ 171.847495324000079, 7.074433980000038 ], [ 171.847971088000122, 7.074619775000031 ], [ 171.848191082000085, 7.074619418000054 ], [ 171.848492640000018, 7.074677247000068 ], [ 171.848586005000016, 7.074840376000054 ], [ 171.848829253000076, 7.07488660000007 ], [ 171.84908430400003, 7.07487446500005 ], [ 171.849467419000121, 7.075037236000071 ], [ 171.849977881000086, 7.075234633000036 ], [ 171.850500148000037, 7.075525552000045 ], [ 171.850720503000048, 7.075676901000065 ], [ 171.851161568000066, 7.075909458000069 ], [ 171.851730337000049, 7.076235181000072 ], [ 171.852461512000104, 7.076618907000068 ], [ 171.85280957100008, 7.076723318000063 ], [ 171.853041371000018, 7.076781324000024 ], [ 171.853195548000031, 7.076750804000028 ], [ 171.853437007000025, 7.076739382000028 ], [ 171.853656287000035, 7.076838259000056 ], [ 171.853908836000073, 7.076970154000037 ], [ 171.854314487000124, 7.077057786000069 ], [ 171.854599589000031, 7.077024233000031 ], [ 171.854775226000015, 7.077045828000053 ], [ 171.854994507000015, 7.077211098000021 ], [ 171.855356519000111, 7.077210384000068 ], [ 171.855783989000088, 7.077209671000048 ], [ 171.856123821000097, 7.077186826000059 ], [ 171.856420367000055, 7.077407067000024 ], [ 171.856618187000095, 7.077594291000025 ], [ 171.856870377000064, 7.077660150000042 ], [ 171.857166568000025, 7.077792045000024 ], [ 171.857506755000031, 7.077791331000071 ], [ 171.857802947000096, 7.077945359000068 ], [ 171.858077316000049, 7.078088317000038 ], [ 171.858197865000079, 7.078088140000034 ], [ 171.858285506000016, 7.07797748400003 ], [ 171.858318058000123, 7.077933400000063 ], [ 171.858362416000091, 7.078043699000034 ], [ 171.858373504000042, 7.078187017000062 ], [ 171.858571324000081, 7.078396372000043 ], [ 171.858977332000109, 7.078572351000048 ], [ 171.859602621000022, 7.078847028000041 ], [ 171.860030808000033, 7.079055847000063 ], [ 171.860623545000067, 7.079419051000059 ], [ 171.861249192000059, 7.079771010000059 ], [ 171.861534652000046, 7.080024448000074 ], [ 171.861798289000035, 7.080233625000062 ], [ 171.862116300000025, 7.080266108000046 ], [ 171.862280849000058, 7.080365162000021 ], [ 171.862500488000023, 7.080596471000035 ], [ 171.862753036000072, 7.08079476100005 ], [ 171.862950495000064, 7.080904703000044 ], [ 171.862863213000082, 7.081026245000032 ], [ 171.862764842000047, 7.081169921000026 ], [ 171.862743021000028, 7.081291463000071 ], [ 171.862863570000059, 7.081335370000033 ], [ 171.863005942000086, 7.081246845000067 ], [ 171.863082852000048, 7.081213471000069 ], [ 171.863192670000103, 7.081323769000051 ], [ 171.863214850000077, 7.081456022000054 ], [ 171.86317120800004, 7.08165484400007 ], [ 171.863325026000098, 7.081709816000057 ], [ 171.863543950000121, 7.081632 ], [ 171.863741767000079, 7.081731054000045 ], [ 171.863785767000081, 7.081896506000021 ], [ 171.863665573000048, 7.082040180000035 ], [ 171.863490291000062, 7.08228344500003 ], [ 171.863523917000066, 7.082592391000048 ], [ 171.863820465000117, 7.082801568000036 ], [ 171.863941015000023, 7.082900621000022 ], [ 171.864039745000014, 7.082878314000027 ], [ 171.864215026000124, 7.082778722000057 ], [ 171.864412485000116, 7.082756233000055 ], [ 171.864566306000029, 7.082965588000036 ], [ 171.864522665000095, 7.083164413000077 ], [ 171.864303741000072, 7.083396613000048 ], [ 171.864128817000051, 7.083617746000073 ], [ 171.864063713000064, 7.083882607000021 ], [ 171.86418462000006, 7.084136406000027 ], [ 171.86440390100006, 7.084213150000039 ], [ 171.864842821000025, 7.084400017000064 ], [ 171.865259920000085, 7.084509601000036 ], [ 171.866093757000044, 7.08491635300004 ], [ 171.866116650000095, 7.084930990000032 ], [ 171.866613163000125, 7.084562967000068 ] ] ] ] } },
{ "type": "Feature", "properties": { "ADM0_EN": "Republic of the Marshall Islands", "ADM0_PCODE": "MH", "ADM1_EN": "Arno", "ADM1_PCODE": "MH03", "ADM2_EN": "Matolen", "ADM2_PCODE": "MH0333", "Shape_Leng": 0.05286355181, "Shape_Area": 3.448e-05, "ADM0_EN_2": "Republic of the Marshall Islands", "ADM0_PCODE_2": "MH", "ADM1_EN_2": "Arno", "ADM1_PCODE_2": "MH03", "ADM2_EN_2": "Matolen", "ADM2_PCODE_2": "MH0333", "Shape_Leng_2": 0.05286355181, "Shape_Area_2": 3.448e-05, "xcoord": 171.75799146844881, "ycoord": 6.9623093320000464 }, "geometry": { "type": "MultiPolygon", "coordinates": [ [ [ [ 171.759208566000098, 6.96554201500004 ], [ 171.759173151000027, 6.964987841000038 ], [ 171.75893097800008, 6.964122044000021 ], [ 171.758722428000056, 6.962806125000043 ], [ 171.75851423600011, 6.961767204000068 ], [ 171.758443766000028, 6.960797356000057 ], [ 171.758166893000066, 6.959862309000073 ], [ 171.757649634000018, 6.959135723000031 ], [ 171.756444126000019, 6.95854870900007 ], [ 171.755446096000014, 6.958411817000069 ], [ 171.754688809000072, 6.958378442000026 ], [ 171.754104297000026, 6.958552458000042 ], [ 171.752864807000037, 6.958346672000062 ], [ 171.751213229000086, 6.958418599000026 ], [ 171.750490640000066, 6.958489099000076 ], [ 171.748941724000019, 6.958318293000048 ], [ 171.747531601000105, 6.958667040000023 ], [ 171.745880022000051, 6.959015965000049 ], [ 171.744125421000035, 6.959330622000039 ], [ 171.742680599000096, 6.959575315000052 ], [ 171.741063716000099, 6.959889617000044 ], [ 171.739687220000064, 6.959857131000035 ], [ 171.73933665800007, 6.959920670000031 ], [ 171.739332722000086, 6.961887499000056 ], [ 171.740926352000088, 6.961225881000075 ], [ 171.742969636000112, 6.960700977000045 ], [ 171.745991629000059, 6.960145553000075 ], [ 171.748438060000012, 6.959851956000023 ], [ 171.751259374000028, 6.959760575000075 ], [ 171.753504765000116, 6.959814835000032 ], [ 171.755002527000102, 6.960247106000054 ], [ 171.756472387000031, 6.96111415300004 ], [ 171.757251138000015, 6.962098282000056 ], [ 171.757468987000038, 6.962520382000037 ], [ 171.757562709000013, 6.962700645000041 ], [ 171.757539814000097, 6.96293570000006 ], [ 171.757680040000082, 6.963084550000076 ], [ 171.757789501000047, 6.963296048000075 ], [ 171.757844590000104, 6.963625162000028 ], [ 171.757782705000068, 6.963813454000046 ], [ 171.757611358000077, 6.963900017000071 ], [ 171.757448239000041, 6.964104018000057 ], [ 171.75755734300003, 6.964150957000072 ], [ 171.757767681000018, 6.964197539000054 ], [ 171.757884655000112, 6.96432283200005 ], [ 171.757908263000104, 6.964464007000061 ], [ 171.757877142000098, 6.964518801000054 ], [ 171.757736917000102, 6.964542538000046 ], [ 171.757588823000106, 6.964503630000024 ], [ 171.757518709000124, 6.964464543000076 ], [ 171.757480078000071, 6.964503808000075 ], [ 171.757573799000056, 6.964699599000028 ], [ 171.757737632000044, 6.964871832000028 ], [ 171.757846736000033, 6.965036387000055 ], [ 171.758018440000114, 6.965294823000022 ], [ 171.758073171000092, 6.965451526000038 ], [ 171.758034537000071, 6.965569143000039 ], [ 171.757956914000033, 6.96565552900006 ], [ 171.757933660000049, 6.965773144000025 ], [ 171.758011644000021, 6.96592984800003 ], [ 171.758113237000089, 6.966054962000044 ], [ 171.75824594900007, 6.966097797000032 ], [ 171.758589714000095, 6.965924136000069 ], [ 171.75903650500004, 6.96571549600003 ], [ 171.759208566000098, 6.96554201500004 ] ] ] ] } },
{ "type": "Feature", "properties": { "ADM0_EN": "Republic of the Marshall Islands", "ADM0_PCODE": "MH", "ADM1_EN": "Arno", "ADM1_PCODE": "MH03", "ADM2_EN": "Meetdik", "ADM2_PCODE": "MH0312", "Shape_Leng": 0.01311055681, "Shape_Area": 6.67255e-06, "ADM0_EN_2": "Republic of the Marshall Islands", "ADM0_PCODE_2": "MH", "ADM1_EN_2": "Arno", "ADM1_PCODE_2": "MH03", "ADM2_EN_2": "Meetdik", "ADM2_PCODE_2": "MH0312", "Shape_Leng_2": 0.01311055681, "Shape_Area_2": 6.67255e-06, "xcoord": 171.65783482152798, "ycoord": 7.2746487355000511 }, "geometry": { "type": "MultiPolygon", "coordinates": [ [ [ [ 171.658500355000115, 7.276050324000039 ], [ 171.658499998000025, 7.275675699000033 ], [ 171.658499281000104, 7.275231645000076 ], [ 171.658498924000014, 7.274953933000063 ], [ 171.65847102400005, 7.27474582800005 ], [ 171.658374438000124, 7.274551643000052 ], [ 171.658277140000109, 7.274232703000052 ], [ 171.658276783000019, 7.273927327000024 ], [ 171.658234929000059, 7.273538780000024 ], [ 171.658165531000122, 7.273150233000024 ], [ 171.657999193000023, 7.272623189000058 ], [ 171.657805670000016, 7.272248742000045 ], [ 171.657653639000046, 7.272040813000046 ], [ 171.657529511000121, 7.271999229000073 ], [ 171.657377838000116, 7.272027249000075 ], [ 171.657157484000095, 7.272027607000041 ], [ 171.656991862000041, 7.271944614000063 ], [ 171.656784744000106, 7.271889286000032 ], [ 171.656660974000033, 7.271931228000028 ], [ 171.656564389000096, 7.272028500000033 ], [ 171.656537203000084, 7.272222862000035 ], [ 171.656579056000055, 7.272458631000063 ], [ 171.656675639000014, 7.272708323000074 ], [ 171.656731445000105, 7.273069027000076 ], [ 171.656814792000091, 7.273540922000052 ], [ 171.656856645000062, 7.273832199000026 ], [ 171.656939636000061, 7.274054226000032 ], [ 171.657105260000094, 7.274248232000048 ], [ 171.657216150000068, 7.274456337000061 ], [ 171.657271596000101, 7.274803119000069 ], [ 171.657272313000021, 7.275219509000067 ], [ 171.6572454840001, 7.275691405000032 ], [ 171.65719075200002, 7.276121715000045 ], [ 171.657136379000121, 7.276676960000032 ], [ 171.657109551000076, 7.277037844000063 ], [ 171.657109551000076, 7.277176699000051 ], [ 171.657220086000052, 7.277370705000067 ], [ 171.657330621000028, 7.277481539000064 ], [ 171.65752378600007, 7.277550788000042 ], [ 171.657675459000075, 7.277467261000027 ], [ 171.657840367000063, 7.277189371000077 ], [ 171.658033177000107, 7.276980907000052 ], [ 171.658156946000076, 7.276869717000068 ], [ 171.658267124000076, 7.276703018000035 ], [ 171.658335806000082, 7.276536320000048 ], [ 171.658335448000116, 7.276411563000067 ], [ 171.658376943000121, 7.276286450000043 ], [ 171.658473169000104, 7.276217024000061 ], [ 171.658500355000115, 7.276050324000039 ] ] ] ] } },
{ "type": "Feature", "properties": { "ADM0_EN": "Republic of the Marshall Islands", "ADM0_PCODE": "MH", "ADM1_EN": "Arno", "ADM1_PCODE": "MH03", "ADM2_EN": "Mwean", "ADM2_PCODE": "MH0317", "Shape_Leng": 0.01661453953, "Shape_Area": 1.000707e-05, "ADM0_EN_2": "Republic of the Marshall Islands", "ADM0_PCODE_2": "MH", "ADM1_EN_2": "Arno", "ADM1_PCODE_2": "MH03", "ADM2_EN_2": "Mwean", "ADM2_PCODE_2": "MH0317", "Shape_Leng_2": 0.01661453953, "Shape_Area_2": 1.000707e-05, "xcoord": 171.67179393389688, "ycoord": 7.1420501980000495 }, "geometry": { "type": "MultiPolygon", "coordinates": [ [ [ [ 171.674428830000124, 7.14013548500003 ], [ 171.674428475000013, 7.139952545000028 ], [ 171.674383043000034, 7.139838320000024 ], [ 171.674178431000087, 7.139861521000057 ], [ 171.673633984000048, 7.140045175000068 ], [ 171.673338866000108, 7.140045532000045 ], [ 171.672975426000107, 7.140160471000058 ], [ 171.672589807000122, 7.140320924000036 ], [ 171.672113327000034, 7.140618804000042 ], [ 171.671727709000038, 7.14077943500007 ], [ 171.671273766000013, 7.141031444000021 ], [ 171.670751857000027, 7.141146564000053 ], [ 171.670206695000047, 7.141170122000062 ], [ 171.669480529000111, 7.14133128800006 ], [ 171.668867402000046, 7.141400716000021 ], [ 171.669049480000012, 7.141583299000047 ], [ 171.669458352000106, 7.14171983600005 ], [ 171.669935546000033, 7.141902061000053 ], [ 171.670503601000064, 7.142198335000046 ], [ 171.670799073000012, 7.142357894000043 ], [ 171.670889935000105, 7.142563499000062 ], [ 171.67089029300007, 7.14274626200006 ], [ 171.670891008000012, 7.143089119000024 ], [ 171.670823399000028, 7.143477843000028 ], [ 171.670664931000033, 7.144003819000034 ], [ 171.671096696000063, 7.144231735000062 ], [ 171.671709465000049, 7.144025057000022 ], [ 171.672276805000024, 7.143704334000063 ], [ 171.672866680000084, 7.14336058300006 ], [ 171.673206512000093, 7.142720026000063 ], [ 171.673228333000111, 7.142285789000027 ], [ 171.673500198000056, 7.141828170000053 ], [ 171.673658666000051, 7.141530827000054 ], [ 171.673726633000115, 7.141325040000027 ], [ 171.673817134000046, 7.14116494700005 ], [ 171.673794242000099, 7.140890626000044 ], [ 171.673657236000054, 7.140593639000031 ], [ 171.673679771000025, 7.140433721000022 ], [ 171.67383859600011, 7.140364829000021 ], [ 171.674179502000015, 7.140409985000076 ], [ 171.67440629500004, 7.140341091000039 ], [ 171.674428830000124, 7.14013548500003 ] ] ] ] } },
{ "type": "Feature", "properties": { "ADM0_EN": "Republic of the Marshall Islands", "ADM0_PCODE": "MH", "ADM1_EN": "Arno", "ADM1_PCODE": "MH03", "ADM2_EN": "Namwi", "ADM2_PCODE": "MH0311", "Shape_Leng": 0.02306134217, "Shape_Area": 1.916997e-05, "ADM0_EN_2": "Republic of the Marshall Islands", "ADM0_PCODE_2": "MH", "ADM1_EN_2": "Arno", "ADM1_PCODE_2": "MH03", "ADM2_EN_2": "Namwi", "ADM2_PCODE_2": "MH0311", "Shape_Leng_2": 0.02306134217, "Shape_Area_2": 1.916997e-05, "xcoord": 171.64318656956789, "ycoord": 7.2839647550000279 }, "geometry": { "type": "MultiPolygon", "coordinates": [ [ [ [ 171.644817314000079, 7.288098842000068 ], [ 171.644816597000045, 7.28762159300004 ], [ 171.644721089000086, 7.287112573000059 ], [ 171.644530067000119, 7.286349222000069 ], [ 171.644402720000016, 7.285681178000061 ], [ 171.644180936000112, 7.285267822000037 ], [ 171.644085067000105, 7.284631550000029 ], [ 171.644084710000016, 7.284313324000038 ], [ 171.644337258000064, 7.284058456000025 ], [ 171.644621287000064, 7.283771642000033 ], [ 171.644620926000016, 7.283548902000064 ], [ 171.644620571000019, 7.283262621000063 ], [ 171.644493937000107, 7.28307183000004 ], [ 171.644304347000116, 7.283072186000027 ], [ 171.64417771400008, 7.282913164000036 ], [ 171.644177, 7.282467680000025 ], [ 171.64420812100002, 7.28205396900006 ], [ 171.644333681000035, 7.28157654000006 ], [ 171.644459596000047, 7.281067165000024 ], [ 171.644616992000124, 7.280685220000066 ], [ 171.644426687000077, 7.280335405000073 ], [ 171.644205260000035, 7.280208507000054 ], [ 171.643889038000111, 7.28001807000004 ], [ 171.643730210000058, 7.279572767000047 ], [ 171.643634700000121, 7.27909551700003 ], [ 171.643476590000091, 7.278873134000037 ], [ 171.643097766000096, 7.27925543300006 ], [ 171.642940014000033, 7.279542069000058 ], [ 171.642687823000074, 7.280083393000041 ], [ 171.642467112000077, 7.28052923100006 ], [ 171.642089003000024, 7.281166040000073 ], [ 171.641615388000105, 7.281644005000032 ], [ 171.641584266000109, 7.282121433000043 ], [ 171.641774572000031, 7.282407535000061 ], [ 171.641933040000026, 7.282852837000064 ], [ 171.641933756000071, 7.28329831800005 ], [ 171.641934471000013, 7.283871054000031 ], [ 171.641966665000041, 7.284221050000042 ], [ 171.642094014000122, 7.28472989100004 ], [ 171.642315797000037, 7.285238731000049 ], [ 171.642379829000106, 7.285715981000067 ], [ 171.642506818000015, 7.28609756700007 ], [ 171.642728603000023, 7.286479155000052 ], [ 171.642823756000098, 7.286797203000049 ], [ 171.642824472000029, 7.287147198000071 ], [ 171.64301441900011, 7.287528784000074 ], [ 171.643268756000111, 7.288451158000044 ], [ 171.643522019000102, 7.288769028000047 ], [ 171.643901558000039, 7.288991233000047 ], [ 171.644344055000033, 7.288831496000057 ], [ 171.644691398000077, 7.288512734000051 ], [ 171.644817314000079, 7.288098842000068 ] ] ] ] } },
{ "type": "Feature", "properties": { "ADM0_EN": "Republic of the Marshall Islands", "ADM0_PCODE": "MH", "ADM1_EN": "Arno", "ADM1_PCODE": "MH03", "ADM2_EN": "Tinak", "ADM2_PCODE": "MH0329", "Shape_Leng": 0.03043972192, "Shape_Area": 6.984316e-05, "ADM0_EN_2": "Republic of the Marshall Islands", "ADM0_PCODE_2": "MH", "ADM1_EN_2": "Arno", "ADM1_PCODE_2": "MH03", "ADM2_EN_2": "Tinak", "ADM2_PCODE_2": "MH0329", "Shape_Leng_2": 0.03043972192, "Shape_Area_2": 6.984316e-05, "xcoord": 171.84322880495057, "ycoord": 7.1792570920000571 }, "geometry": { "type": "MultiPolygon", "coordinates": [ [ [ [ 171.847676686000113, 7.179932185000041 ], [ 171.847546836000106, 7.177518446000022 ], [ 171.845816915000114, 7.175707786000032 ], [ 171.842820318000122, 7.174833066000076 ], [ 171.840686536000021, 7.175032783000063 ], [ 171.839482457000031, 7.176437761000045 ], [ 171.838877916000115, 7.178581999000073 ], [ 171.838679025000033, 7.180794948000027 ], [ 171.839215243000012, 7.182209386000068 ], [ 171.839489612000079, 7.183621505000076 ], [ 171.842960185000038, 7.184824089000074 ], [ 171.846481197000116, 7.183145680000052 ], [ 171.847676686000113, 7.179932185000041 ] ] ] ] } },
{ "type": "Feature", "properties": { "ADM0_EN": "Republic of the Marshall Islands", "ADM0_PCODE": "MH", "ADM1_EN": "Arno", "ADM1_PCODE": "MH03", "ADM2_EN": "Todo - Tutu", "ADM2_PCODE": "MH0318", "Shape_Leng": 0.02375803159, "Shape_Area": 2.12737e-05, "ADM0_EN_2": "Republic of the Marshall Islands", "ADM0_PCODE_2": "MH", "ADM1_EN_2": "Arno", "ADM1_PCODE_2": "MH03", "ADM2_EN_2": "Todo - Tutu", "ADM2_PCODE_2": "MH0318", "Shape_Leng_2": 0.02375803159, "Shape_Area_2": 2.12737e-05, "xcoord": 171.68425033559981, "ycoord": 7.1294720455000515 }, "geometry": { "type": "MultiPolygon", "coordinates": [ [ [ [ 171.686227342000052, 7.12854922300005 ], [ 171.685955119000027, 7.127294168000049 ], [ 171.685642832000099, 7.126457463000065 ], [ 171.685473990000105, 7.126243466000062 ], [ 171.684888049000051, 7.125973965000071 ], [ 171.683749436000085, 7.125784599000042 ], [ 171.683435718000055, 7.125821545000065 ], [ 171.682890198000109, 7.126160295000034 ], [ 171.682589357000097, 7.126236504000076 ], [ 171.681854248000036, 7.126040360000047 ], [ 171.681263658000034, 7.125858312000048 ], [ 171.680980703000046, 7.125829398000064 ], [ 171.681504759000063, 7.126132096000049 ], [ 171.681779844000062, 7.126476738000065 ], [ 171.68207424600007, 7.127084812000021 ], [ 171.682242729000109, 7.127753927000072 ], [ 171.68244806000007, 7.128347901000041 ], [ 171.682449132000102, 7.128942233000032 ], [ 171.682382239000049, 7.12978804200003 ], [ 171.682352192000053, 7.130859803000021 ], [ 171.682197300000098, 7.131545514000038 ], [ 171.681960133000075, 7.131990103000021 ], [ 171.681773046000103, 7.132164119000038 ], [ 171.681538385000067, 7.132199279000076 ], [ 171.680954947000032, 7.132007237000039 ], [ 171.680750691000071, 7.13207613000003 ], [ 171.680637654000066, 7.13244201200007 ], [ 171.680806853000036, 7.132727397000053 ], [ 171.680875535000041, 7.13281610000007 ], [ 171.680978916000072, 7.132967092000058 ], [ 171.681251494000094, 7.133080962000065 ], [ 171.681750869000098, 7.132874639000022 ], [ 171.682522464000044, 7.132599071000072 ], [ 171.683179234000022, 7.131944234000059 ], [ 171.684129688000098, 7.131136621000053 ], [ 171.685448591000068, 7.130537648000029 ], [ 171.685899673000108, 7.129952419000062 ], [ 171.686220904000038, 7.129156049000073 ], [ 171.686227342000052, 7.12854922300005 ] ] ] ] } },
{ "type": "Feature", "properties": { "ADM0_EN": "Republic of the Marshall Islands", "ADM0_PCODE": "MH", "ADM1_EN": "Arno", "ADM1_PCODE": "MH03", "ADM2_EN": "Ulien", "ADM2_PCODE": "MH0307", "Shape_Leng": 0.03333998939, "Shape_Area": 4.569365e-05, "ADM0_EN_2": "Republic of the Marshall Islands", "ADM0_PCODE_2": "MH", "ADM1_EN_2": "Arno", "ADM1_PCODE_2": "MH03", "ADM2_EN_2": "Ulien", "ADM2_PCODE_2": "MH0307", "Shape_Leng_2": 0.03333998939, "Shape_Area_2": 4.569365e-05, "xcoord": 171.56789645260574, "ycoord": 7.1208497355000304 }, "geometry": { "type": "MultiPolygon", "coordinates": [ [ [ [ 171.572633418000123, 7.125233691000062 ], [ 171.572567597000102, 7.124850142000071 ], [ 171.572424867000109, 7.124474625000062 ], [ 171.571953397000016, 7.123765886000058 ], [ 171.571701206000057, 7.123203324000031 ], [ 171.57142361700005, 7.12300824700003 ], [ 171.570871301000125, 7.122917045000065 ], [ 171.57061160000012, 7.122715009000046 ], [ 171.570393391000039, 7.122448362000057 ], [ 171.570078958000067, 7.121913284000073 ], [ 171.569467978000034, 7.120527045000074 ], [ 171.569282680000015, 7.11988238400005 ], [ 171.56889706000004, 7.118044773000065 ], [ 171.568665260000103, 7.117606789000035 ], [ 171.56819378900002, 7.117085276000068 ], [ 171.568002766000063, 7.116668885000024 ], [ 171.567980948000013, 7.115782743000068 ], [ 171.568163026000093, 7.114590152000062 ], [ 171.568062506000047, 7.114210351000054 ], [ 171.567968069000017, 7.114177510000047 ], [ 171.567121352000072, 7.115453272000025 ], [ 171.566977191000092, 7.116334418000065 ], [ 171.566391610000096, 7.11726214600003 ], [ 171.566111875000047, 7.11798480300007 ], [ 171.566016723000075, 7.119153122000057 ], [ 171.566185922000045, 7.12056756100003 ], [ 171.566179483000042, 7.121131910000031 ], [ 171.566023878000124, 7.121676087000026 ], [ 171.565676532000111, 7.122300762000066 ], [ 171.565748435000046, 7.123268826000071 ], [ 171.565428993000069, 7.124046098000065 ], [ 171.565369610000062, 7.124517638000043 ], [ 171.565506975000062, 7.124784461000047 ], [ 171.565928364000115, 7.125294552000071 ], [ 171.566171971000017, 7.125734502000057 ], [ 171.566197011000099, 7.126241914000047 ], [ 171.566259970000033, 7.126420391000067 ], [ 171.567702643000075, 7.126893003000021 ], [ 171.568144780000011, 7.126967606000051 ], [ 171.568606595000119, 7.126942261000067 ], [ 171.570467796000116, 7.126252267000041 ], [ 171.571149606000063, 7.12612875800005 ], [ 171.571971639000026, 7.126282963000051 ], [ 171.572249945000067, 7.126238345000047 ], [ 171.572439892000034, 7.126142857000048 ], [ 171.572567239000023, 7.125970984000048 ], [ 171.572624475000111, 7.125748957000042 ], [ 171.572633418000123, 7.125233691000062 ] ] ] ] } },
{ "type": "Feature", "properties": { "ADM0_EN": "Republic of the Marshall Islands", "ADM0_PCODE": "MH", "ADM1_EN": "Aur", "ADM1_PCODE": "MH04", "ADM2_EN": "Aur", "ADM2_PCODE": "MH0402", "Shape_Leng": 0.04647571288, "Shape_Area": 7.554449e-05, "ADM0_EN_2": "Republic of the Marshall Islands", "ADM0_PCODE_2": "MH", "ADM1_EN_2": "Aur", "ADM1_PCODE_2": "MH04", "ADM2_EN_2": "Aur", "ADM2_PCODE_2": "MH0402", "Shape_Leng_2": 0.04647571288, "Shape_Area_2": 7.554449e-05, "xcoord": 171.17453878685643, "ycoord": 8.1417843980000555 }, "geometry": { "type": "MultiPolygon", "coordinates": [ [ [ [ 171.17805622000003, 8.135293329000035 ], [ 171.178020807000053, 8.133741819000022 ], [ 171.177844452000045, 8.133322753000073 ], [ 171.177584750000051, 8.132895833000021 ], [ 171.177261730000055, 8.132823549000022 ], [ 171.17694407700003, 8.132957229000056 ], [ 171.176723367000022, 8.13342983800004 ], [ 171.17659995300005, 8.133884422000051 ], [ 171.176432183000088, 8.134499636000044 ], [ 171.176343830000064, 8.13498117000006 ], [ 171.176017233000039, 8.13546270300003 ], [ 171.17536404000009, 8.136425594000059 ], [ 171.174922618000096, 8.137049732000037 ], [ 171.173949985000036, 8.138517357000069 ], [ 171.173395882000023, 8.139510586000029 ], [ 171.172504451000123, 8.141338560000065 ], [ 171.17177184600007, 8.142230236000046 ], [ 171.170805292000068, 8.143357146000028 ], [ 171.170218279000096, 8.14408480000003 ], [ 171.170032982000066, 8.144539563000023 ], [ 171.170085924000091, 8.145306305000076 ], [ 171.17015639400006, 8.145734294000022 ], [ 171.170465462000038, 8.146073225000066 ], [ 171.170686173000036, 8.146394129000043 ], [ 171.170412877000103, 8.147152125000048 ], [ 171.170006511000111, 8.147803033000059 ], [ 171.169512144000123, 8.148543003000043 ], [ 171.168947309000032, 8.148953146000053 ], [ 171.167941051000071, 8.149693295000077 ], [ 171.167605511000033, 8.149969756000075 ], [ 171.167552570000112, 8.150290660000053 ], [ 171.168020463000062, 8.150923722000073 ], [ 171.168408946000113, 8.151298170000075 ], [ 171.168797068000117, 8.15144095200003 ], [ 171.1692295470001, 8.151592480000033 ], [ 171.169759329000044, 8.15144095200003 ], [ 171.170288750000054, 8.15150342000004 ], [ 171.170950883000046, 8.151316018000045 ], [ 171.171753960000046, 8.150745423000046 ], [ 171.172318794000034, 8.150139133000039 ], [ 171.172618918000012, 8.149987606000025 ], [ 171.173024928000018, 8.149791280000045 ], [ 171.173325053000099, 8.149256381000043 ], [ 171.174313784000105, 8.148534080000047 ], [ 171.174905089000049, 8.148213178000049 ], [ 171.174942292000082, 8.147846761000039 ], [ 171.175275685000088, 8.147178717000031 ], [ 171.175965720000022, 8.145307198000069 ], [ 171.176502654000046, 8.143567573000041 ], [ 171.177146904000097, 8.140937339000061 ], [ 171.177332558000103, 8.139813820000029 ], [ 171.177623741000048, 8.138743844000032 ], [ 171.177782567000122, 8.137807727000052 ], [ 171.17805622000003, 8.135293329000035 ] ] ] ] } },
{ "type": "Feature", "properties": { "ADM0_EN": "Republic of the Marshall Islands", "ADM0_PCODE": "MH", "ADM1_EN": "Aur", "ADM1_PCODE": "MH04", "ADM2_EN": "Tabal", "ADM2_PCODE": "MH0401", "Shape_Leng": 0.05504493883, "Shape_Area": 0.00011323313, "ADM0_EN_2": "Republic of the Marshall Islands", "ADM0_PCODE_2": "MH", "ADM1_EN_2": "Aur", "ADM1_PCODE_2": "MH04", "ADM2_EN_2": "Tabal", "ADM2_PCODE_2": "MH0401", "Shape_Leng_2": 0.05504493883, "Shape_Area_2": 0.00011323313, "xcoord": 171.16121291403346, "ycoord": 8.30691567650004 }, "geometry": { "type": "MultiPolygon", "coordinates": [ [ [ [ 171.16693017700004, 8.308313694000049 ], [ 171.166483389000064, 8.307545527000059 ], [ 171.165716085000099, 8.307010091000052 ], [ 171.165472480000062, 8.306581208000068 ], [ 171.164323492000108, 8.304897982000057 ], [ 171.163233169000023, 8.303989350000052 ], [ 171.162927679000063, 8.303441422000049 ], [ 171.162478744000055, 8.302902417000041 ], [ 171.161832349000065, 8.301720715000044 ], [ 171.161112980000098, 8.300799769000037 ], [ 171.16075025400005, 8.300849743000072 ], [ 171.160344603000112, 8.300451379000037 ], [ 171.160112803000061, 8.300332512000068 ], [ 171.159978657000124, 8.299759241000061 ], [ 171.159140885000056, 8.299494736000042 ], [ 171.158722355000123, 8.299309477000065 ], [ 171.158408280000117, 8.299283062000029 ], [ 171.15819865800006, 8.299441729000023 ], [ 171.158146431000091, 8.299732826000024 ], [ 171.157942531000117, 8.300009112000055 ], [ 171.158011929000054, 8.300606298000048 ], [ 171.158023375000084, 8.301635760000067 ], [ 171.158271990000117, 8.303013075000024 ], [ 171.158264121000116, 8.303487112000028 ], [ 171.158196513000121, 8.303822473000025 ], [ 171.157701429000099, 8.305393794000054 ], [ 171.156802844000026, 8.306821262000028 ], [ 171.156395048000036, 8.307796644000064 ], [ 171.155554770000094, 8.309282474000042 ], [ 171.155293277000055, 8.309732239000027 ], [ 171.154743466000014, 8.310605174000045 ], [ 171.153617732000043, 8.311519519000058 ], [ 171.152721649000114, 8.312234144000058 ], [ 171.151840949000075, 8.312688905000073 ], [ 171.150331383000093, 8.313214346000052 ], [ 171.149633476000076, 8.313678032000041 ], [ 171.149004252000054, 8.313921119000042 ], [ 171.148870466000062, 8.314052834000051 ], [ 171.148789264000015, 8.314256121000028 ], [ 171.148888351000096, 8.314474044000065 ], [ 171.149060056000053, 8.314572743000042 ], [ 171.149426, 8.314626642000064 ], [ 171.149921796000058, 8.314600050000024 ], [ 171.150443347000078, 8.314472794000039 ], [ 171.151157351000052, 8.31430877400004 ], [ 171.151707163000083, 8.314097098000047 ], [ 171.1526504630001, 8.313883103000023 ], [ 171.153450676000034, 8.313673570000049 ], [ 171.154252678000034, 8.31374906700006 ], [ 171.154959527000074, 8.313636268000039 ], [ 171.155350155000065, 8.313699270000029 ], [ 171.155885658000102, 8.313681781000071 ], [ 171.156287732000123, 8.313620917000037 ], [ 171.156785316000082, 8.314017675000059 ], [ 171.156854714000019, 8.314385341000047 ], [ 171.157029280000074, 8.314543115000049 ], [ 171.15735015100006, 8.314594696000029 ], [ 171.1577103730001, 8.314477614000054 ], [ 171.158732014000066, 8.313946286000032 ], [ 171.159813750000012, 8.313593968000021 ], [ 171.160971325000105, 8.312869883000076 ], [ 171.161846658000059, 8.312433146000046 ], [ 171.162358552000114, 8.31225359900003 ], [ 171.162796397000079, 8.311897535000071 ], [ 171.163026052000077, 8.311796337000033 ], [ 171.163272518000099, 8.311759214000062 ], [ 171.163570138000068, 8.311804904000041 ], [ 171.164348531000087, 8.312392455000065 ], [ 171.164690151000059, 8.312404948000051 ], [ 171.16494448800006, 8.312245568000037 ], [ 171.165640250000024, 8.311726016000023 ], [ 171.166095623000047, 8.310652471000026 ], [ 171.166854341000089, 8.309195555000031 ], [ 171.16693017700004, 8.308313694000049 ] ] ] ] } },
{ "type": "Feature", "properties": { "ADM0_EN": "Republic of the Marshall Islands", "ADM0_PCODE": "MH", "ADM1_EN": "Ebon", "ADM1_PCODE": "MH06", "ADM2_EN": "Emej", "ADM2_PCODE": "MH0605", "Shape_Leng": 0.02186379065, "Shape_Area": 1.339894e-05, "ADM0_EN_2": "Republic of the Marshall Islands", "ADM0_PCODE_2": "MH", "ADM1_EN_2": "Ebon", "ADM1_PCODE_2": "MH06", "ADM2_EN_2": "Emej", "ADM2_PCODE_2": "MH0605", "Shape_Leng_2": 0.02186379065, "Shape_Area_2": 1.339894e-05, "xcoord": 168.67790216985378, "ycoord": 4.6070646695000619 }, "geometry": { "type": "MultiPolygon", "coordinates": [ [ [ [ 168.683245597000109, 4.608718894000049 ], [ 168.683220914000117, 4.608422619000066 ], [ 168.683146868000108, 4.608175608000067 ], [ 168.682876433000047, 4.607879332000039 ], [ 168.682556277000117, 4.607533799000066 ], [ 168.682482586000106, 4.607286785000042 ], [ 168.682334848000096, 4.606990513000028 ], [ 168.682261160000053, 4.606743677000054 ], [ 168.682113423000033, 4.606274636000023 ], [ 168.681941001000041, 4.605953554000052 ], [ 168.681670569000062, 4.605459884000027 ], [ 168.681473467000046, 4.605015473000037 ], [ 168.681079978000071, 4.604620323000063 ], [ 168.680587759000105, 4.604447557000071 ], [ 168.680193913000039, 4.60424998000002 ], [ 168.679824747000112, 4.604151282000032 ], [ 168.679504949000034, 4.60424998000002 ], [ 168.679160110000112, 4.604373488000022 ], [ 168.67879094500006, 4.604571064000027 ], [ 168.678397456000084, 4.604867338000076 ], [ 168.678101982000044, 4.604990665000059 ], [ 168.677905238000108, 4.605138803000045 ], [ 168.677560756000048, 4.605435076000049 ], [ 168.67748670800006, 4.605632652000054 ], [ 168.67748670800006, 4.60587948500006 ], [ 168.677413020000017, 4.606299267000054 ], [ 168.677413020000017, 4.606694239000035 ], [ 168.677462025000068, 4.607114019000051 ], [ 168.67748670800006, 4.607360855000024 ], [ 168.677683810000076, 4.607583059000035 ], [ 168.677880554000012, 4.607756004000066 ], [ 168.678200354000069, 4.60760786700007 ], [ 168.678372773000092, 4.607434922000039 ], [ 168.678397456000084, 4.607262155000058 ], [ 168.678323408000097, 4.607114019000051 ], [ 168.678397456000084, 4.606965881000065 ], [ 168.678618884000116, 4.606694239000035 ], [ 168.678717254000048, 4.606620170000042 ], [ 168.679037054000105, 4.60649684200007 ], [ 168.679504949000034, 4.606472032000056 ], [ 168.679775383000106, 4.606348705000073 ], [ 168.680193913000039, 4.606323898000028 ], [ 168.680538395000099, 4.606447402000072 ], [ 168.68093224100005, 4.606546103000028 ], [ 168.68127672300011, 4.606817745000058 ], [ 168.681596521000074, 4.607015320000073 ], [ 168.681670569000062, 4.607262155000058 ], [ 168.681842630000119, 4.607533799000066 ], [ 168.681891996000104, 4.607904143000042 ], [ 168.681744258000094, 4.608225047000076 ], [ 168.681571839000071, 4.608521318000044 ], [ 168.681375094000032, 4.608817592000037 ], [ 168.681178351000085, 4.60911386600003 ], [ 168.680981247000091, 4.609262002000037 ], [ 168.680907559000048, 4.609656973000028 ], [ 168.681030613000075, 4.609879179000075 ], [ 168.681301405000113, 4.609953249000057 ], [ 168.681596521000074, 4.609953249000057 ], [ 168.681916679000096, 4.609879179000075 ], [ 168.682211794000068, 4.609681781000063 ], [ 168.682556277000117, 4.609459577000052 ], [ 168.682876433000047, 4.609163304000049 ], [ 168.683146868000108, 4.60889166100003 ], [ 168.683245597000109, 4.608718894000049 ] ] ] ] } },
{ "type": "Feature", "properties": { "ADM0_EN": "Republic of the Marshall Islands", "ADM0_PCODE": "MH", "ADM1_EN": "Ebon", "ADM1_PCODE": "MH06", "ADM2_EN": "Enearmij", "ADM2_PCODE": "MH0604", "Shape_Leng": 0.01570525954, "Shape_Area": 1.329761e-05, "ADM0_EN_2": "Republic of the Marshall Islands", "ADM0_PCODE_2": "MH", "ADM1_EN_2": "Ebon", "ADM1_PCODE_2": "MH06", "ADM2_EN_2": "Enearmij", "ADM2_PCODE_2": "MH0604", "Shape_Leng_2": 0.01570525954, "Shape_Area_2": 1.329761e-05, "xcoord": 168.68594157431431, "ycoord": 4.5980679470000609 }, "geometry": { "type": "MultiPolygon", "coordinates": [ [ [ [ 168.688008604000061, 4.596969326000021 ], [ 168.687762493000037, 4.596895257000028 ], [ 168.687369004000061, 4.59691988700007 ], [ 168.687122895000016, 4.59691988700007 ], [ 168.686852102000103, 4.59669768200007 ], [ 168.686433573000045, 4.596574175000057 ], [ 168.686113775000081, 4.596376779000025 ], [ 168.685842982000054, 4.596179204000066 ], [ 168.685646239000107, 4.595932368000035 ], [ 168.68522770900006, 4.595734793000076 ], [ 168.68493259100012, 4.595562028000074 ], [ 168.684538746000044, 4.595389080000075 ], [ 168.684317318000012, 4.595315012000071 ], [ 168.684021843000096, 4.595364451000023 ], [ 168.683800416000054, 4.595487957000046 ], [ 168.683652681000012, 4.595685355000057 ], [ 168.683455936000087, 4.596006437000028 ], [ 168.683382247000054, 4.596228642000028 ], [ 168.683406570000102, 4.596574175000057 ], [ 168.683529625000119, 4.596821189000025 ], [ 168.68362835500011, 4.597092654000051 ], [ 168.683702046000121, 4.597314859000051 ], [ 168.683898789000068, 4.597685202000036 ], [ 168.684120215000121, 4.598006283000075 ], [ 168.684267953000017, 4.598228488000075 ], [ 168.684563428000047, 4.598376626000061 ], [ 168.684834220000084, 4.598499954000033 ], [ 168.685055647000013, 4.598672898000075 ], [ 168.685301755000069, 4.599117131000071 ], [ 168.685400128000083, 4.599364145000038 ], [ 168.685473819000094, 4.599561541000071 ], [ 168.685498501000097, 4.60000595300005 ], [ 168.685498501000097, 4.600401102000035 ], [ 168.685572191000119, 4.600623307000035 ], [ 168.685719928000026, 4.600796073000026 ], [ 168.685867666000036, 4.600746635000064 ], [ 168.686064410000085, 4.600672567000061 ], [ 168.686286194000104, 4.600475170000038 ], [ 168.686655360000032, 4.600154088000068 ], [ 168.686852102000103, 4.599907253000026 ], [ 168.687122895000016, 4.599487472000021 ], [ 168.687393328000098, 4.599067870000056 ], [ 168.687664119000033, 4.598623460000056 ], [ 168.687688803000015, 4.598351816000047 ], [ 168.687688803000015, 4.598129611000047 ], [ 168.687861224000017, 4.59780870700007 ], [ 168.687910229000067, 4.597438365000073 ], [ 168.688008604000061, 4.596969326000021 ] ] ] ] } },
{ "type": "Feature", "properties": { "ADM0_EN": "Republic of the Marshall Islands", "ADM0_PCODE": "MH", "ADM1_EN": "Ebon", "ADM1_PCODE": "MH06", "ADM2_EN": "Enekoton", "ADM2_PCODE": "MH0608", "Shape_Leng": 0.04396361366, "Shape_Area": 2.132507e-05, "ADM0_EN_2": "Republic of the Marshall Islands", "ADM0_PCODE_2": "MH", "ADM1_EN_2": "Ebon", "ADM1_PCODE_2": "MH06", "ADM2_EN_2": "Enekoton", "ADM2_PCODE_2": "MH0608", "Shape_Leng_2": 0.04396361366, "Shape_Area_2": 2.132507e-05, "xcoord": 168.7681437553872, "ycoord": 4.6326779665000402 }, "geometry": { "type": "MultiPolygon", "coordinates": [ [ [ [ 168.77031432800004, 4.642145336000056 ], [ 168.77031432800004, 4.641378416000066 ], [ 168.770196640000108, 4.64055259600002 ], [ 168.769843930000093, 4.639520459000039 ], [ 168.769167845000084, 4.637573799000052 ], [ 168.768785801000035, 4.635243769000056 ], [ 168.76860944800012, 4.633474336000063 ], [ 168.768550424000068, 4.631114856000067 ], [ 168.768511434000061, 4.628312751000067 ], [ 168.768488898000101, 4.627994881000063 ], [ 168.768522881000081, 4.626564380000048 ], [ 168.768601938000074, 4.625758371000074 ], [ 168.768703885000036, 4.62506570000005 ], [ 168.7687718520001, 4.624407294000036 ], [ 168.76873786900012, 4.624123514000075 ], [ 168.768647365000106, 4.623726044000023 ], [ 168.768556864000061, 4.623351417000038 ], [ 168.768352965000076, 4.62305621400003 ], [ 168.768081458000097, 4.622840613000051 ], [ 168.767741985000043, 4.622624831000053 ], [ 168.767515548000119, 4.62256807600005 ], [ 168.767379973000061, 4.622409053000069 ], [ 168.76730056100007, 4.622159362000048 ], [ 168.76727802500011, 4.622000339000067 ], [ 168.767198610000037, 4.621898250000072 ], [ 168.767119556000011, 4.621830070000044 ], [ 168.767040500000121, 4.621920915000032 ], [ 168.767040500000121, 4.622091184000055 ], [ 168.767108110000095, 4.622295542000074 ], [ 168.767176074000076, 4.622556655000039 ], [ 168.767164985000022, 4.622851857000057 ], [ 168.767164985000022, 4.623226483000053 ], [ 168.767198610000037, 4.623544530000061 ], [ 168.76723259500011, 4.623919155000067 ], [ 168.767198610000037, 4.62424826900002 ], [ 168.767221506000055, 4.624668408000048 ], [ 168.76731200800009, 4.625156544000049 ], [ 168.767368526000041, 4.625508503000049 ], [ 168.767345276000015, 4.626165839000066 ], [ 168.767345276000015, 4.626808894000021 ], [ 168.767403940000122, 4.628519427000072 ], [ 168.767492298000093, 4.629581194000025 ], [ 168.767492298000093, 4.630554435000022 ], [ 168.767433273000051, 4.631203202000052 ], [ 168.767492298000093, 4.631586752000032 ], [ 168.767639319000068, 4.632353494000029 ], [ 168.767756650000024, 4.633002439000052 ], [ 168.767815673000086, 4.634152552000046 ], [ 168.767785983000067, 4.634535923000044 ], [ 168.767933004000042, 4.634948922000035 ], [ 168.767933004000042, 4.635450267000067 ], [ 168.768080026000121, 4.635981239000046 ], [ 168.768286071000034, 4.636777428000073 ], [ 168.768462426000042, 4.637573799000052 ], [ 168.768550424000068, 4.638163669000051 ], [ 168.768726778000087, 4.638900962000037 ], [ 168.768932466000024, 4.639815304000024 ], [ 168.769020823000119, 4.640906521000034 ], [ 168.769109178000122, 4.64161436400002 ], [ 168.769255842000121, 4.642292758000053 ], [ 168.76954988600005, 4.642823729000042 ], [ 168.769755574000101, 4.642941705000055 ], [ 168.770049616000051, 4.642853180000031 ], [ 168.770284995000111, 4.642646681000031 ], [ 168.77031432800004, 4.642145336000056 ] ] ] ] } },
{ "type": "Feature", "properties": { "ADM0_EN": "Republic of the Marshall Islands", "ADM0_PCODE": "MH", "ADM1_EN": "Ebon", "ADM1_PCODE": "MH06", "ADM2_EN": "Enilok", "ADM2_PCODE": "MH0606", "Shape_Leng": 0.02722622152, "Shape_Area": 3.593456e-05, "ADM0_EN_2": "Republic of the Marshall Islands", "ADM0_PCODE_2": "MH", "ADM1_EN_2": "Ebon", "ADM1_PCODE_2": "MH06", "ADM2_EN_2": "Enilok", "ADM2_PCODE_2": "MH0606", "Shape_Leng_2": 0.02722622152, "Shape_Area_2": 3.593456e-05, "xcoord": 168.66685661619329, "ycoord": 4.6107603250000579 }, "geometry": { "type": "MultiPolygon", "coordinates": [ [ [ [ 168.672446830000013, 4.609352134000062 ], [ 168.672397465000017, 4.609203996000076 ], [ 168.672299092000117, 4.609080490000053 ], [ 168.672126673000093, 4.609006420000071 ], [ 168.671732827000028, 4.608956983000041 ], [ 168.671338621000018, 4.608833477000076 ], [ 168.670969459000048, 4.60863572300002 ], [ 168.670526246000122, 4.60841351800002 ], [ 168.670132042000091, 4.608141696000075 ], [ 168.669935297000052, 4.607870052000067 ], [ 168.669885932000057, 4.607450094000058 ], [ 168.669787561000021, 4.607153640000035 ], [ 168.669664505000014, 4.606758311000021 ], [ 168.669492085000115, 4.606535929000074 ], [ 168.669097882000074, 4.606387790000042 ], [ 168.668629987000031, 4.606387790000042 ], [ 168.668162451000057, 4.606461861000071 ], [ 168.667842293000035, 4.606610174000025 ], [ 168.667571501000111, 4.606906627000058 ], [ 168.667374400000085, 4.607227710000075 ], [ 168.667152614000088, 4.607450094000058 ], [ 168.666857140000047, 4.607647669000073 ], [ 168.666340240000068, 4.608042997000041 ], [ 168.665872345000025, 4.608561654000027 ], [ 168.665429134000078, 4.609006420000071 ], [ 168.665306078000071, 4.609327503000031 ], [ 168.665059610000071, 4.609648586000048 ], [ 168.664813501000026, 4.610068545000047 ], [ 168.66444398100009, 4.61043924300003 ], [ 168.664050135000025, 4.610957900000074 ], [ 168.66360692100011, 4.61157543500002 ], [ 168.663409821000073, 4.612217777000069 ], [ 168.663459184000089, 4.612736613000038 ], [ 168.66360692100011, 4.613255447000029 ], [ 168.663902396000026, 4.613798914000029 ], [ 168.664222553000059, 4.61414462700003 ], [ 168.664788820000012, 4.614342380000039 ], [ 168.665207347000091, 4.614663462000067 ], [ 168.665798297000038, 4.615083420000076 ], [ 168.666217184000061, 4.61528099700007 ], [ 168.666413931000079, 4.615206926000042 ], [ 168.66651266000008, 4.615083420000076 ], [ 168.666413931000079, 4.614910476000034 ], [ 168.666463293000106, 4.614589394000063 ], [ 168.666709403000027, 4.61414462700003 ], [ 168.66717729700008, 4.613601161000076 ], [ 168.66762051000012, 4.612909559000059 ], [ 168.668236141000079, 4.612168340000039 ], [ 168.668950144000064, 4.611254354000039 ], [ 168.669738195000036, 4.610562750000042 ], [ 168.670575254000028, 4.610019284000032 ], [ 168.671092512000087, 4.609821531000023 ], [ 168.67180651700005, 4.609821531000023 ], [ 168.672176038000089, 4.609821531000023 ], [ 168.672372783000014, 4.609623956000064 ], [ 168.672446830000013, 4.609352134000062 ] ] ] ] } },
{ "type": "Feature", "properties": { "ADM0_EN": "Republic of the Marshall Islands", "ADM0_PCODE": "MH", "ADM1_EN": "Ebon", "ADM1_PCODE": "MH06", "ADM2_EN": "Jittaken", "ADM2_PCODE": "MH0601", "Shape_Leng": 0.09476959469, "Shape_Area": 3.34287e-05, "ADM0_EN_2": "Republic of the Marshall Islands", "ADM0_PCODE_2": "MH", "ADM1_EN_2": "Ebon", "ADM1_PCODE_2": "MH06", "ADM2_EN_2": "Jittaken", "ADM2_PCODE_2": "MH0601", "Shape_Leng_2": 0.09476959469, "Shape_Area_2": 3.34287e-05, "xcoord": 168.74506986606343, "ycoord": 4.593227533500027 }, "geometry": { "type": "MultiPolygon", "coordinates": [ [ [ [ 168.765299132000109, 4.605900009000038 ], [ 168.764665258000036, 4.605294435000076 ], [ 168.76331201500011, 4.604214285000069 ], [ 168.761896884000066, 4.602794672000073 ], [ 168.76097397400008, 4.602115742000024 ], [ 168.760481755000114, 4.601837851000028 ], [ 168.759681899000043, 4.601683647000073 ], [ 168.759435787000029, 4.601714521000076 ], [ 168.758974335000062, 4.601621892000026 ], [ 168.757897606000029, 4.601344180000069 ], [ 168.756082907000064, 4.600665249000031 ], [ 168.754698540000049, 4.599955264000073 ], [ 168.754267850000019, 4.599862812000026 ], [ 168.752668137000114, 4.598875115000055 ], [ 168.750176278000026, 4.597146911000038 ], [ 168.749376781000024, 4.596591488000058 ], [ 168.749069143000042, 4.596437103000028 ], [ 168.747930888000042, 4.595542215000023 ], [ 168.745869722000066, 4.593597876000047 ], [ 168.743470155000068, 4.591375824000067 ], [ 168.741901564000045, 4.589616743000022 ], [ 168.739009779000071, 4.586561556000049 ], [ 168.736948611000116, 4.584771600000067 ], [ 168.734980092000114, 4.583568124000067 ], [ 168.73396489300012, 4.583136028000069 ], [ 168.73165761700011, 4.582086754000045 ], [ 168.729965612000115, 4.581284315000062 ], [ 168.728084380000041, 4.580097081000076 ], [ 168.727714499000058, 4.580673564000051 ], [ 168.728396666000094, 4.581068357000049 ], [ 168.729504160000033, 4.581407824000053 ], [ 168.729842558000087, 4.581747288000031 ], [ 168.730119433000027, 4.581932370000061 ], [ 168.730642414000044, 4.582271836000075 ], [ 168.730796232000102, 4.582549726000025 ], [ 168.73088852300009, 4.582858314000021 ], [ 168.730826998000111, 4.583105150000051 ], [ 168.730673178000075, 4.583197781000024 ], [ 168.730796232000102, 4.583382860000029 ], [ 168.731196161000071, 4.583660573000031 ], [ 168.732149836000076, 4.583876709000037 ], [ 168.732765110000059, 4.584061792000057 ], [ 168.733934128000101, 4.584247052000023 ], [ 168.734610929000041, 4.584370381000042 ], [ 168.735410430000115, 4.584586517000048 ], [ 168.735748827000066, 4.58480247600005 ], [ 168.73596417400006, 4.585111064000046 ], [ 168.736425629000109, 4.58545052900007 ], [ 168.737010139000063, 4.585728242000073 ], [ 168.737379303000012, 4.586252968000053 ], [ 168.737840758000061, 4.586654187000022 ], [ 168.738579086000072, 4.587333117000071 ], [ 168.73940970600006, 4.588073800000075 ], [ 168.740024980000044, 4.588721855000074 ], [ 168.740455671000063, 4.588876060000075 ], [ 168.7410094170001, 4.589308154000037 ], [ 168.741378583000028, 4.589678496000033 ], [ 168.741624692000073, 4.59029567400006 ], [ 168.74174774700009, 4.590789523000069 ], [ 168.74174774700009, 4.591190741000048 ], [ 168.74174774700009, 4.591530207000062 ], [ 168.742116911000039, 4.591931426000031 ], [ 168.743070227000089, 4.59233264300002 ], [ 168.744085429000052, 4.592888069000026 ], [ 168.745254448000082, 4.593566998000028 ], [ 168.746454232000019, 4.594708901000047 ], [ 168.747715543000027, 4.595881681000037 ], [ 168.74885380000012, 4.596622363000051 ], [ 168.749776351000037, 4.597239542000068 ], [ 168.751253008000049, 4.598257938000074 ], [ 168.752545082000097, 4.599091252000051 ], [ 168.754267850000019, 4.600233154000023 ], [ 168.754821595000067, 4.600665249000031 ], [ 168.75549839700011, 4.60078857700006 ], [ 168.756667417000017, 4.601344180000069 ], [ 168.757190042000047, 4.601806974000056 ], [ 168.757466915000123, 4.602331699000047 ], [ 168.757836079000072, 4.602640287000042 ], [ 168.758482114000117, 4.602918001000035 ], [ 168.759035861000029, 4.602887123000073 ], [ 168.759866481000017, 4.602979753000056 ], [ 168.760574045000112, 4.603195890000052 ], [ 168.761189319000096, 4.603566231000059 ], [ 168.761496957000077, 4.603967451000074 ], [ 168.761589248000064, 4.604368491000059 ], [ 168.76257368500012, 4.604800586000067 ], [ 168.763250485000071, 4.605201805000036 ], [ 168.76414227500004, 4.605726530000027 ], [ 168.764859497000089, 4.606339959000024 ], [ 168.765299132000109, 4.605900009000038 ] ] ] ] } },
{ "type": "Feature", "properties": { "ADM0_EN": "Republic of the Marshall Islands", "ADM0_PCODE": "MH", "ADM1_EN": "Ebon", "ADM1_PCODE": "MH06", "ADM2_EN": "Jittoen", "ADM2_PCODE": "MH0602", "Shape_Leng": 0.09809706736, "Shape_Area": 0.00013902013, "ADM0_EN_2": "Republic of the Marshall Islands", "ADM0_PCODE_2": "MH", "ADM1_EN_2": "Ebon", "ADM1_PCODE_2": "MH06", "ADM2_EN_2": "Jittoen", "ADM2_PCODE_2": "MH0602", "Shape_Leng_2": 0.09809706736, "Shape_Area_2": 0.00013902013, "xcoord": 168.69335302112268, "ycoord": 4.5815250840000488 }, "geometry": { "type": "MultiPolygon", "coordinates": [ [ [ [ 168.728084380000041, 4.580097081000076 ], [ 168.728058624000028, 4.580080837000025 ], [ 168.72655120200011, 4.579154894000055 ], [ 168.725166838000064, 4.578445265000028 ], [ 168.723751708000123, 4.577982294000037 ], [ 168.722336579000057, 4.577642827000034 ], [ 168.720521879000103, 4.577241610000044 ], [ 168.717722384000012, 4.576717063000046 ], [ 168.715815035000105, 4.576284967000049 ], [ 168.71403074300008, 4.575821997000048 ], [ 168.712308333000124, 4.575173942000049 ], [ 168.710954733000108, 4.574649395000051 ], [ 168.709324257000048, 4.57393958800003 ], [ 168.70806294700003, 4.573353286000042 ], [ 168.707201562000023, 4.573137151000026 ], [ 168.70640206500002, 4.573106273000064 ], [ 168.705509919000065, 4.573260656000059 ], [ 168.704187079000121, 4.573661875000028 ], [ 168.702218203000029, 4.574464134000038 ], [ 168.700556965000033, 4.575081312000066 ], [ 168.698773029000108, 4.575791118000041 ], [ 168.697357901000032, 4.576130583000065 ], [ 168.695358261000024, 4.576531802000034 ], [ 168.694066185000111, 4.576778637000075 ], [ 168.693420149000076, 4.57699477400007 ], [ 168.693174040000031, 4.577210732000026 ], [ 168.693174040000031, 4.577426870000068 ], [ 168.693100350000122, 4.577673706000041 ], [ 168.692804876000082, 4.577821843000038 ], [ 168.692313014000092, 4.578044048000038 ], [ 168.691500637000104, 4.578439019000029 ], [ 168.690368820000117, 4.579056195000021 ], [ 168.689605810000103, 4.579624114000069 ], [ 168.688990536000119, 4.580142591000026 ], [ 168.688572005000083, 4.580562195000027 ], [ 168.688399946000118, 4.581105303000072 ], [ 168.688178519000076, 4.581944865000025 ], [ 168.68808014800004, 4.582463165000036 ], [ 168.688030781000066, 4.583080520000067 ], [ 168.688006099000063, 4.58359899900006 ], [ 168.688178519000076, 4.584068039000044 ], [ 168.688325898000016, 4.584611148000022 ], [ 168.688498319000018, 4.584956860000034 ], [ 168.68884279800011, 4.585179063000055 ], [ 168.689211963000048, 4.585302394000053 ], [ 168.689532120000081, 4.585499967000032 ], [ 168.689777873000025, 4.585746803000063 ], [ 168.689876602000027, 4.585993816000041 ], [ 168.689876602000027, 4.586363981000034 ], [ 168.689802555000028, 4.587005966000049 ], [ 168.689753548000112, 4.587499815000058 ], [ 168.689679499000022, 4.588166429000069 ], [ 168.689630493000095, 4.588635472000021 ], [ 168.689704182000014, 4.588906935000068 ], [ 168.689900927000053, 4.589252647000023 ], [ 168.690368820000117, 4.589697059000059 ], [ 168.690713303000052, 4.589820566000071 ], [ 168.691057784000122, 4.589277278000054 ], [ 168.691550003000089, 4.588511965000066 ], [ 168.692485075000036, 4.58740093800003 ], [ 168.693764987000122, 4.585870309000029 ], [ 168.695807553000122, 4.58382120300007 ], [ 168.697776071000021, 4.582068193000055 ], [ 168.69952352100006, 4.580587003000062 ], [ 168.70071078300009, 4.579679621000025 ], [ 168.702987294000081, 4.578383512000073 ], [ 168.705448390000015, 4.576809515000036 ], [ 168.706740466000042, 4.576130583000065 ], [ 168.707724547000112, 4.575821997000048 ], [ 168.708985856000027, 4.575513406000027 ], [ 168.710308694000105, 4.575266572000032 ], [ 168.710954733000108, 4.57523569600005 ], [ 168.711539243000061, 4.575359201000026 ], [ 168.712031462000027, 4.575513406000027 ], [ 168.7124006250001, 4.575606038000046 ], [ 168.712677498000062, 4.575791118000041 ], [ 168.713108189000081, 4.576007256000025 ], [ 168.71356964600011, 4.576284967000049 ], [ 168.714246088000095, 4.576284967000049 ], [ 168.714615252000044, 4.576531802000034 ], [ 168.715169, 4.576840390000029 ], [ 168.715691981000077, 4.576933021000059 ], [ 168.716245729000093, 4.577087405000043 ], [ 168.717537802000038, 4.577118103000032 ], [ 168.717906964000122, 4.577210732000026 ], [ 168.71873758400011, 4.577395993000039 ], [ 168.719106749000048, 4.577611952000041 ], [ 168.719691259000115, 4.577797033000024 ], [ 168.720245006000027, 4.577797033000024 ], [ 168.72061417000009, 4.577889664000054 ], [ 168.720798753000054, 4.577982294000037 ], [ 168.721075269000039, 4.578290883000022 ], [ 168.721352141000011, 4.578537718000064 ], [ 168.721413667000093, 4.57884630500007 ], [ 168.721875124000121, 4.579062442000065 ], [ 168.7222750520001, 4.579124197000056 ], [ 168.722921088000021, 4.579340155000068 ], [ 168.723136434000025, 4.579679621000025 ], [ 168.723659415000043, 4.579648743000064 ], [ 168.724366981000117, 4.579679621000025 ], [ 168.725843638000015, 4.579833826000026 ], [ 168.726612731000046, 4.579957332000049 ], [ 168.727228005000029, 4.580327673000056 ], [ 168.727597167000113, 4.580605387000048 ], [ 168.727714499000058, 4.580673564000051 ], [ 168.728084380000041, 4.580097081000076 ] ] ] ] } },
{ "type": "Feature", "properties": { "ADM0_EN": "Republic of the Marshall Islands", "ADM0_PCODE": "MH", "ADM1_EN": "Ebon", "ADM1_PCODE": "MH06", "ADM2_EN": "Rerok", "ADM2_PCODE": "MH0603", "Shape_Leng": 0.03015825997, "Shape_Area": 1.394704e-05, "ADM0_EN_2": "Republic of the Marshall Islands", "ADM0_PCODE_2": "MH", "ADM1_EN_2": "Ebon", "ADM1_PCODE_2": "MH06", "ADM2_EN_2": "Rerok", "ADM2_PCODE_2": "MH0603", "Shape_Leng_2": 0.03015825997, "Shape_Area_2": 1.394704e-05, "xcoord": 168.76944583850621, "ycoord": 4.6121457620000399 }, "geometry": { "type": "MultiPolygon", "coordinates": [ [ [ [ 168.770541121000065, 4.614954204000071 ], [ 168.770510358000024, 4.613812299000074 ], [ 168.77035653900009, 4.613009864000048 ], [ 168.769833557000084, 4.611929714000041 ], [ 168.768879882000078, 4.610108881000031 ], [ 168.767680099000017, 4.60847313000005 ], [ 168.766911005000111, 4.607454733000054 ], [ 168.765957333000074, 4.606528968000021 ], [ 168.765299132000109, 4.605900009000038 ], [ 168.764859497000089, 4.606339959000024 ], [ 168.765188240000043, 4.606621419000021 ], [ 168.766141915000048, 4.60757823900002 ], [ 168.767157117000124, 4.60887434700004 ], [ 168.768110791000026, 4.610170633000052 ], [ 168.768541481000057, 4.611343413000043 ], [ 168.769064463000063, 4.612361810000039 ], [ 168.769310575000077, 4.613627219000023 ], [ 168.769402865000075, 4.614552983000067 ], [ 168.769372101000044, 4.615293669000039 ], [ 168.769064463000063, 4.615787517000058 ], [ 168.768756828000051, 4.616065228000025 ], [ 168.768387664000102, 4.616404694000039 ], [ 168.768141555000057, 4.616898543000048 ], [ 168.76801849900005, 4.617484843000057 ], [ 168.768141555000057, 4.617824487000064 ], [ 168.768418427000029, 4.618225706000032 ], [ 168.768910646000108, 4.618596048000029 ], [ 168.769249047000017, 4.618596048000029 ], [ 168.769741265000107, 4.617978692000065 ], [ 168.770048903000088, 4.61702205000006 ], [ 168.77035653900009, 4.616188735000037 ], [ 168.770541121000065, 4.614954204000071 ] ] ] ] } },
{ "type": "Feature", "properties": { "ADM0_EN": "Republic of the Marshall Islands", "ADM0_PCODE": "MH", "ADM1_EN": "Ebon", "ADM1_PCODE": "MH06", "ADM2_EN": "Toka", "ADM2_PCODE": "MH0607", "Shape_Leng": 0.04791837862, "Shape_Area": 7.886914e-05, "ADM0_EN_2": "Republic of the Marshall Islands", "ADM0_PCODE_2": "MH", "ADM1_EN_2": "Ebon", "ADM1_PCODE_2": "MH06", "ADM2_EN_2": "Toka", "ADM2_PCODE_2": "MH0607", "Shape_Leng_2": 0.04791837862, "Shape_Area_2": 7.886914e-05, "xcoord": 168.65045028229741, "ycoord": 4.6351113375000352 }, "geometry": { "type": "MultiPolygon", "coordinates": [ [ [ [ 168.658469030000106, 4.626315403000035 ], [ 168.658399275000079, 4.626106047000064 ], [ 168.658120971000017, 4.625966301000062 ], [ 168.657738215000109, 4.625931496000021 ], [ 168.657529664000094, 4.626106047000064 ], [ 168.657042453000031, 4.626245618000041 ], [ 168.656624996000119, 4.626315403000035 ], [ 168.656311994000021, 4.626175831000069 ], [ 168.655859840000062, 4.626175831000069 ], [ 168.655616234000036, 4.626594720000071 ], [ 168.65544202600006, 4.627013430000034 ], [ 168.654989872000101, 4.627327550000075 ], [ 168.65436386500005, 4.627851206000059 ], [ 168.653806899000074, 4.628304898000067 ], [ 168.653354745000115, 4.628758768000068 ], [ 168.652832837000119, 4.629177477000042 ], [ 168.651963224000042, 4.630154822000065 ], [ 168.651023860000123, 4.631271738000066 ], [ 168.650084495000101, 4.632563205000054 ], [ 168.649179829000104, 4.633680299000048 ], [ 168.648414671000069, 4.634308543000031 ], [ 168.647614457000032, 4.634867001000032 ], [ 168.647022794000122, 4.635250908000046 ], [ 168.646535942000014, 4.635949113000038 ], [ 168.645979332000024, 4.636716926000076 ], [ 168.645770426000013, 4.63758950600004 ], [ 168.645979332000024, 4.638078179000047 ], [ 168.646222580000085, 4.63849706600007 ], [ 168.646779189000085, 4.639160289000074 ], [ 168.647161945000107, 4.639579178000076 ], [ 168.647649157000046, 4.640067851000026 ], [ 168.647857704000103, 4.640416775000062 ], [ 168.647962159000031, 4.640905450000048 ], [ 168.648205763000078, 4.64108 ], [ 168.648936224000067, 4.641324337000071 ], [ 168.649423434000028, 4.641498888000058 ], [ 168.649840890000064, 4.641743223000049 ], [ 168.650223646000086, 4.642231898000034 ], [ 168.650675802000023, 4.64299988800002 ], [ 168.651023860000123, 4.643488563000062 ], [ 168.65175431900002, 4.644047020000073 ], [ 168.652415380000093, 4.644186590000061 ], [ 168.65265898600012, 4.643942253000034 ], [ 168.652832837000119, 4.643732898000053 ], [ 168.652728384000056, 4.643244226000036 ], [ 168.652693685000031, 4.642511216000059 ], [ 168.652519835000021, 4.641149785000039 ], [ 168.652728384000056, 4.638462264000054 ], [ 168.653180896000094, 4.636786710000024 ], [ 168.65370280500008, 4.634971767000025 ], [ 168.654503018000014, 4.632493421000049 ], [ 168.654955172000086, 4.630957617000035 ], [ 168.656242239000107, 4.628933140000072 ], [ 168.657286058000068, 4.627641674000074 ], [ 168.65843433200007, 4.62669930900006 ], [ 168.658469030000106, 4.626315403000035 ] ] ] ] } },
{ "type": "Feature", "properties": { "ADM0_EN": "Republic of the Marshall Islands", "ADM0_PCODE": "MH", "ADM1_EN": "Eneu", "ADM1_PCODE": "MH05", "ADM2_EN": "Eneu", "ADM2_PCODE": "MH0501", "Shape_Leng": 0.14869088733, "Shape_Area": 0.00027325119, "ADM0_EN_2": "Republic of the Marshall Islands", "ADM0_PCODE_2": "MH", "ADM1_EN_2": "Eneu", "ADM1_PCODE_2": "MH05", "ADM2_EN_2": "Eneu", "ADM2_PCODE_2": "MH0501", "Shape_Leng_2": 0.14869088733, "Shape_Area_2": 0.00027325119, "xcoord": 165.55245451328071, "ycoord": 11.623918438000061 }, "geometry": { "type": "MultiPolygon", "coordinates": [ [ [ [ 165.558519135000097, 11.618176351000045 ], [ 165.558519135000097, 11.61794093900005 ], [ 165.558506972000032, 11.617445305000047 ], [ 165.558482649000098, 11.616961988000071 ], [ 165.558312732000104, 11.616776192000032 ], [ 165.557997227000101, 11.616466355000057 ], [ 165.557596582000087, 11.616008020000038 ], [ 165.557365855000057, 11.615846857000065 ], [ 165.557013862000076, 11.615623760000062 ], [ 165.556771330000061, 11.615264482000043 ], [ 165.556686192000029, 11.614682108000068 ], [ 165.556577090000019, 11.614211282000042 ], [ 165.556577090000019, 11.613703154000063 ], [ 165.55652843900009, 11.613294263000057 ], [ 165.556443660000014, 11.613058851000062 ], [ 165.555946075000065, 11.612724382000067 ], [ 165.555630568000083, 11.612588025000036 ], [ 165.55530254100006, 11.612538588000064 ], [ 165.55514478900011, 11.612340298000049 ], [ 165.554914418000067, 11.612315490000071 ], [ 165.554635041000097, 11.612327804000074 ], [ 165.554477288000044, 11.612290680000058 ], [ 165.554683692000026, 11.612179131000062 ], [ 165.554659366000124, 11.61190659600004 ], [ 165.554550264000113, 11.611671184000045 ], [ 165.554040514000121, 11.611547319000067 ], [ 165.553712846000053, 11.611386155000048 ], [ 165.553494281000098, 11.611200358000076 ], [ 165.553300041000057, 11.611026878000075 ], [ 165.553336528000045, 11.611200358000076 ], [ 165.553421307000121, 11.611386155000048 ], [ 165.553494281000098, 11.611559635000049 ], [ 165.553518607000115, 11.612080076000041 ], [ 165.553567256000065, 11.612724382000067 ], [ 165.553579060000061, 11.613108467000075 ], [ 165.553542930000049, 11.61361641600007 ], [ 165.553603385000088, 11.614050119000069 ], [ 165.553700685000081, 11.614471504000051 ], [ 165.553748976000065, 11.614892713000074 ], [ 165.553797625000016, 11.615437962000044 ], [ 165.553688523000119, 11.615846857000065 ], [ 165.55345779400011, 11.616292874000067 ], [ 165.553324365000094, 11.616763698000057 ], [ 165.553154450000079, 11.617408182000077 ], [ 165.553069314000027, 11.617965747000028 ], [ 165.552741644000093, 11.618808343000069 ], [ 165.552450463000014, 11.61929148400003 ], [ 165.552244059000031, 11.619626130000029 ], [ 165.551994015000105, 11.620141574000058 ], [ 165.551722150000046, 11.620647201000054 ], [ 165.551217412000028, 11.621479803000057 ], [ 165.550664022000092, 11.622153913000034 ], [ 165.549916395000082, 11.622956888000033 ], [ 165.549352988000123, 11.623482148000051 ], [ 165.548916216000066, 11.623819293000054 ], [ 165.548750951000102, 11.624017583000068 ], [ 165.54855671100006, 11.624314927000057 ], [ 165.548236552000049, 11.624602455000058 ], [ 165.547653833000027, 11.625157521000062 ], [ 165.547304342000075, 11.625445050000053 ], [ 165.546711963000121, 11.625831634000065 ], [ 165.546187550000013, 11.626168600000028 ], [ 165.545575851000081, 11.626466123000057 ], [ 165.545080771000016, 11.62667422800007 ], [ 165.544585692000055, 11.626813083000059 ], [ 165.544187554000018, 11.626892329000043 ], [ 165.543935003000115, 11.627041002000055 ], [ 165.543770096000117, 11.627239289000045 ], [ 165.543478556000082, 11.627368151000042 ], [ 165.543158400000038, 11.627576257000044 ], [ 165.542866860000117, 11.627893589000053 ], [ 165.542624328000102, 11.628240551000033 ], [ 165.542313473000036, 11.628607324000029 ], [ 165.541924990000098, 11.628934475000051 ], [ 165.541565843000058, 11.629162391000023 ], [ 165.541099738000071, 11.629420113000037 ], [ 165.540643647000024, 11.629548975000034 ], [ 165.540119234000031, 11.629796881000061 ], [ 165.539711436000061, 11.630044785000052 ], [ 165.539585162000094, 11.630143841000063 ], [ 165.539235672000018, 11.630351947000065 ], [ 165.538779226000088, 11.630589858000064 ], [ 165.538478385000076, 11.630758520000029 ], [ 165.538118878000091, 11.631055864000075 ], [ 165.537769390000108, 11.631363204000024 ], [ 165.53751684100007, 11.63168035800004 ], [ 165.537118702000043, 11.632225610000035 ], [ 165.53684898500012, 11.632423900000049 ], [ 165.536662611000111, 11.632638073000066 ], [ 165.536429380000072, 11.632971111000074 ], [ 165.536087762000079, 11.633280416000048 ], [ 165.535652777000109, 11.633605602000046 ], [ 165.534992431000092, 11.633938643000022 ], [ 165.534122462000028, 11.634485857000072 ], [ 165.533369109000091, 11.634779275000028 ], [ 165.532964890000017, 11.634803010000041 ], [ 165.532429029000014, 11.633827629000052 ], [ 165.532304900000099, 11.633890988000076 ], [ 165.532840762000092, 11.634898318000069 ], [ 165.532662260000052, 11.635017184000048 ], [ 165.532390396000096, 11.634580985000071 ], [ 165.532304900000099, 11.634652377000066 ], [ 165.532568896000043, 11.635175853000021 ], [ 165.532514523000032, 11.635270981000076 ], [ 165.532234790000075, 11.635381994000056 ], [ 165.531823057000111, 11.635501039000076 ], [ 165.531543678000048, 11.635635790000038 ], [ 165.53076671700012, 11.635960977000025 ], [ 165.53048698200007, 11.636135530000047 ], [ 165.530316351000124, 11.636317934000033 ], [ 165.529951122000057, 11.636468569000044 ], [ 165.529788003000021, 11.636619204000056 ], [ 165.529811254000037, 11.636722367000061 ], [ 165.529896749000045, 11.636801609000031 ], [ 165.530044485000076, 11.636817492000034 ], [ 165.530191866000109, 11.636801609000031 ], [ 165.530386105000048, 11.636793757000021 ], [ 165.530557096000052, 11.636746101000028 ], [ 165.530789970000114, 11.636698627000044 ], [ 165.53106970400006, 11.636611352000045 ], [ 165.531450315000029, 11.636579582000024 ], [ 165.532056289000025, 11.636484454000026 ], [ 165.532576765000044, 11.636444830000073 ], [ 165.533244625000066, 11.636341671000025 ], [ 165.533617366000044, 11.636286163000022 ], [ 165.534107080000013, 11.636175150000042 ], [ 165.534549577000121, 11.636040222000076 ], [ 165.535489659000064, 11.635786425000049 ], [ 165.536157516000117, 11.635588314000074 ], [ 165.536716986000101, 11.635469269000055 ], [ 165.537183091000088, 11.635366109000074 ], [ 165.537424549000093, 11.635350759000062 ], [ 165.537546175000102, 11.635375569000075 ], [ 165.537655277000113, 11.635487119000061 ], [ 165.537946460000057, 11.635524243000077 ], [ 165.53838359000008, 11.635524243000077 ], [ 165.538577831000111, 11.635474804000069 ], [ 165.539002442000083, 11.635375569000075 ], [ 165.540046258000075, 11.635127840000052 ], [ 165.540677630000118, 11.634941867000066 ], [ 165.542437241000016, 11.634409111000025 ], [ 165.54406378300007, 11.633876175000069 ], [ 165.544452263000039, 11.633764626000072 ], [ 165.545580861000076, 11.633467282000026 ], [ 165.546284848000028, 11.633318609000071 ], [ 165.546709459000112, 11.633368227000062 ], [ 165.547110102000033, 11.633380541000065 ], [ 165.547947517000011, 11.633157442000027 ], [ 165.548870072000113, 11.632872414000076 ], [ 165.549670999000114, 11.632451206000042 ], [ 165.550290209000082, 11.631955572000038 ], [ 165.551370156000075, 11.630852577000041 ], [ 165.552341358000035, 11.629737446000036 ], [ 165.553263554000068, 11.628572521000024 ], [ 165.554283047000013, 11.627209483000058 ], [ 165.554974875000084, 11.626193407000073 ], [ 165.555594081000095, 11.624929606000023 ], [ 165.556043017000093, 11.624037393000037 ], [ 165.556370685000047, 11.622835343000077 ], [ 165.556577090000019, 11.621484799000029 ], [ 165.556698354000105, 11.619923474000075 ], [ 165.556832141000086, 11.619427841000061 ], [ 165.557013862000076, 11.618845467000028 ], [ 165.557256750000079, 11.618585245000077 ], [ 165.557426668000062, 11.618436574000043 ], [ 165.557766498000092, 11.618473695000034 ], [ 165.558264084000029, 11.618498506000037 ], [ 165.558433999000044, 11.618349832000035 ], [ 165.558519135000097, 11.618176351000045 ] ] ], [ [ [ 165.571489961000111, 11.524452881000059 ], [ 165.571340078000048, 11.524204620000035 ], [ 165.571115789000032, 11.524070938000023 ], [ 165.570591734000118, 11.523784481000064 ], [ 165.570086637000031, 11.523402538000028 ], [ 165.569843390000074, 11.522638651000022 ], [ 165.569600141000024, 11.521149252000043 ], [ 165.569656304000091, 11.520480852000048 ], [ 165.569843390000074, 11.519984326000042 ], [ 165.569899551000049, 11.519487979000075 ], [ 165.569805830000064, 11.519335202000036 ], [ 165.569562582000117, 11.519106036000039 ], [ 165.569282132000012, 11.51872409200007 ], [ 165.569076088000088, 11.518132080000044 ], [ 165.568964120000032, 11.517845801000021 ], [ 165.56866471100011, 11.517597539000064 ], [ 165.568234377000067, 11.516948235000029 ], [ 165.567860205000102, 11.516222543000026 ], [ 165.567485674000068, 11.515898070000048 ], [ 165.566849654000066, 11.51498140800004 ], [ 165.566213632000085, 11.514294087000053 ], [ 165.565521093000029, 11.51366388200006 ], [ 165.56512831900011, 11.513186454000049 ], [ 165.564623224000115, 11.512995483000054 ], [ 165.564099166000119, 11.512861802000032 ], [ 165.563650230000121, 11.512747217000026 ], [ 165.563182337000057, 11.512709203000043 ], [ 165.562770604000093, 11.512899997000034 ], [ 165.562415392000048, 11.513186454000049 ], [ 165.562246907000031, 11.513549299000033 ], [ 165.562134583000102, 11.513893048000057 ], [ 165.562040863000107, 11.514274992000026 ], [ 165.561947498000109, 11.514580367000065 ], [ 165.561928894000062, 11.515057797000054 ], [ 165.562003659000084, 11.51536335000003 ], [ 165.561984700000039, 11.515688002000047 ], [ 165.561872735000065, 11.515993556000069 ], [ 165.561779012000102, 11.51656629200005 ], [ 165.561909938000099, 11.517024624000044 ], [ 165.562153186000046, 11.517349277000051 ], [ 165.562377830000059, 11.517750315000058 ], [ 165.562639681000064, 11.518151356000033 ], [ 165.562826767000047, 11.518571316000077 ], [ 165.563219897000067, 11.518685898000058 ], [ 165.563594069000033, 11.518800480000039 ], [ 165.563912080000023, 11.519086938000044 ], [ 165.564192888000093, 11.519507074000046 ], [ 165.564361017000124, 11.519869922000055 ], [ 165.564716586000031, 11.520308979000049 ], [ 165.565015995000067, 11.520862795000028 ], [ 165.565259242000025, 11.521454806000065 ], [ 165.565577254000118, 11.522161402000052 ], [ 165.56555865200005, 11.522772331000056 ], [ 165.56555865200005, 11.522982400000046 ], [ 165.565259242000025, 11.523154274000035 ], [ 165.565296804000013, 11.52323066200006 ], [ 165.565670975000103, 11.523135177000029 ], [ 165.565895265000108, 11.523135177000029 ], [ 165.565988987000082, 11.523383440000032 ], [ 165.565895265000108, 11.52344073200004 ], [ 165.565633416000082, 11.52344073200004 ], [ 165.565596213000049, 11.523517120000065 ], [ 165.56587666300004, 11.523593508000033 ], [ 165.56615747100011, 11.523746286000062 ], [ 165.566344557000093, 11.523918162000029 ], [ 165.566381759000024, 11.524204620000035 ], [ 165.566325957000117, 11.524949408000055 ], [ 165.566344557000093, 11.525407561000065 ], [ 165.56647548300009, 11.52607596100006 ], [ 165.566737330000024, 11.526973527000052 ], [ 165.566662569000073, 11.527985497000032 ], [ 165.566569205000064, 11.529035840000063 ], [ 165.566662569000073, 11.530028892000075 ], [ 165.566419319000033, 11.531785653000043 ], [ 165.566007588000048, 11.533313425000074 ], [ 165.565502490000085, 11.534803003000036 ], [ 165.564997394000102, 11.535776958000042 ], [ 165.564697985000066, 11.536235288000057 ], [ 165.564716586000031, 11.536407164000025 ], [ 165.564697985000066, 11.536655426000038 ], [ 165.564903674000107, 11.536674523000045 ], [ 165.565165881000098, 11.536712717000057 ], [ 165.565296804000013, 11.536617230000047 ], [ 165.565708538000081, 11.536388066000029 ], [ 165.566176072000076, 11.536177997000038 ], [ 165.56662536500005, 11.536101607000035 ], [ 165.566868613000111, 11.535872443000073 ], [ 165.567092902000013, 11.535452306000025 ], [ 165.567410913000117, 11.534764808000034 ], [ 165.567729280000094, 11.534020019000025 ], [ 165.568365301000085, 11.53296967700004 ], [ 165.569225971000037, 11.531232014000068 ], [ 165.569693862000122, 11.530086184000027 ], [ 165.57021756000006, 11.528978549000044 ], [ 165.570704057000057, 11.527851817000055 ], [ 165.571152992000066, 11.526572488000056 ], [ 165.571415198000068, 11.525942281000027 ], [ 165.571415198000068, 11.525503047000029 ], [ 165.571415198000068, 11.525312075000045 ], [ 165.571471360000032, 11.524968327000067 ], [ 165.571489961000111, 11.524452881000059 ] ] ] ] } },
{ "type": "Feature", "properties": { "ADM0_EN": "Republic of the Marshall Islands", "ADM0_PCODE": "MH", "ADM1_EN": "Enewetak", "ADM1_PCODE": "MH07", "ADM2_EN": "Enewetak", "ADM2_PCODE": "MH0701", "Shape_Leng": 0.14911892551, "Shape_Area": 0.00019391414, "ADM0_EN_2": "Republic of the Marshall Islands", "ADM0_PCODE_2": "MH", "ADM1_EN_2": "Enewetak", "ADM1_PCODE_2": "MH07", "ADM2_EN_2": "Enewetak", "ADM2_PCODE_2": "MH0701", "Shape_Leng_2": 0.14911892551, "Shape_Area_2": 0.00019391414, "xcoord": 162.38232944212592, "ycoord": 11.424480580000051 }, "geometry": { "type": "MultiPolygon", "coordinates": [ [ [ [ 162.347498571000074, 11.358023291000052 ], [ 162.347498571000074, 11.357675617000041 ], [ 162.347320070000023, 11.357112695000069 ], [ 162.346930517000033, 11.356235121000054 ], [ 162.346459760000016, 11.355407340000056 ], [ 162.345940354000049, 11.354579556000033 ], [ 162.344739140000115, 11.353006807000042 ], [ 162.343408074000081, 11.351251834000038 ], [ 162.342060913000068, 11.349828116000026 ], [ 162.340843600000085, 11.348752069000057 ], [ 162.339155532000063, 11.34709650800005 ], [ 162.338051618000122, 11.346036884000057 ], [ 162.337921765000033, 11.345887854000068 ], [ 162.33823011800007, 11.345291916000065 ], [ 162.337629867000032, 11.344993857000077 ], [ 162.336477304000027, 11.344315105000021 ], [ 162.336006547000011, 11.343951009000023 ], [ 162.33490263200008, 11.343057013000077 ], [ 162.333928926000112, 11.342129820000025 ], [ 162.332938765000108, 11.341467667000074 ], [ 162.33134799600009, 11.340325406000034 ], [ 162.32972467400009, 11.339282382000022 ], [ 162.328215109000098, 11.338272552000035 ], [ 162.326251240000033, 11.337014282000041 ], [ 162.324968826000031, 11.336219698000036 ], [ 162.32339451200005, 11.335474729000055 ], [ 162.321478936000062, 11.33487879300003 ], [ 162.319758315000058, 11.334481500000038 ], [ 162.318687310000087, 11.334349069000041 ], [ 162.317940397000029, 11.334266255000045 ], [ 162.317437448000078, 11.335044419000042 ], [ 162.317745799000022, 11.335309281000036 ], [ 162.318005501000016, 11.336120465000022 ], [ 162.318395056000099, 11.336997861000043 ], [ 162.31935266500011, 11.338620228000025 ], [ 162.319515067000111, 11.339249362000032 ], [ 162.319888526000113, 11.340043946000037 ], [ 162.320310272000029, 11.340325406000034 ], [ 162.320846134000021, 11.340441239000029 ], [ 162.321397733000026, 11.340772317000074 ], [ 162.321608787000059, 11.340904747000025 ], [ 162.321819841000092, 11.340788914000029 ], [ 162.322290596000016, 11.340805512000031 ], [ 162.323102255000094, 11.34098756000003 ], [ 162.323946470000124, 11.341401451000024 ], [ 162.324433320000026, 11.341484265000076 ], [ 162.325179877000096, 11.341798743000027 ], [ 162.326527042000066, 11.342030586000021 ], [ 162.327192754000066, 11.342245830000024 ], [ 162.327874561000044, 11.342295447000026 ], [ 162.328896917000066, 11.342643123000073 ], [ 162.329594824000083, 11.342808571000035 ], [ 162.330763486000023, 11.34342110800003 ], [ 162.332029804000058, 11.343984030000058 ], [ 162.332516659000021, 11.344215871000074 ], [ 162.332954861000076, 11.344265488000076 ], [ 162.333506819000036, 11.344447535000029 ], [ 162.334074874000066, 11.344695976000025 ], [ 162.33508113400012, 11.345341534000056 ], [ 162.336396104000073, 11.346218931000067 ], [ 162.337743264000096, 11.347212340000056 ], [ 162.3385710230001, 11.348089737000066 ], [ 162.339204182000117, 11.348884501000043 ], [ 162.340518794000104, 11.350341417000038 ], [ 162.341655261000028, 11.351715520000027 ], [ 162.343424530000107, 11.353635943000029 ], [ 162.344868992000102, 11.355308104000073 ], [ 162.345794406000095, 11.356351129000075 ], [ 162.346248708000076, 11.356930470000066 ], [ 162.346362462000116, 11.357493390000059 ], [ 162.346459760000016, 11.357990094000058 ], [ 162.346752014000117, 11.358718641000053 ], [ 162.34699562000003, 11.359066316000053 ], [ 162.347141570000076, 11.359165551000046 ], [ 162.34728751900002, 11.359049719000041 ], [ 162.347385174000124, 11.358569613000043 ], [ 162.347498571000074, 11.358023291000052 ] ] ], [ [ [ 162.373287836000031, 11.407757810000021 ], [ 162.373195188000068, 11.405908955000029 ], [ 162.372591005000118, 11.404154874000028 ], [ 162.371893813000042, 11.400978678000058 ], [ 162.371150476000025, 11.39808679600003 ], [ 162.370406784000011, 11.395621658000039 ], [ 162.369616942000107, 11.393962525000063 ], [ 162.368687236000028, 11.391971425000065 ], [ 162.36780439000006, 11.390359769000042 ], [ 162.366875041000071, 11.389648713000042 ], [ 162.366038339000056, 11.388463440000066 ], [ 162.365992195000103, 11.389933027000041 ], [ 162.366270855000039, 11.39059678700005 ], [ 162.366456870000093, 11.391544861000057 ], [ 162.366921544000093, 11.392635185000074 ], [ 162.367060695000077, 11.393915052000068 ], [ 162.367107198000099, 11.394626108000068 ], [ 162.36733971700005, 11.395337343000051 ], [ 162.367246709000028, 11.396901702000036 ], [ 162.367246709000028, 11.398134273000039 ], [ 162.367618377000099, 11.39894010200004 ], [ 162.367850894000071, 11.400220146000038 ], [ 162.36780439000006, 11.401547487000073 ], [ 162.368222560000049, 11.403254094000033 ], [ 162.368594586000086, 11.404865930000028 ], [ 162.36826906400006, 11.406240748000073 ], [ 162.36873373800006, 11.407189 ], [ 162.369477434000032, 11.40813707500007 ], [ 162.370360278000021, 11.408800836000069 ], [ 162.370917961000032, 11.409606842000073 ], [ 162.37180080600001, 11.409748911000065 ], [ 162.372637508000025, 11.409464597000067 ], [ 162.373195188000068, 11.408800836000069 ], [ 162.373287836000031, 11.407757810000021 ] ] ], [ [ [ 162.385212697000043, 11.424398391000068 ], [ 162.385102878000112, 11.423877236000067 ], [ 162.384782364000102, 11.423069264000048 ], [ 162.384521947000053, 11.422581127000058 ], [ 162.384136685000044, 11.422077461000072 ], [ 162.383640531000083, 11.421599854000021 ], [ 162.383276376000026, 11.42134552300007 ], [ 162.382871083000055, 11.421225229000072 ], [ 162.38213346800012, 11.421390856000073 ], [ 162.3811200560001, 11.421791539000026 ], [ 162.380740875000015, 11.422214175000022 ], [ 162.380344882000031, 11.422913096000059 ], [ 162.379988239000113, 11.423170461000041 ], [ 162.379400510000096, 11.423447638000027 ], [ 162.379231309000033, 11.423599343000035 ], [ 162.379133652000064, 11.423803345000067 ], [ 162.379172642000071, 11.424051072000054 ], [ 162.379499238000108, 11.424562769000033 ], [ 162.379714228000012, 11.425265972000034 ], [ 162.380011848000095, 11.425800692000053 ], [ 162.380918662000113, 11.426800169000046 ], [ 162.381541803000118, 11.427628129000027 ], [ 162.38174713300009, 11.427785189000076 ], [ 162.382032593000076, 11.427872287000071 ], [ 162.382814563000011, 11.427791972000023 ], [ 162.383322163000116, 11.427503373000036 ], [ 162.383566484000085, 11.427135709000027 ], [ 162.384125595000114, 11.425872619000074 ], [ 162.384357039000065, 11.425642918000051 ], [ 162.385103596000022, 11.425151926000069 ], [ 162.385209479000082, 11.424844587000052 ], [ 162.385212697000043, 11.424398391000068 ] ] ] ] } },
{ "type": "Feature", "properties": { "ADM0_EN": "Republic of the Marshall Islands", "ADM0_PCODE": "MH", "ADM1_EN": "Jabat", "ADM1_PCODE": "MH08", "ADM2_EN": "Jabat", "ADM2_PCODE": "MH0801", "Shape_Leng": 0.02540929033, "Shape_Area": 3.980918e-05, "ADM0_EN_2": "Republic of the Marshall Islands", "ADM0_PCODE_2": "MH", "ADM1_EN_2": "Jabat", "ADM1_PCODE_2": "MH08", "ADM2_EN_2": "Jabat", "ADM2_PCODE_2": "MH0801", "Shape_Leng_2": 0.02540929033, "Shape_Area_2": 3.980918e-05, "xcoord": 168.97676590773401, "ycoord": 7.7511875735000331 }, "geometry": { "type": "MultiPolygon", "coordinates": [ [ [ [ 168.979838292000068, 7.754267570000025 ], [ 168.979797512000118, 7.753895442000044 ], [ 168.979674457000101, 7.753358043000048 ], [ 168.979531371000121, 7.752531155000042 ], [ 168.979244480000034, 7.751704267000036 ], [ 168.978998728000079, 7.750898260000042 ], [ 168.978671060000124, 7.750236642000061 ], [ 168.978261473000089, 7.749430634000021 ], [ 168.977810750000117, 7.748748490000025 ], [ 168.977257720000011, 7.747776858000066 ], [ 168.976581991000103, 7.746722766000062 ], [ 168.976069740000071, 7.746412571000064 ], [ 168.975557849000097, 7.74628870600003 ], [ 168.975270960000103, 7.746536614000036 ], [ 168.974943289000066, 7.746908740000038 ], [ 168.974595230000091, 7.74738420500006 ], [ 168.974390258000085, 7.747942306000027 ], [ 168.974226425000097, 7.748624450000023 ], [ 168.974267204000057, 7.749223778000044 ], [ 168.974308340000107, 7.749885397000071 ], [ 168.974390258000085, 7.750608768000063 ], [ 168.974472176000063, 7.751476887000024 ], [ 168.974595230000091, 7.752221140000074 ], [ 168.974697536000122, 7.753171891000022 ], [ 168.974738316000071, 7.754040189000023 ], [ 168.974861372000078, 7.754763559000025 ], [ 168.975004817000013, 7.755487109000057 ], [ 168.975414402000069, 7.755900464000035 ], [ 168.975967433000051, 7.756272591000027 ], [ 168.976806995000061, 7.756375929000058 ], [ 168.977483081000059, 7.756313998000053 ], [ 168.978076892000104, 7.756210659000033 ], [ 168.978711841000063, 7.756086617000051 ], [ 168.979203343000108, 7.755817828000033 ], [ 168.979428705000032, 7.755528517000073 ], [ 168.979695205000098, 7.755073755000069 ], [ 168.979838292000068, 7.754267570000025 ] ] ] ] } },
{ "type": "Feature", "properties": { "ADM0_EN": "Republic of the Marshall Islands", "ADM0_PCODE": "MH", "ADM1_EN": "Jaluit", "ADM1_PCODE": "MH09", "ADM2_EN": "Ae", "ADM2_PCODE": "MH0917", "Shape_Leng": 0.03848315149, "Shape_Area": 3.076736e-05, "ADM0_EN_2": "Republic of the Marshall Islands", "ADM0_PCODE_2": "MH", "ADM1_EN_2": "Jaluit", "ADM1_PCODE_2": "MH09", "ADM2_EN_2": "Ae", "ADM2_PCODE_2": "MH0917", "Shape_Leng_2": 0.03848315149, "Shape_Area_2": 3.076736e-05, "xcoord": 169.51426367175009, "ycoord": 5.8756092640000475 }, "geometry": { "type": "MultiPolygon", "coordinates": [ [ [ [ 169.521648655000035, 5.87023832400007 ], [ 169.521560298000054, 5.869572421000044 ], [ 169.520853806000105, 5.868951139000046 ], [ 169.519882605000021, 5.868551528000069 ], [ 169.519087758000069, 5.868418384000051 ], [ 169.518690334000098, 5.868729113000029 ], [ 169.518248554000024, 5.869483717000037 ], [ 169.517542418000062, 5.870460172000037 ], [ 169.516923926000118, 5.871170514000028 ], [ 169.515908367000065, 5.872058264000032 ], [ 169.515422945000068, 5.872679724000022 ], [ 169.515246232000095, 5.873256744000059 ], [ 169.514937163000013, 5.873700621000069 ], [ 169.514804809000111, 5.874322079000024 ], [ 169.514363027000059, 5.874765956000033 ], [ 169.513744892000091, 5.875209831000063 ], [ 169.513259113000117, 5.876008697000032 ], [ 169.512950044000036, 5.876585717000069 ], [ 169.512376267000036, 5.876896448000025 ], [ 169.511404707000111, 5.87778419700004 ], [ 169.510742572000026, 5.878583245000073 ], [ 169.510609858000066, 5.879071560000057 ], [ 169.510609858000066, 5.879604139000037 ], [ 169.510256791000074, 5.880447626000034 ], [ 169.51008008000008, 5.881202233000067 ], [ 169.51008008000008, 5.881601665000062 ], [ 169.510300791000077, 5.881867955000075 ], [ 169.510521501000085, 5.882134423000025 ], [ 169.510698215000048, 5.882444973000077 ], [ 169.510918926000045, 5.88253385400003 ], [ 169.511669773000108, 5.880358745000024 ], [ 169.512906047000115, 5.878450100000066 ], [ 169.514363027000059, 5.876452572000062 ], [ 169.515687655000079, 5.874765956000033 ], [ 169.517144994000091, 5.873345449000055 ], [ 169.518645976000016, 5.872546401000022 ], [ 169.519926603000044, 5.872191408000049 ], [ 169.521074519000081, 5.871747534000065 ], [ 169.521604656000022, 5.871037369000021 ], [ 169.521648655000035, 5.87023832400007 ] ] ] ] } },
{ "type": "Feature", "properties": { "ADM0_EN": "Republic of the Marshall Islands", "ADM0_PCODE": "MH", "ADM1_EN": "Jaluit", "ADM1_PCODE": "MH09", "ADM2_EN": "Arreen", "ADM2_PCODE": "MH0924", "Shape_Leng": 0.02422857934, "Shape_Area": 1.548637e-05, "ADM0_EN_2": "Republic of the Marshall Islands", "ADM0_PCODE_2": "MH", "ADM1_EN_2": "Jaluit", "ADM1_PCODE_2": "MH09", "ADM2_EN_2": "Arreen", "ADM2_PCODE_2": "MH0924", "Shape_Leng_2": 0.02422857934, "Shape_Area_2": 1.548637e-05, "xcoord": 169.71109558018401, "ycoord": 6.0211937430000546 }, "geometry": { "type": "MultiPolygon", "coordinates": [ [ [ [ 169.714139427000077, 6.01973352300007 ], [ 169.714119038000035, 6.019495436000057 ], [ 169.714005642000075, 6.019308925000075 ], [ 169.713830719000043, 6.019184704000054 ], [ 169.713727697000081, 6.019039602000021 ], [ 169.713542397000083, 6.019101890000059 ], [ 169.713429001000122, 6.019246814000041 ], [ 169.713202210000077, 6.019319278000069 ], [ 169.713109559000031, 6.019226110000034 ], [ 169.712996521000036, 6.019091540000034 ], [ 169.713027285000067, 6.01896713800005 ], [ 169.713140681000027, 6.018873975000076 ], [ 169.713325978000057, 6.018760105000069 ], [ 169.713459766000028, 6.018615003000036 ], [ 169.713459766000028, 6.018511485000033 ], [ 169.713398237000092, 6.018397616000073 ], [ 169.713274467000019, 6.018418320000023 ], [ 169.713109559000031, 6.018521836000048 ], [ 169.712872752000067, 6.01883256900004 ], [ 169.712635943000123, 6.019101890000059 ], [ 169.712223853000069, 6.019505785000035 ], [ 169.711626465000109, 6.019774931000029 ], [ 169.710843781000108, 6.020168475000048 ], [ 169.710092217000124, 6.020675888000028 ], [ 169.709587476000024, 6.020996971000045 ], [ 169.709082737000017, 6.021400867000068 ], [ 169.708403075000092, 6.021753004000061 ], [ 169.708042495000086, 6.022032678000073 ], [ 169.707393596000088, 6.022260417000041 ], [ 169.706775819000086, 6.022332879000032 ], [ 169.70607540900005, 6.02239516700007 ], [ 169.705591417000051, 6.022446926000043 ], [ 169.705467648000081, 6.022467630000051 ], [ 169.70544725700006, 6.022519388000035 ], [ 169.705519159000119, 6.022602204000066 ], [ 169.705642927000099, 6.022695368000029 ], [ 169.705735578000031, 6.022778360000075 ], [ 169.705766341000071, 6.022912933000043 ], [ 169.705725204000032, 6.022995746000049 ], [ 169.7056325530001, 6.02290258000005 ], [ 169.705529531000025, 6.022830120000037 ], [ 169.705374998000025, 6.022819768000033 ], [ 169.705210448000116, 6.022871526000074 ], [ 169.705055914000013, 6.022923284000058 ], [ 169.705024793000121, 6.023068210000076 ], [ 169.705035167000119, 6.023171728000023 ], [ 169.705117442000073, 6.02327542200004 ], [ 169.705323487000101, 6.023451401000045 ], [ 169.7056325530001, 6.023617207000029 ], [ 169.705982760000097, 6.023720725000032 ], [ 169.706384476000039, 6.023886352000034 ], [ 169.706806584000105, 6.023917407000056 ], [ 169.707229047000055, 6.023844945000064 ], [ 169.707589269000096, 6.023741428000051 ], [ 169.708063244000073, 6.023565269000073 ], [ 169.708464958000036, 6.023389291000058 ], [ 169.708794417000036, 6.023171728000023 ], [ 169.709340294000071, 6.023047506000069 ], [ 169.709886171000107, 6.022778360000075 ], [ 169.71028788700005, 6.022591850000026 ], [ 169.71065848100011, 6.02243657300005 ], [ 169.711204359000021, 6.022053382000024 ], [ 169.711677975000043, 6.021835818000056 ], [ 169.712120831000107, 6.021659838000062 ], [ 169.712553669000044, 6.021390515000064 ], [ 169.713161070000069, 6.020986619000041 ], [ 169.713686557000074, 6.020593074000033 ], [ 169.713902619000123, 6.020344633000036 ], [ 169.714057153000113, 6.020023552000055 ], [ 169.714139427000077, 6.01973352300007 ] ] ] ] } },
{ "type": "Feature", "properties": { "ADM0_EN": "Republic of the Marshall Islands", "ADM0_PCODE": "MH", "ADM1_EN": "Jaluit", "ADM1_PCODE": "MH09", "ADM2_EN": "Bokanake", "ADM2_PCODE": "MH0901", "Shape_Leng": 0.02047507061, "Shape_Area": 2.174758e-05, "ADM0_EN_2": "Republic of the Marshall Islands", "ADM0_PCODE_2": "MH", "ADM1_EN_2": "Jaluit", "ADM1_PCODE_2": "MH09", "ADM2_EN_2": "Bokanake", "ADM2_PCODE_2": "MH0901", "Shape_Leng_2": 0.02047507061, "Shape_Area_2": 2.174758e-05, "xcoord": 169.41027253066608, "ycoord": 6.2870752345000653 }, "geometry": { "type": "MultiPolygon", "coordinates": [ [ [ [ 169.412584609000078, 6.286578083000052 ], [ 169.412584609000078, 6.286394966000046 ], [ 169.412402529000019, 6.286081024000055 ], [ 169.412272323000025, 6.285714785000039 ], [ 169.411986506000062, 6.284982311000022 ], [ 169.411674217000041, 6.284223422000025 ], [ 169.411492139000075, 6.28356948000004 ], [ 169.411180210000111, 6.283124712000074 ], [ 169.410868280000045, 6.283098476000021 ], [ 169.410504124000113, 6.283150769000031 ], [ 169.410192194000047, 6.283412419000058 ], [ 169.409932135000076, 6.283700303000046 ], [ 169.409723943000017, 6.283726361000049 ], [ 169.409229935000099, 6.283726361000049 ], [ 169.408943761000046, 6.283726361000049 ], [ 169.408449755000106, 6.283752598000035 ], [ 169.408137468000064, 6.284066540000026 ], [ 169.407825538000111, 6.284432777000063 ], [ 169.407825538000111, 6.284903782000072 ], [ 169.407825538000111, 6.285400842000058 ], [ 169.407955391000087, 6.285950197000034 ], [ 169.408189695000033, 6.286368908000043 ], [ 169.40850162400011, 6.287049087000071 ], [ 169.408527737000099, 6.287520091000033 ], [ 169.408683702000076, 6.288121742000044 ], [ 169.408683702000076, 6.288802099000065 ], [ 169.408865780000042, 6.289560809000022 ], [ 169.408969876000015, 6.290371814000025 ], [ 169.409047859000111, 6.290711994000048 ], [ 169.409281806000081, 6.29107822900005 ], [ 169.409932135000076, 6.290921169000057 ], [ 169.409984003000091, 6.290764286000069 ], [ 169.410192194000047, 6.29018869600003 ], [ 169.410270178000019, 6.289796222000064 ], [ 169.410530238000092, 6.289246865000052 ], [ 169.410660091000068, 6.288828157000069 ], [ 169.410816054000065, 6.288383389000046 ], [ 169.411076114000025, 6.28793862200007 ], [ 169.411466383000061, 6.287572386000022 ], [ 169.412012260000097, 6.28710138200006 ], [ 169.412220451000053, 6.286918264000064 ], [ 169.412584609000078, 6.286578083000052 ] ] ] ] } },
{ "type": "Feature", "properties": { "ADM0_EN": "Republic of the Marshall Islands", "ADM0_PCODE": "MH", "ADM1_EN": "Jaluit", "ADM1_PCODE": "MH09", "ADM2_EN": "Bukantorak", "ADM2_PCODE": "MH0906", "Shape_Leng": 0.00436328064, "Shape_Area": 1.1834e-06, "ADM0_EN_2": "Republic of the Marshall Islands", "ADM0_PCODE_2": "MH", "ADM1_EN_2": "Jaluit", "ADM1_PCODE_2": "MH09", "ADM2_EN_2": "Bukantorak", "ADM2_PCODE_2": "MH0906", "Shape_Leng_2": 0.00436328064, "Shape_Area_2": 1.1834e-06, "xcoord": 169.49098698442168, "ycoord": 6.2761299985000676 }, "geometry": { "type": "MultiPolygon", "coordinates": [ [ [ [ 169.491728182000088, 6.276483296000038 ], [ 169.491728182000088, 6.276051557000073 ], [ 169.491454885000053, 6.276051557000073 ], [ 169.491298921000066, 6.275855410000077 ], [ 169.491103964000104, 6.275580553000054 ], [ 169.490713695000068, 6.275698350000027 ], [ 169.490596723000067, 6.275737613000047 ], [ 169.490323783000122, 6.275973026000031 ], [ 169.490206811000121, 6.276208440000062 ], [ 169.490206811000121, 6.27644403100004 ], [ 169.490440757000101, 6.276522561000036 ], [ 169.490752687000054, 6.27656164800004 ], [ 169.491103964000104, 6.276718707000043 ], [ 169.491532868000036, 6.276718707000043 ], [ 169.491728182000088, 6.276483296000038 ] ] ] ] } },
{ "type": "Feature", "properties": { "ADM0_EN": "Republic of the Marshall Islands", "ADM0_PCODE": "MH", "ADM1_EN": "Jaluit", "ADM1_PCODE": "MH09", "ADM2_EN": "Ewo", "ADM2_PCODE": "MH0914", "Shape_Leng": 0.02754331398, "Shape_Area": 2.143112e-05, "ADM0_EN_2": "Republic of the Marshall Islands", "ADM0_PCODE_2": "MH", "ADM1_EN_2": "Jaluit", "ADM1_PCODE_2": "MH09", "ADM2_EN_2": "Ewo", "ADM2_PCODE_2": "MH0914", "Shape_Leng_2": 0.02754331398, "Shape_Area_2": 2.143112e-05, "xcoord": 169.54512735493233, "ycoord": 5.8313396115000558 }, "geometry": { "type": "MultiPolygon", "coordinates": [ [ [ [ 169.550128485000073, 5.827221675000033 ], [ 169.550128485000073, 5.826920763000032 ], [ 169.54995141400002, 5.826797612000064 ], [ 169.549543258000085, 5.826606105000053 ], [ 169.549162292000119, 5.826400855000031 ], [ 169.548577065000018, 5.826305192000063 ], [ 169.548127772000043, 5.826428161000024 ], [ 169.547420207000073, 5.826893455000061 ], [ 169.546848573000034, 5.827563818000044 ], [ 169.54652197900009, 5.828179391000049 ], [ 169.546031906000053, 5.82880870300005 ], [ 169.545405900000105, 5.829396967000037 ], [ 169.544888641000057, 5.829998974000034 ], [ 169.544480485000122, 5.830423038000049 ], [ 169.544167127000037, 5.830942943000025 ], [ 169.543895263000081, 5.831681665000076 ], [ 169.54370459800009, 5.832434128000045 ], [ 169.543323628000053, 5.833651706000069 ], [ 169.543024219000017, 5.834349376000034 ], [ 169.542901524000058, 5.834924077000039 ], [ 169.542847150000057, 5.835361882000029 ], [ 169.542724452000016, 5.835840561000055 ], [ 169.542642894000096, 5.83623731800003 ], [ 169.542724452000016, 5.836401516000024 ], [ 169.542996678000122, 5.836620511000035 ], [ 169.543160153000031, 5.836688866000031 ], [ 169.543296085000065, 5.836688866000031 ], [ 169.543527527000037, 5.836428823000062 ], [ 169.543895263000081, 5.836073117000069 ], [ 169.544262637000088, 5.835785947000034 ], [ 169.544575639000072, 5.835539646000029 ], [ 169.544779895000033, 5.835348140000065 ], [ 169.54495660800012, 5.835197682000057 ], [ 169.54509289900011, 5.835156632000064 ], [ 169.545215238000083, 5.834937640000021 ], [ 169.545215238000083, 5.834664032000035 ], [ 169.545188051000082, 5.834404169000038 ], [ 169.545242423000104, 5.834171613000024 ], [ 169.545296797000105, 5.833993668000062 ], [ 169.545256019000021, 5.833706498000026 ], [ 169.54509289900011, 5.833583348000047 ], [ 169.54503816700003, 5.833378097000036 ], [ 169.545147272000122, 5.833077007000043 ], [ 169.545460274000106, 5.832707734000053 ], [ 169.545732496000028, 5.832393078000052 ], [ 169.54578686900004, 5.832174085000077 ], [ 169.54578686900004, 5.831982579000055 ], [ 169.545868430000041, 5.831818378000037 ], [ 169.546494434000124, 5.830997558000035 ], [ 169.547052474000111, 5.830231530000049 ], [ 169.547433800000022, 5.829615782000076 ], [ 169.548182145000055, 5.828781396000068 ], [ 169.548835336000025, 5.828056240000024 ], [ 169.549189475000048, 5.827850990000059 ], [ 169.549406968000085, 5.827823683000076 ], [ 169.549624817000108, 5.827864734000059 ], [ 169.549842667000121, 5.827755327000034 ], [ 169.550114890000032, 5.827413183000033 ], [ 169.550128485000073, 5.827221675000033 ] ] ] ] } },
{ "type": "Feature", "properties": { "ADM0_EN": "Republic of the Marshall Islands", "ADM0_PCODE": "MH", "ADM1_EN": "Jaluit", "ADM1_PCODE": "MH09", "ADM2_EN": "Imiej", "ADM2_PCODE": "MH0911", "Shape_Leng": 0.28061115976000001, "Shape_Area": 0.00013263516, "ADM0_EN_2": "Republic of the Marshall Islands", "ADM0_PCODE_2": "MH", "ADM1_EN_2": "Jaluit", "ADM1_PCODE_2": "MH09", "ADM2_EN_2": "Imiej", "ADM2_PCODE_2": "MH0911", "Shape_Leng_2": 0.28061115976000001, "Shape_Area_2": 0.00013263516, "xcoord": 169.64530191710119, "ycoord": 5.9339641970000514 }, "geometry": { "type": "MultiPolygon", "coordinates": [ [ [ [ 169.648727613000119, 5.93490629300004 ], [ 169.64800609800011, 5.934341946000075 ], [ 169.647093919000099, 5.933535938000034 ], [ 169.646412467000118, 5.932790257000022 ], [ 169.645901649000052, 5.932246257000031 ], [ 169.645731017000116, 5.932115253000063 ], [ 169.645470598000088, 5.932044755000049 ], [ 169.645129693000058, 5.932024588000047 ], [ 169.644819195000082, 5.932044755000049 ], [ 169.64456843500011, 5.932074916000033 ], [ 169.644318033000104, 5.932246257000031 ], [ 169.644117712000025, 5.932528428000069 ], [ 169.643947080000089, 5.932800429000054 ], [ 169.643806855000093, 5.93291126500003 ], [ 169.643666631000087, 5.933082605000038 ], [ 169.643456293000099, 5.933415109000066 ], [ 169.64334575700002, 5.933596443000056 ], [ 169.643085341000074, 5.933868444000041 ], [ 169.642965147000041, 5.934059950000062 ], [ 169.642885019000119, 5.934392453000044 ], [ 169.642854969000041, 5.934845790000054 ], [ 169.642864986000063, 5.935127961000035 ], [ 169.643005211000059, 5.935319292000031 ], [ 169.643355774000042, 5.935480636000023 ], [ 169.64373674300009, 5.935651795000069 ], [ 169.644087665000029, 5.935853476000034 ], [ 169.644287985000119, 5.935944143000029 ], [ 169.644478290000052, 5.935913800000037 ], [ 169.644839227000034, 5.935682138000061 ], [ 169.645219838000116, 5.935420131000058 ], [ 169.645580774000109, 5.935137957000052 ], [ 169.646091953000109, 5.934865958000046 ], [ 169.646693276000065, 5.934644288000072 ], [ 169.647264550000045, 5.934513283000058 ], [ 169.647595080000087, 5.934563615000059 ], [ 169.648136308000062, 5.934815626000045 ], [ 169.648557340000025, 5.935137957000052 ], [ 169.648907903000122, 5.935279133000051 ], [ 169.649148646000071, 5.935460467000041 ], [ 169.649579340000059, 5.935742642000037 ], [ 169.649790034000034, 5.935933968000029 ], [ 169.649900209000066, 5.93598430000003 ], [ 169.649920242000121, 5.935903807000045 ], [ 169.649910227000078, 5.93580296600004 ], [ 169.649860145000048, 5.935692130000064 ], [ 169.649338952000107, 5.935379796000063 ], [ 169.648727613000119, 5.93490629300004 ] ] ], [ [ [ 169.66650508500004, 5.948457774000076 ], [ 169.666445348000025, 5.948454206000065 ], [ 169.666399918000025, 5.948464735000073 ], [ 169.666378812000062, 5.948492935000047 ], [ 169.666410292000023, 5.948542374000056 ], [ 169.666459658000122, 5.948570572000051 ], [ 169.66654372000005, 5.948584673000028 ], [ 169.666578777000041, 5.948545944000045 ], [ 169.666575200000011, 5.948496504000047 ], [ 169.66650508500004, 5.948457774000076 ] ] ], [ [ [ 169.66629367500002, 5.948361574000046 ], [ 169.666170978000082, 5.948264663000032 ], [ 169.666043989000059, 5.948220577000029 ], [ 169.665903764000063, 5.948150079000072 ], [ 169.665789652000058, 5.948163288000046 ], [ 169.665702011000121, 5.948180956000044 ], [ 169.665627606000044, 5.948142405000056 ], [ 169.66551242200012, 5.948120274000075 ], [ 169.665397236000103, 5.94803210200007 ], [ 169.665139681000028, 5.94792751600005 ], [ 169.66495903200007, 5.947844880000048 ], [ 169.6643888320001, 5.947613396000065 ], [ 169.663583610000046, 5.947233236000045 ], [ 169.662810942000078, 5.946924826000043 ], [ 169.662405291000027, 5.946726358000035 ], [ 169.661967086000118, 5.946462034000035 ], [ 169.661500980000028, 5.946191996000039 ], [ 169.661002324000037, 5.945878054000048 ], [ 169.660608117000038, 5.945580530000029 ], [ 169.660218921000023, 5.945233390000055 ], [ 169.659917366000059, 5.94494693200005 ], [ 169.659512073000087, 5.944627278000041 ], [ 169.659112146000098, 5.944241767000051 ], [ 169.658739404000016, 5.94387249600004 ], [ 169.658569489000115, 5.943679739000061 ], [ 169.658339475000048, 5.943409702000054 ], [ 169.657977824000113, 5.943029543000023 ], [ 169.657555717000037, 5.942649384000049 ], [ 169.657424079000066, 5.942478761000075 ], [ 169.656991240000025, 5.942004901000075 ], [ 169.656563769000059, 5.941475893000074 ], [ 169.656180294000023, 5.940969192000068 ], [ 169.655846186000076, 5.940522820000069 ], [ 169.655626906000066, 5.940297044000033 ], [ 169.655347527000117, 5.939971857000046 ], [ 169.654925424000112, 5.93940447600005 ], [ 169.654563769000106, 5.93893061600005 ], [ 169.654180297000039, 5.938495489000047 ], [ 169.653714549000028, 5.937999496000032 ], [ 169.653401905000123, 5.937718572000051 ], [ 169.652952613000025, 5.937310928000045 ], [ 169.652459677000024, 5.936952722000058 ], [ 169.652103393000061, 5.936732481000035 ], [ 169.651681284000119, 5.936523127000044 ], [ 169.651122530000066, 5.936247554000033 ], [ 169.650766246000103, 5.936098883000057 ], [ 169.650475779000089, 5.936076753000066 ], [ 169.650322317000018, 5.936115303000065 ], [ 169.650245767000115, 5.936197938000021 ], [ 169.650300496000114, 5.936291641000025 ], [ 169.650442866000049, 5.936379807000037 ], [ 169.650569143000098, 5.936506527000063 ], [ 169.650733334000051, 5.936605761000067 ], [ 169.650848519000078, 5.936600227000042 ], [ 169.650936161000118, 5.936627714000053 ], [ 169.651155442000118, 5.936666264000053 ], [ 169.651451273000021, 5.936792985000068 ], [ 169.651714196000057, 5.936925237000025 ], [ 169.651977118000104, 5.937051955000072 ], [ 169.652289762000123, 5.937222759000065 ], [ 169.652503320000051, 5.937288796000075 ], [ 169.652662146000011, 5.937421049000022 ], [ 169.652859606000106, 5.937525816000061 ], [ 169.653051344000119, 5.937680020000073 ], [ 169.653243079000049, 5.937856356000054 ], [ 169.653407628000082, 5.937988609000058 ], [ 169.653654097000071, 5.938175834000049 ], [ 169.653780013000073, 5.938313617000063 ], [ 169.653818645000115, 5.938478887000031 ], [ 169.653845831000012, 5.938627561000033 ], [ 169.653889831000015, 5.938710196000045 ], [ 169.653993928000091, 5.938809430000049 ], [ 169.654098022000085, 5.938814962000038 ], [ 169.654169208000098, 5.938908663000063 ], [ 169.654273304000071, 5.939118018000045 ], [ 169.654448586000058, 5.939349327000059 ], [ 169.654596680000054, 5.93945962500004 ], [ 169.654706142000123, 5.939553148000073 ], [ 169.654897879000032, 5.939712887000042 ], [ 169.654996608000033, 5.939834249000057 ], [ 169.655106427000078, 5.939982923000059 ], [ 169.655226979000076, 5.940120706000073 ], [ 169.655287074000057, 5.940302397000039 ], [ 169.655325350000112, 5.940467668000053 ], [ 169.655385803000058, 5.940633118000051 ], [ 169.655588630000011, 5.940831407000076 ], [ 169.65575818800005, 5.940996679000023 ], [ 169.655851553000048, 5.941134464000072 ], [ 169.656048653000084, 5.941266537000047 ], [ 169.656202113000063, 5.941387901000041 ], [ 169.656322666000051, 5.941553172000056 ], [ 169.656416031000049, 5.941679892000025 ], [ 169.656509036000102, 5.941801079000072 ], [ 169.656695407000029, 5.941922266000063 ], [ 169.656804868000108, 5.942065404000061 ], [ 169.656870688000026, 5.942219788000045 ], [ 169.656964052000035, 5.942352041000049 ], [ 169.657068148000121, 5.942462161000037 ], [ 169.657287072000031, 5.942644031000043 ], [ 169.657435167000017, 5.942787169000042 ], [ 169.65759971600005, 5.942941375000032 ], [ 169.65778036200004, 5.943161797000073 ], [ 169.658043285000076, 5.943453787000067 ], [ 169.658240746000047, 5.943558553000059 ], [ 169.658416028000033, 5.943679739000061 ], [ 169.658525488000123, 5.943817526000032 ], [ 169.658668218000116, 5.943977262000033 ], [ 169.658810588000051, 5.944192151000038 ], [ 169.659082456000078, 5.944469684000069 ], [ 169.659284206000052, 5.944703310000023 ], [ 169.65949454500003, 5.944897317000027 ], [ 169.659586479000041, 5.944989946000021 ], [ 169.659652298000083, 5.94508686000006 ], [ 169.659726704000036, 5.945073652000076 ], [ 169.659871578000093, 5.945157359000063 ], [ 169.659985332000019, 5.945249990000036 ], [ 169.660016096000049, 5.94532477000007 ], [ 169.660283669000023, 5.945505569000034 ], [ 169.660524771000041, 5.945677445000058 ], [ 169.660678232000123, 5.945787566000035 ], [ 169.660818456000015, 5.945875732000047 ], [ 169.660927918000084, 5.945986032000064 ], [ 169.660998030000087, 5.946047607000025 ], [ 169.661164726000038, 5.946104898000044 ], [ 169.661348951000036, 5.94617557600003 ], [ 169.661594344000036, 5.946303367000041 ], [ 169.661831154000083, 5.946457573000032 ], [ 169.6620633120001, 5.946642653000026 ], [ 169.662313356000027, 5.946792575000075 ], [ 169.662383469000019, 5.946871820000069 ], [ 169.662396704000116, 5.946929111000031 ], [ 169.662449289000051, 5.947026203000064 ], [ 169.662549806000015, 5.947070287000031 ], [ 169.662642098000106, 5.947087778000025 ], [ 169.662738325000078, 5.947087778000025 ], [ 169.662843852000037, 5.947092239000028 ], [ 169.662905021000029, 5.947145070000033 ], [ 169.662922548000097, 5.947215748000076 ], [ 169.662944369000115, 5.947294990000046 ], [ 169.663019131000055, 5.94740082800007 ], [ 169.66321623500005, 5.947466865000024 ], [ 169.663439807000032, 5.947519873000033 ], [ 169.663668032000032, 5.947594656000035 ], [ 169.663773200000037, 5.947599118000028 ], [ 169.663838664000082, 5.947563779000063 ], [ 169.663891605000117, 5.947581447000061 ], [ 169.663913426000022, 5.947638738000023 ], [ 169.663983539000014, 5.94770049300007 ], [ 169.664036123000074, 5.947740113000066 ], [ 169.664084415000048, 5.947762245000035 ], [ 169.66414558200006, 5.947735830000056 ], [ 169.664237875000026, 5.947740113000066 ], [ 169.664356279000117, 5.947770991000027 ], [ 169.664491855000051, 5.947850414000072 ], [ 169.664549089000047, 5.947925197000075 ], [ 169.664553381000019, 5.947978205000027 ], [ 169.664549089000047, 5.948066373000074 ], [ 169.664579853000077, 5.948110457000041 ], [ 169.66464531400004, 5.94811474100004 ], [ 169.664728664000108, 5.948039958000038 ], [ 169.664741899000092, 5.947973742000045 ], [ 169.664803426000049, 5.947916450000037 ], [ 169.664926122000111, 5.947951789000058 ], [ 169.664930414000082, 5.948009082000056 ], [ 169.664934709000022, 5.948105996000038 ], [ 169.664969765000023, 5.94819416200005 ], [ 169.664987293000081, 5.948317490000022 ], [ 169.665057406000074, 5.94834836800004 ], [ 169.665145044000042, 5.948339622000049 ], [ 169.665206574000081, 5.948242708000066 ], [ 169.665224101000035, 5.948132410000028 ], [ 169.665307450000114, 5.948123663000047 ], [ 169.665320685000097, 5.948207370000034 ], [ 169.665360034000059, 5.948308745000077 ], [ 169.665439090000064, 5.948374783000077 ], [ 169.665522079000084, 5.948374783000077 ], [ 169.665645134000101, 5.948357292000026 ], [ 169.665706304000082, 5.948361574000046 ], [ 169.665851179000015, 5.948445461000063 ], [ 169.665999990000046, 5.948520243000075 ], [ 169.66610515900004, 5.948586457000033 ], [ 169.666262913000082, 5.948626080000054 ], [ 169.666328733000114, 5.94858199600003 ], [ 169.666333382000062, 5.948511498000073 ], [ 169.666346260000068, 5.948410120000062 ], [ 169.66629367500002, 5.948361574000046 ] ] ], [ [ [ 169.667602921000025, 5.949092442000051 ], [ 169.667578239000022, 5.949074774000053 ], [ 169.66750812600003, 5.949088873000051 ], [ 169.667444811000109, 5.949067636000052 ], [ 169.667395802000101, 5.948944309000069 ], [ 169.66730816200004, 5.94886666900004 ], [ 169.667189042000018, 5.948792776000062 ], [ 169.667006605000097, 5.948750300000029 ], [ 169.666890706000117, 5.948764400000073 ], [ 169.666803065000067, 5.948792776000062 ], [ 169.666799487000048, 5.94886666900004 ], [ 169.66682774800006, 5.948937347000026 ], [ 169.666908234000061, 5.94900070500006 ], [ 169.667031288000089, 5.949067636000052 ], [ 169.667146832000071, 5.949134742000069 ], [ 169.667265951000104, 5.949205242000062 ], [ 169.667416910000043, 5.949272170000029 ], [ 169.667500972000084, 5.949296979000053 ], [ 169.66754676000005, 5.949258069000052 ], [ 169.667599345000099, 5.949191141000028 ], [ 169.667602921000025, 5.949127603000022 ], [ 169.667602921000025, 5.949092442000051 ] ] ], [ [ [ 169.668144863000066, 5.949326073000066 ], [ 169.667937385000073, 5.949136528000054 ], [ 169.667805391000115, 5.949202919000072 ], [ 169.667701650000026, 5.949316611000029 ], [ 169.667739569000105, 5.949401924000028 ], [ 169.667833649000045, 5.94949669600004 ], [ 169.668041124000069, 5.949600927000063 ], [ 169.668173122000098, 5.949743174000048 ], [ 169.66823536600009, 5.949864538000043 ], [ 169.668250389000036, 5.950016247000065 ], [ 169.668190294000055, 5.950311985000042 ], [ 169.668258259000027, 5.950531869000031 ], [ 169.668454288000021, 5.950827608000054 ], [ 169.6686728520001, 5.950956469000062 ], [ 169.668989792000048, 5.951100679000035 ], [ 169.669208356000013, 5.951403912000046 ], [ 169.669457327000032, 5.951866529000029 ], [ 169.6697213220001, 5.952549028000021 ], [ 169.669947757000045, 5.95292829400006 ], [ 169.670000341000105, 5.953201187000047 ], [ 169.670173834000025, 5.953413576000059 ], [ 169.670271849000073, 5.953610793000053 ], [ 169.670309767000049, 5.953815506000069 ], [ 169.670392758000048, 5.953936873000032 ], [ 169.670596299000067, 5.954202269000064 ], [ 169.670739744000116, 5.954422154000042 ], [ 169.670852782000111, 5.954520854000066 ], [ 169.670624559000089, 5.95398988200003 ], [ 169.670323004000124, 5.953279001000055 ], [ 169.669927011000027, 5.952416417000052 ], [ 169.669644056000038, 5.951752836000026 ], [ 169.669549619000122, 5.951563294000039 ], [ 169.669182242000034, 5.950861695000071 ], [ 169.668823811000038, 5.950226670000063 ], [ 169.668408859000124, 5.949648402000037 ], [ 169.668144863000066, 5.949326073000066 ] ] ], [ [ [ 169.716289667000069, 5.994967195000072 ], [ 169.716489988000035, 5.994782292000025 ], [ 169.716723935000118, 5.994479950000027 ], [ 169.716957883000077, 5.994076945000074 ], [ 169.717166431000123, 5.993631822000054 ], [ 169.717425419000051, 5.993169742000021 ], [ 169.717726258000084, 5.992649123000035 ], [ 169.717935164000096, 5.992187220000062 ], [ 169.718185568000081, 5.991758873000038 ], [ 169.718319354000073, 5.991397813000049 ], [ 169.718419514000061, 5.990910566000025 ], [ 169.718519675000039, 5.990179878000049 ], [ 169.718506798000021, 5.989755278000075 ], [ 169.7183891090001, 5.988836653000021 ], [ 169.717997766000053, 5.987891789000059 ], [ 169.717266950000067, 5.986461467000026 ], [ 169.716209538000044, 5.984493211000029 ], [ 169.715100257000017, 5.982367358000033 ], [ 169.714264986000103, 5.980622021000045 ], [ 169.713129592000087, 5.978482962000044 ], [ 169.712751128000036, 5.977879348000045 ], [ 169.712150878000102, 5.976619650000032 ], [ 169.711772413000062, 5.976068509000072 ], [ 169.711041597000076, 5.974861284000042 ], [ 169.710297545000117, 5.973968895000041 ], [ 169.709592843000109, 5.973535906000052 ], [ 169.708614128000022, 5.97327354500004 ], [ 169.70793518000005, 5.973102919000041 ], [ 169.707087033000107, 5.972853585000053 ], [ 169.706160546000092, 5.972696167000038 ], [ 169.705220823000104, 5.972551779000071 ], [ 169.704359439000086, 5.972394361000056 ], [ 169.703406480000012, 5.972092376000035 ], [ 169.702310434000083, 5.971672596000076 ], [ 169.700613782000119, 5.971029540000075 ], [ 169.698512552000125, 5.970242272000064 ], [ 169.697546714000055, 5.96991422800005 ], [ 169.696802663000085, 5.969704160000049 ], [ 169.695054142000117, 5.96913999100002 ], [ 169.693774944000097, 5.968785713000045 ], [ 169.692848457000082, 5.968575644000055 ], [ 169.692013186000054, 5.968352723000066 ], [ 169.691151804000015, 5.968063948000065 ], [ 169.69026430700012, 5.967775348000032 ], [ 169.689115677000018, 5.967420891000074 ], [ 169.688802675000034, 5.96738162500003 ], [ 169.688437087000011, 5.967250442000022 ], [ 169.688084735000075, 5.967106055000045 ], [ 169.687745262000021, 5.967040374000021 ], [ 169.6875367130001, 5.967001110000069 ], [ 169.687301693000109, 5.966869752000036 ], [ 169.686779782000031, 5.966673066000055 ], [ 169.686166299000092, 5.966449969000053 ], [ 169.685840060000032, 5.966331818000072 ], [ 169.685566049000045, 5.966213665000055 ], [ 169.685370019000061, 5.966082484000026 ], [ 169.685148236000032, 5.965951302000065 ], [ 169.684991555000124, 5.965951302000065 ], [ 169.684887102000062, 5.965898829000025 ], [ 169.684834875000092, 5.965793885000039 ], [ 169.684508638000011, 5.965518314000064 ], [ 169.683490931000051, 5.964835992000076 ], [ 169.682668540000122, 5.964245409000057 ], [ 169.681715939000014, 5.963458142000036 ], [ 169.681102454000097, 5.962972505000039 ], [ 169.6803977510001, 5.962447779000058 ], [ 169.679262356000095, 5.961686569000051 ], [ 169.678257171000041, 5.960978012000055 ], [ 169.677069551000045, 5.96025624400005 ], [ 169.67590804200006, 5.959508424000035 ], [ 169.675072773000124, 5.958917839000037 ], [ 169.674315842000055, 5.958353669000076 ], [ 169.673663365000039, 5.957855002000031 ], [ 169.67302376900011, 5.957238360000076 ], [ 169.672645303000081, 5.956844637000074 ], [ 169.672214611000072, 5.956332941000028 ], [ 169.671886943000118, 5.955805895000026 ], [ 169.671644768000078, 5.95564633500004 ], [ 169.671435862000067, 5.955436444000043 ], [ 169.671168646000069, 5.954974546000074 ], [ 169.67109352600005, 5.954966157000058 ], [ 169.671051674000068, 5.95505004100005 ], [ 169.671135021000055, 5.95522637800002 ], [ 169.671168646000069, 5.95547 ], [ 169.671243765000099, 5.955587617000049 ], [ 169.671402234000084, 5.955663113000071 ], [ 169.671527794000099, 5.955889958000057 ], [ 169.671828276000042, 5.95622585600006 ], [ 169.672087264000083, 5.956544973000064 ], [ 169.672329440000112, 5.956864092000046 ], [ 169.672388105000095, 5.957090760000028 ], [ 169.672296172000074, 5.957401487000027 ], [ 169.672279359000072, 5.957569436000028 ], [ 169.672471453000071, 5.957745772000067 ], [ 169.672847414000103, 5.957997785000032 ], [ 169.673181520000071, 5.958274961000029 ], [ 169.673598977000097, 5.958644411000023 ], [ 169.674208884000109, 5.959165029000076 ], [ 169.674885328000073, 5.959710996000069 ], [ 169.675988170000096, 5.960500403000026 ], [ 169.6769067890001, 5.961113475000047 ], [ 169.677566777000038, 5.961525046000077 ], [ 169.6780178570001, 5.961709772000063 ], [ 169.678260032000026, 5.96177687900007 ], [ 169.678343380000115, 5.961726548000058 ], [ 169.678402046000087, 5.961659263000058 ], [ 169.678360194000106, 5.961583765000057 ], [ 169.678234993000046, 5.961583765000057 ], [ 169.677917339000032, 5.961491314000057 ], [ 169.677758871000037, 5.961440982000056 ], [ 169.677449803000059, 5.961231093000038 ], [ 169.67725770900006, 5.961138641000048 ], [ 169.677115695000111, 5.961004247000062 ], [ 169.677107109000076, 5.960911974000055 ], [ 169.677215856000089, 5.96086146500005 ], [ 169.677374683000039, 5.96086146500005 ], [ 169.677708790000111, 5.961029411000027 ], [ 169.677808950000099, 5.961163807000048 ], [ 169.678067938000027, 5.961264647000064 ], [ 169.678351964000058, 5.961382265000054 ], [ 169.678619182000034, 5.961491314000057 ], [ 169.678928248000034, 5.961768490000054 ], [ 169.679011596000123, 5.961928048000061 ], [ 169.679020181000055, 5.962070833000041 ], [ 169.679128570000103, 5.962171672000068 ], [ 169.679220504000114, 5.962289113000054 ], [ 169.67929562300003, 5.96249079100005 ], [ 169.679262356000095, 5.962616797000067 ], [ 169.679370745000028, 5.962826686000028 ], [ 169.679629731000091, 5.963044965000051 ], [ 169.679938800000059, 5.963313755000058 ], [ 169.680164163000086, 5.963498479000066 ], [ 169.680590201000086, 5.963708546000021 ], [ 169.681141444000104, 5.964077996000071 ], [ 169.681400432000032, 5.964287889000047 ], [ 169.681692686000019, 5.964472612000066 ], [ 169.682018567000114, 5.96464073900006 ], [ 169.68251973200006, 5.965001799000049 ], [ 169.682870650000041, 5.965262199000051 ], [ 169.683288105000088, 5.965564361000077 ], [ 169.683797853000101, 5.965925602000027 ], [ 169.684173457000043, 5.966143880000061 ], [ 169.684474297000065, 5.966227942000046 ], [ 169.684691432000022, 5.966295050000042 ], [ 169.685092432000033, 5.966387502000032 ], [ 169.685392913000101, 5.966555452000023 ], [ 169.685727022000037, 5.966673066000055 ], [ 169.686387011000079, 5.966908123000053 ], [ 169.686930026000027, 5.967134970000075 ], [ 169.687748481000085, 5.967428923000057 ], [ 169.688558712000031, 5.967613647000064 ], [ 169.688942901000019, 5.967739652000034 ], [ 169.689485914000102, 5.967907601000036 ], [ 169.689978850000102, 5.968109103000074 ], [ 169.690705373000014, 5.968310604000067 ], [ 169.69126484100002, 5.968461774000048 ], [ 169.691849710000042, 5.968680233000043 ], [ 169.692233897000051, 5.96886495800004 ], [ 169.692684978000102, 5.968965618000027 ], [ 169.6929521940001, 5.968990961000031 ], [ 169.693169329000057, 5.969108401000028 ], [ 169.693370009000091, 5.96921763000006 ], [ 169.69367907700007, 5.969276346000072 ], [ 169.694104760000073, 5.969352024000045 ], [ 169.694656359000078, 5.969478030000062 ], [ 169.695173976000092, 5.969620811000027 ], [ 169.695499857000073, 5.969696307000049 ], [ 169.695666910000114, 5.96981392400005 ], [ 169.695934124000019, 5.969973484000036 ], [ 169.696176299000058, 5.970040592000032 ], [ 169.696385206000059, 5.970049159000041 ], [ 169.696702502000107, 5.970174984000039 ], [ 169.697095276000027, 5.970309379000071 ], [ 169.697212248000028, 5.970435384000041 ], [ 169.697345677000044, 5.970578169000021 ], [ 169.697504504000108, 5.970762893000028 ], [ 169.697721637000086, 5.970746115000054 ], [ 169.697955586000035, 5.970720950000043 ], [ 169.698097600000096, 5.970628497000064 ], [ 169.698306148000029, 5.970628497000064 ], [ 169.698481788000095, 5.970712561000028 ], [ 169.69863202800002, 5.97087212200006 ], [ 169.698790855000084, 5.971048457000052 ], [ 169.699108151000019, 5.971056846000067 ], [ 169.699375367000016, 5.971056846000067 ], [ 169.699684432000026, 5.971115564000058 ], [ 169.699893340000017, 5.971123952000028 ], [ 169.7001272870001, 5.971224795000069 ], [ 169.70031938000011, 5.971401128000025 ], [ 169.700594822000085, 5.971619587000021 ], [ 169.700878851000084, 5.971779146000074 ], [ 169.701062717000013, 5.971963871000071 ], [ 169.701196147000019, 5.972056322000071 ], [ 169.701388597000118, 5.972056322000071 ], [ 169.701538838000033, 5.971955483000045 ], [ 169.701597148000019, 5.97187980800004 ], [ 169.701831093000123, 5.971905152000033 ], [ 169.702073268000049, 5.972005815000045 ], [ 169.702223509000078, 5.972131819000026 ], [ 169.702474270000039, 5.972333322000054 ], [ 169.702574430000027, 5.972492881000051 ], [ 169.702624510000078, 5.972711336000032 ], [ 169.702541162000102, 5.97291283800007 ], [ 169.702390565000087, 5.973013679000076 ], [ 169.702257134000092, 5.973064011000076 ], [ 169.702156974000104, 5.973139684000046 ], [ 169.70216520200006, 5.973248734000038 ], [ 169.702265362000048, 5.973349576000032 ], [ 169.702499309000018, 5.973383129000069 ], [ 169.702791565000098, 5.973399904000075 ], [ 169.703025511000078, 5.973349576000032 ], [ 169.703234418000079, 5.973307634000037 ], [ 169.70327627100005, 5.973190017000036 ], [ 169.703200793000065, 5.973064011000076 ], [ 169.703142486000047, 5.973097563000067 ], [ 169.70309240500012, 5.97312290800005 ], [ 169.703075592000118, 5.97303884400003 ], [ 169.70315929800006, 5.972896063000064 ], [ 169.703301311000018, 5.972778446000063 ], [ 169.703518446000089, 5.972719726000037 ], [ 169.703735580000057, 5.972753279000074 ], [ 169.703944486000069, 5.972828954000022 ], [ 169.704161620000036, 5.972904450000044 ], [ 169.704420610000057, 5.972904450000044 ], [ 169.704737903000023, 5.97303884400003 ], [ 169.704913185000123, 5.973231957000053 ], [ 169.705055199000071, 5.973399904000075 ], [ 169.705072012000073, 5.97355946600004 ], [ 169.705264106000072, 5.973668694000025 ], [ 169.705506280000122, 5.973761146000072 ], [ 169.705656522000027, 5.973794700000042 ], [ 169.705756683000118, 5.973693858000047 ], [ 169.705907283000101, 5.973584809000045 ], [ 169.706015670000056, 5.973584809000045 ], [ 169.706116188000124, 5.973525909000045 ], [ 169.706207764000055, 5.973551077000025 ], [ 169.706207764000055, 5.973677082000052 ], [ 169.706191309000019, 5.973853418000033 ], [ 169.706090791000065, 5.973903928000027 ], [ 169.706024254000113, 5.974012977000029 ], [ 169.706057522000037, 5.974113818000035 ], [ 169.706232804000024, 5.974180926000031 ], [ 169.706466751000107, 5.974248213000067 ], [ 169.706633804000035, 5.974332098000048 ], [ 169.706951458000049, 5.974466490000054 ], [ 169.707318836000013, 5.974584107000055 ], [ 169.707485889000054, 5.97461766300006 ], [ 169.707569234000061, 5.97460088400004 ], [ 169.707494115000031, 5.974508610000044 ], [ 169.707343873000013, 5.97447487900007 ], [ 169.707193632000099, 5.974382605000073 ], [ 169.707126739000046, 5.974290155000062 ], [ 169.707201860000055, 5.974189315000046 ], [ 169.707410766000066, 5.973945871000069 ], [ 169.707677982000064, 5.973769533000052 ], [ 169.708179144000042, 5.973685470000021 ], [ 169.708438131000094, 5.97374436900003 ], [ 169.708530064000115, 5.973920705000069 ], [ 169.708613412000091, 5.97410542800003 ], [ 169.708747198000083, 5.974231435000036 ], [ 169.709097762000056, 5.974256600000047 ], [ 169.709315253000113, 5.974180926000031 ], [ 169.709573882000086, 5.974264988000073 ], [ 169.70972448200007, 5.974458103000075 ], [ 169.709782790000077, 5.97460088400004 ], [ 169.710150524000028, 5.974785611000073 ], [ 169.710576206000042, 5.975020845000074 ], [ 169.710860234000052, 5.975331573000062 ], [ 169.711119222000093, 5.975734756000065 ], [ 169.711328129000094, 5.976179879000028 ], [ 169.71141147700007, 5.976532552000037 ], [ 169.71145333000004, 5.97675083200005 ], [ 169.711603570000079, 5.977036396000074 ], [ 169.711787437000112, 5.977489909000042 ], [ 169.71181247700008, 5.97781741600005 ], [ 169.711921223000104, 5.978220597000075 ], [ 169.712154811000119, 5.978766563000022 ], [ 169.712505733000057, 5.979413190000059 ], [ 169.712781534000101, 5.980026260000045 ], [ 169.713048748000119, 5.980546881000066 ], [ 169.713282695000089, 5.98119368700003 ], [ 169.713499830000046, 5.981680753000035 ], [ 169.7136836950001, 5.982344154000032 ], [ 169.713783857000067, 5.982722172000024 ], [ 169.713909058000013, 5.982772503000035 ], [ 169.714042845000108, 5.982932062000032 ], [ 169.714310059000013, 5.983469640000067 ], [ 169.714594087000023, 5.984040588000028 ], [ 169.714894568000091, 5.984611720000032 ], [ 169.715203636000069, 5.985048454000037 ], [ 169.71547943500002, 5.985543909000057 ], [ 169.71565471800011, 5.985905149000075 ], [ 169.715804959000025, 5.986560164000025 ], [ 169.715905479000071, 5.987299241000073 ], [ 169.715980598000101, 5.987987989000032 ], [ 169.715988828000036, 5.988609449000023 ], [ 169.715963785000099, 5.989037796000048 ], [ 169.71583, 5.989449188000037 ], [ 169.715788504000102, 5.98994482300003 ], [ 169.715804959000025, 5.990339435000067 ], [ 169.71576346400002, 5.991212910000058 ], [ 169.715687985000045, 5.991842937000058 ], [ 169.715520932000118, 5.99311102300004 ], [ 169.715328838000119, 5.993782993000025 ], [ 169.715161783000099, 5.993984493000028 ], [ 169.714986503000091, 5.99411888800006 ], [ 169.714894568000091, 5.994261669000025 ], [ 169.714919609000049, 5.994396065000046 ], [ 169.715036582000039, 5.994513503000064 ], [ 169.715237262000073, 5.994605955000054 ], [ 169.715320611000038, 5.99471518200005 ], [ 169.715395731000058, 5.99485796700003 ], [ 169.715487664000079, 5.994933462000063 ], [ 169.71565471800011, 5.994916686000067 ], [ 169.715821772000027, 5.994941853000057 ], [ 169.715905479000071, 5.994983973000046 ], [ 169.715997054000013, 5.995059467000033 ], [ 169.71609757300007, 5.995067858000027 ], [ 169.716289667000069, 5.994967195000072 ] ] ], [ [ [ 169.715049461000035, 6.019067981000035 ], [ 169.715441520000013, 6.019053879000069 ], [ 169.7157080180001, 6.019053879000069 ], [ 169.716016013000058, 6.019039779000025 ], [ 169.716254252000113, 6.019011581000029 ], [ 169.716436332000058, 6.018941082000026 ], [ 169.716590506000102, 6.018772062000039 ], [ 169.716842697000061, 6.018462227000043 ], [ 169.717206854000096, 6.018180408000035 ], [ 169.717669024000088, 6.017856471000073 ], [ 169.718047489000014, 6.017631053000059 ], [ 169.718299681000076, 6.017490233000046 ], [ 169.718607675000044, 6.017405636000035 ], [ 169.718943928000044, 6.017363336000074 ], [ 169.719182168000088, 6.017293016000053 ], [ 169.719602486000099, 6.017095619000031 ], [ 169.719994901000064, 6.016912499000057 ], [ 169.720261042000061, 6.016673160000039 ], [ 169.720386958000063, 6.01641954300004 ], [ 169.720541135000076, 6.016180026000029 ], [ 169.720835538000074, 6.015898210000046 ], [ 169.721101680000061, 6.015700991000074 ], [ 169.721255497000016, 6.01556017300004 ], [ 169.721255497000016, 6.015391154000042 ], [ 169.721073419000049, 6.015137535000065 ], [ 169.720961454000076, 6.014672779000023 ], [ 169.720877388000076, 6.014236045000075 ], [ 169.720821228000091, 6.013954227000056 ], [ 169.720709262000014, 6.013644388000046 ], [ 169.720555086000104, 6.013207651000073 ], [ 169.720499282000105, 6.01281321600004 ], [ 169.720499282000105, 6.012193361000072 ], [ 169.720457071000055, 6.01155940600006 ], [ 169.72035905700011, 6.010841034000066 ], [ 169.720261042000061, 6.01026347800007 ], [ 169.720120818000055, 6.009967564000021 ], [ 169.719994901000064, 6.009516726000072 ], [ 169.719910837000043, 6.009094270000048 ], [ 169.719854677000058, 6.008615234000047 ], [ 169.719868629000075, 6.008277195000062 ], [ 169.719868629000075, 6.008079979000058 ], [ 169.719896886000015, 6.007938980000063 ], [ 169.719798513000114, 6.007741762000023 ], [ 169.719644696000046, 6.007403725000074 ], [ 169.719406456000115, 6.006854369000052 ], [ 169.718845914000099, 6.005347122000046 ], [ 169.718551869000066, 6.004530048000049 ], [ 169.718005279000067, 6.003135421000025 ], [ 169.717472995000094, 6.001783094000075 ], [ 169.717052676000094, 6.000374367000063 ], [ 169.716422379000051, 5.998373985000057 ], [ 169.716296106000073, 5.998176765000039 ], [ 169.716254252000113, 5.997782329000074 ], [ 169.716254252000113, 5.997500690000038 ], [ 169.716254252000113, 5.997261173000027 ], [ 169.716142287000025, 5.99703575500007 ], [ 169.716100076000089, 5.996768218000057 ], [ 169.71608612600005, 5.99655690000003 ], [ 169.716127977000042, 5.996246883000026 ], [ 169.716127977000042, 5.996063765000031 ], [ 169.715959851000093, 5.995894746000033 ], [ 169.715833934000102, 5.995810325000036 ], [ 169.715721969000015, 5.995922945000075 ], [ 169.715511631000027, 5.995979345000023 ], [ 169.715315603000022, 5.995965244000047 ], [ 169.715133524000066, 5.995908845000031 ], [ 169.71495144700009, 5.995796226000039 ], [ 169.714839124000036, 5.995852446000072 ], [ 169.714839124000036, 5.996120164000047 ], [ 169.71495144700009, 5.996599021000065 ], [ 169.715049461000035, 5.997106254000073 ], [ 169.715049461000035, 5.997740208000039 ], [ 169.715077363000091, 5.99826136300004 ], [ 169.715119574000028, 5.998754321000035 ], [ 169.715273391000096, 5.999176956000042 ], [ 169.7153717650001, 5.999627794000048 ], [ 169.715469779000045, 6.000078450000046 ], [ 169.715651856000022, 6.000768802000039 ], [ 169.715959851000093, 6.001374557000076 ], [ 169.716158026000016, 6.001982276000035 ], [ 169.716427745000033, 6.002411693000056 ], [ 169.716658114000097, 6.002875202000041 ], [ 169.716911020000111, 6.003598572000044 ], [ 169.717068418000053, 6.004045125000061 ], [ 169.717270884000072, 6.004757253000037 ], [ 169.717417190000106, 6.005260204000024 ], [ 169.71756886300011, 6.005746378000026 ], [ 169.717681187000039, 6.006300195000051 ], [ 169.717911557000093, 6.006837236000024 ], [ 169.71809721000011, 6.00744191900003 ], [ 169.718277144000012, 6.008035359000075 ], [ 169.718288234000056, 6.008594887000072 ], [ 169.718232071000102, 6.009810144000028 ], [ 169.718164463000107, 6.010301853000044 ], [ 169.718035326000063, 6.010968824000031 ], [ 169.717894744000091, 6.01135879900005 ], [ 169.717703723000113, 6.011505687000067 ], [ 169.717557416000091, 6.011596175000022 ], [ 169.717445092000048, 6.011618662000046 ], [ 169.717074142000115, 6.011494441000025 ], [ 169.717017979000047, 6.011630086000025 ], [ 169.717315958000086, 6.011731817000054 ], [ 169.717355305000069, 6.011844794000069 ], [ 169.717220447000045, 6.012364879000074 ], [ 169.717085229000077, 6.012619211000072 ], [ 169.716956094000125, 6.012715233000051 ], [ 169.716821234000122, 6.012743431000047 ], [ 169.716382673000112, 6.012568345000034 ], [ 169.716240301000084, 6.012897636000048 ], [ 169.716576555000074, 6.013038634000054 ], [ 169.716632360000062, 6.013137154000049 ], [ 169.716618410000024, 6.013362571000073 ], [ 169.716464232000021, 6.013672589000066 ], [ 169.716324364000116, 6.013940127000069 ], [ 169.716212044000031, 6.014165545000026 ], [ 169.716100076000089, 6.014250143000027 ], [ 169.715721969000015, 6.014151445000039 ], [ 169.715581744000019, 6.01447556100004 ], [ 169.715861836000045, 6.014644580000038 ], [ 169.715819982000085, 6.014940318000072 ], [ 169.715679757000089, 6.015236235000032 ], [ 169.715581744000019, 6.015461654000035 ], [ 169.715441520000013, 6.01568689100003 ], [ 169.715413616000092, 6.016025108000065 ], [ 169.715343504000089, 6.016391345000045 ], [ 169.715175378000026, 6.016842181000072 ], [ 169.715021201000013, 6.017166117000045 ], [ 169.714783318000059, 6.017532354000025 ], [ 169.714488918000029, 6.01787057100006 ], [ 169.714334741000016, 6.018011390000026 ], [ 169.714082550000057, 6.018138108000073 ], [ 169.713984536000112, 6.018222708000053 ], [ 169.713984536000112, 6.018349426000043 ], [ 169.714068600000019, 6.018546646000061 ], [ 169.714236726000081, 6.018786163000073 ], [ 169.714390904000084, 6.018898960000058 ], [ 169.71457298100006, 6.019025681000073 ], [ 169.714811222000094, 6.019053879000069 ], [ 169.715049461000035, 6.019067981000035 ] ] ] ] } },
{ "type": "Feature", "properties": { "ADM0_EN": "Republic of the Marshall Islands", "ADM0_PCODE": "MH", "ADM1_EN": "Jaluit", "ADM1_PCODE": "MH09", "ADM2_EN": "Imroj", "ADM2_PCODE": "MH0909", "Shape_Leng": 0.02514097287, "Shape_Area": 1.899304e-05, "ADM0_EN_2": "Republic of the Marshall Islands", "ADM0_PCODE_2": "MH", "ADM1_EN_2": "Jaluit", "ADM1_PCODE_2": "MH09", "ADM2_EN_2": "Imroj", "ADM2_PCODE_2": "MH0909", "Shape_Leng_2": 0.02514097287, "Shape_Area_2": 1.899304e-05, "xcoord": 169.609343509794, "ycoord": 6.0711529760000644 }, "geometry": { "type": "MultiPolygon", "coordinates": [ [ [ [ 169.613756599000112, 6.067858896000075 ], [ 169.613756599000112, 6.067610990000048 ], [ 169.613721542000121, 6.067327744000067 ], [ 169.613492602000065, 6.06718603500002 ], [ 169.613175666000075, 6.067150518000062 ], [ 169.612964254000076, 6.067345416000023 ], [ 169.612858727000116, 6.067628839000065 ], [ 169.612717789000044, 6.067912082000021 ], [ 169.612506377000045, 6.068089132000068 ], [ 169.612030970000092, 6.068284030000029 ], [ 169.611731562000045, 6.068354888000044 ], [ 169.611520150000047, 6.068496599000071 ], [ 169.61137920900012, 6.068744505000041 ], [ 169.611062272000026, 6.068974742000023 ], [ 169.610762864000094, 6.069346508000024 ], [ 169.610569338000118, 6.069559078000054 ], [ 169.610076046000017, 6.069913357000075 ], [ 169.609547697000039, 6.070090408000056 ], [ 169.609230760000059, 6.070285127000034 ], [ 169.608966765000105, 6.070320645000038 ], [ 169.60877288100005, 6.07049769300005 ], [ 169.608508886000095, 6.070798786000069 ], [ 169.608174062000103, 6.071082209000053 ], [ 169.607716185000072, 6.071223743000076 ], [ 169.607328777000021, 6.071276928000032 ], [ 169.606870899000114, 6.071276928000032 ], [ 169.606553963000124, 6.071418641000037 ], [ 169.606377965000092, 6.07157802200004 ], [ 169.606201967000061, 6.071843598000044 ], [ 169.606131499000071, 6.07218020800002 ], [ 169.606008085000099, 6.072463452000022 ], [ 169.605744089000041, 6.072835399000041 ], [ 169.605585621000046, 6.073136491000071 ], [ 169.605585621000046, 6.073295872000074 ], [ 169.605585621000046, 6.073543780000023 ], [ 169.605409267000027, 6.073720828000035 ], [ 169.605215741000052, 6.07379168500006 ], [ 169.605074802000104, 6.074039771000059 ], [ 169.604969274000041, 6.074376200000074 ], [ 169.60502185900009, 6.074517912000033 ], [ 169.605303741000057, 6.074889683000038 ], [ 169.605550207000078, 6.075084580000066 ], [ 169.605902559000015, 6.075208624000027 ], [ 169.606237024000052, 6.075208624000027 ], [ 169.606553963000124, 6.075102250000043 ], [ 169.607223249000072, 6.074606436000067 ], [ 169.60831500300003, 6.073508441000058 ], [ 169.609706166000024, 6.072144690000073 ], [ 169.610815804000026, 6.071082209000053 ], [ 169.612453434000031, 6.069523739000033 ], [ 169.613387075000105, 6.068549607000023 ], [ 169.613756599000112, 6.067858896000075 ] ] ] ] } },
{ "type": "Feature", "properties": { "ADM0_EN": "Republic of the Marshall Islands", "ADM0_PCODE": "MH", "ADM1_EN": "Jaluit", "ADM1_PCODE": "MH09", "ADM2_EN": "Jabnoren", "ADM2_PCODE": "MH0919", "Shape_Leng": 0.01792959183, "Shape_Area": 1.546306e-05, "ADM0_EN_2": "Republic of the Marshall Islands", "ADM0_PCODE_2": "MH", "ADM1_EN_2": "Jaluit", "ADM1_PCODE_2": "MH09", "ADM2_EN_2": "Jabnoren", "ADM2_PCODE_2": "MH0919", "Shape_Leng_2": 0.01792959183, "Shape_Area_2": 1.546306e-05, "xcoord": 169.40798104369543, "ycoord": 6.2638298770000347 }, "geometry": { "type": "MultiPolygon", "coordinates": [ [ [ [ 169.41021321300002, 6.260659750000059 ], [ 169.410098744000038, 6.260587643000065 ], [ 169.409440187000087, 6.260566048000044 ], [ 169.408839220000118, 6.260422195000046 ], [ 169.408338060000119, 6.260270847000072 ], [ 169.407665192000081, 6.260652433000075 ], [ 169.40732894000007, 6.261235698000064 ], [ 169.407264550000036, 6.261890891000064 ], [ 169.407121463000067, 6.262639784000044 ], [ 169.407049919000087, 6.263172542000063 ], [ 169.406986246000088, 6.263858968000022 ], [ 169.406813111000019, 6.264643738000075 ], [ 169.406408533000103, 6.265428504000056 ], [ 169.406408533000103, 6.266358733000061 ], [ 169.406582026000024, 6.266765662000068 ], [ 169.407390825000107, 6.26740497000003 ], [ 169.408026487000029, 6.267317873000025 ], [ 169.408344140000054, 6.266940036000051 ], [ 169.408575585000108, 6.266184360000068 ], [ 169.40863317600008, 6.265167035000047 ], [ 169.40889323600004, 6.26417880200006 ], [ 169.408979805000058, 6.263800786000047 ], [ 169.409355407000021, 6.263422946000048 ], [ 169.409769644000107, 6.262668519000044 ], [ 169.409991070000046, 6.261969779000026 ], [ 169.41021321300002, 6.260659750000059 ] ] ] ] } },
{ "type": "Feature", "properties": { "ADM0_EN": "Republic of the Marshall Islands", "ADM0_PCODE": "MH", "ADM1_EN": "Jaluit", "ADM1_PCODE": "MH09", "ADM2_EN": "Jabwor", "ADM2_PCODE": "MH0912", "Shape_Leng": 0.17584672149, "Shape_Area": 6.086784e-05, "ADM0_EN_2": "Republic of the Marshall Islands", "ADM0_PCODE_2": "MH", "ADM1_EN_2": "Jaluit", "ADM1_PCODE_2": "MH09", "ADM2_EN_2": "Jabwor", "ADM2_PCODE_2": "MH0912", "Shape_Leng_2": 0.17584672149, "Shape_Area_2": 6.086784e-05, "xcoord": 169.62825590503223, "ycoord": 5.8925273010000296 }, "geometry": { "type": "MultiPolygon", "coordinates": [ [ [ [ 169.642512993000082, 5.919955899000058 ], [ 169.642447887000117, 5.919479721000073 ], [ 169.642251501000032, 5.918852369000035 ], [ 169.641915964000077, 5.918071885000074 ], [ 169.641566114000057, 5.917382960000054 ], [ 169.641431970000099, 5.917093824000062 ], [ 169.641149017000089, 5.916645846000051 ], [ 169.640928662000078, 5.916313340000045 ], [ 169.640670032000116, 5.915860541000029 ], [ 169.640468638000016, 5.91545575300006 ], [ 169.640322690000062, 5.915248362000057 ], [ 169.64015134300007, 5.915086661000032 ], [ 169.639829397000085, 5.914752370000031 ], [ 169.639303912000059, 5.914073083000062 ], [ 169.638832081000032, 5.913382908000074 ], [ 169.638553061000039, 5.913102700000024 ], [ 169.638274401000103, 5.912843905000045 ], [ 169.637491358000034, 5.911808733000044 ], [ 169.636268679000068, 5.910277570000062 ], [ 169.635035271000106, 5.908670908000033 ], [ 169.633372603000112, 5.906449571000053 ], [ 169.632278703000111, 5.904907700000024 ], [ 169.63166736300002, 5.903991215000076 ], [ 169.631313583000065, 5.90326873600003 ], [ 169.630841394000072, 5.90227675400007 ], [ 169.630391028000076, 5.901166086000046 ], [ 169.629994321000027, 5.899893717000054 ], [ 169.629597255000022, 5.898567446000072 ], [ 169.62936151800011, 5.897823549000066 ], [ 169.629050305000078, 5.896820681000065 ], [ 169.628857137000068, 5.895796396000037 ], [ 169.628685790000077, 5.894847427000059 ], [ 169.628557013000091, 5.893930942000054 ], [ 169.628481891000092, 5.893219350000038 ], [ 169.628417502000048, 5.892561659000023 ], [ 169.628342382000028, 5.892097973000034 ], [ 169.628267262000122, 5.891742088000058 ], [ 169.628202874000067, 5.890804007000042 ], [ 169.628224335000027, 5.889682629000049 ], [ 169.628267262000122, 5.888302637000038 ], [ 169.628299455000047, 5.886836082000059 ], [ 169.628320920000078, 5.885930484000028 ], [ 169.628224335000027, 5.884744321000028 ], [ 169.62811737800007, 5.883321136000063 ], [ 169.627977869000119, 5.881865468000058 ], [ 169.627902747000121, 5.880539197000076 ], [ 169.627763238000057, 5.879245410000067 ], [ 169.627731044000029, 5.878760129000057 ], [ 169.627688118000037, 5.878059424000071 ], [ 169.6274631120001, 5.876776346000042 ], [ 169.627184095000075, 5.875719576000051 ], [ 169.626722996000012, 5.874522881000075 ], [ 169.626165314000104, 5.873487710000063 ], [ 169.625511050000114, 5.872161616000028 ], [ 169.624631424000086, 5.870317760000034 ], [ 169.623934232000124, 5.868398584000033 ], [ 169.623483867000118, 5.866770508000059 ], [ 169.623183386000051, 5.865746222000041 ], [ 169.623108264000052, 5.864926829000069 ], [ 169.623022768000055, 5.863029249000022 ], [ 169.623086800000124, 5.861099189000072 ], [ 169.623149402000081, 5.860105065000027 ], [ 169.6226418010001, 5.860133266000048 ], [ 169.622624272000053, 5.860213224000063 ], [ 169.622530907000055, 5.860284970000066 ], [ 169.622465088000013, 5.860318169000038 ], [ 169.622338814000045, 5.860345654000071 ], [ 169.622338814000045, 5.860445066000068 ], [ 169.622377089000111, 5.860533413000041 ], [ 169.622371724000118, 5.860599628000045 ], [ 169.622322359000123, 5.860676910000052 ], [ 169.622195728000065, 5.86068244300003 ], [ 169.62205872100003, 5.860643713000059 ], [ 169.621910269000068, 5.860632825000039 ], [ 169.621745719000046, 5.86068244300003 ], [ 169.621597267000084, 5.860776322000049 ], [ 169.621520356000019, 5.860881090000021 ], [ 169.621520356000019, 5.86097496800005 ], [ 169.621547901000099, 5.861063314000035 ], [ 169.621569722000118, 5.861129531000074 ], [ 169.62155899000004, 5.861206811000045 ], [ 169.621482082000057, 5.86123447500006 ], [ 169.621410539000067, 5.86117932600007 ], [ 169.621405172000095, 5.861046716000033 ], [ 169.621405172000095, 5.860919817000024 ], [ 169.621449170000119, 5.860820407000062 ], [ 169.621547901000099, 5.860676910000052 ], [ 169.621652356000027, 5.860561080000025 ], [ 169.621712809000087, 5.860450598000057 ], [ 169.621695996000085, 5.860384384000042 ], [ 169.62161372300011, 5.860422935000031 ], [ 169.621459903000073, 5.860588563000022 ], [ 169.621339351000074, 5.860770788000025 ], [ 169.621278898000014, 5.860963903000027 ], [ 169.621240264000107, 5.861311756000021 ], [ 169.621240264000107, 5.86154913200005 ], [ 169.621234899000115, 5.861764377000043 ], [ 169.621284262000017, 5.86191893900002 ], [ 169.621306444000084, 5.862012818000039 ], [ 169.621240264000107, 5.862095632000035 ], [ 169.621207355000024, 5.862228062000042 ], [ 169.621207355000024, 5.862454552000031 ], [ 169.621229534000122, 5.862813291000066 ], [ 169.621284262000017, 5.863199698000074 ], [ 169.621344719000035, 5.863464738000062 ], [ 169.621394082000052, 5.86384007700002 ], [ 169.621443448000036, 5.864259680000032 ], [ 169.621476358000109, 5.86450258800005 ], [ 169.621476358000109, 5.864806178000038 ], [ 169.621509626000034, 5.865049087000045 ], [ 169.621575446000065, 5.865275397000062 ], [ 169.621690630000103, 5.865507239000067 ], [ 169.621800450000023, 5.865656269000056 ], [ 169.621860903000083, 5.865832963000059 ], [ 169.621959634000063, 5.86614761800007 ], [ 169.62204763200009, 5.866362865000042 ], [ 169.622179273000029, 5.866467807000049 ], [ 169.622261904000084, 5.866396061000046 ], [ 169.622228995000114, 5.866280049000068 ], [ 169.622108086000026, 5.866031609000061 ], [ 169.621987177000051, 5.865689466000049 ], [ 169.621904902000097, 5.865391230000057 ], [ 169.621811539000078, 5.865065508000043 ], [ 169.621751085000028, 5.864712300000065 ], [ 169.621690630000103, 5.864287165000064 ], [ 169.621591901000102, 5.863779393000073 ], [ 169.621553266000092, 5.86350882000005 ], [ 169.621520356000019, 5.863216296000076 ], [ 169.621503903000075, 5.862967855000022 ], [ 169.621482082000057, 5.862702814000045 ], [ 169.621399806000113, 5.862465437000026 ], [ 169.621426992000124, 5.862321941000062 ], [ 169.621470991000024, 5.862217176000058 ], [ 169.621619445000078, 5.86212329500006 ], [ 169.621800450000023, 5.862023885000042 ], [ 169.621937814000034, 5.86191893900002 ], [ 169.622025812000061, 5.861731357000053 ], [ 169.621943178000038, 5.861609815000065 ], [ 169.621921357000019, 5.861515935000057 ], [ 169.622003633000077, 5.861449720000053 ], [ 169.622140996000098, 5.861372439000036 ], [ 169.622289091000084, 5.861322821000044 ], [ 169.622421088000124, 5.861245540000027 ], [ 169.622481544000038, 5.861278560000073 ], [ 169.62241572400012, 5.861350486000049 ], [ 169.622245449000047, 5.861505048000026 ], [ 169.622212540000078, 5.86172029200003 ], [ 169.622316635000061, 5.861836124000035 ], [ 169.62234418200012, 5.86199068600007 ], [ 169.622404634000077, 5.862228062000042 ], [ 169.62234418200012, 5.862388157000055 ], [ 169.622228995000114, 5.862459905000037 ], [ 169.622195728000065, 5.862691927000071 ], [ 169.622195728000065, 5.862890574000062 ], [ 169.622124541000062, 5.863072799000065 ], [ 169.622140996000098, 5.863221829000054 ], [ 169.622179273000029, 5.863365324000029 ], [ 169.622239725000099, 5.863586101000067 ], [ 169.622190361000094, 5.863679982000065 ], [ 169.622042266000108, 5.863729599000067 ], [ 169.62204763200009, 5.863812412000073 ], [ 169.622140996000098, 5.863928424000051 ], [ 169.622272638000027, 5.864011237000057 ], [ 169.62234954500002, 5.864071919000025 ], [ 169.622322359000123, 5.864143667000064 ], [ 169.622289091000084, 5.86428163100004 ], [ 169.622267271000055, 5.864452792000066 ], [ 169.622316635000061, 5.864612886000032 ], [ 169.622333090000097, 5.864778513000033 ], [ 169.622338814000045, 5.864960740000072 ], [ 169.622311270000068, 5.865115303000039 ], [ 169.622316635000061, 5.865302883000027 ], [ 169.622360635000064, 5.865424424000025 ], [ 169.622382456000082, 5.865755681000053 ], [ 169.622404634000077, 5.866048208000052 ], [ 169.622453999000072, 5.866119954000055 ], [ 169.622530907000055, 5.86632966600007 ], [ 169.622602094000058, 5.866489761000025 ], [ 169.622673638000037, 5.866649856000038 ], [ 169.622629638000035, 5.866710717000046 ], [ 169.622465088000013, 5.866793531000042 ], [ 169.622272638000027, 5.866909364000037 ], [ 169.622272638000027, 5.867063926000071 ], [ 169.622311270000068, 5.867373051000072 ], [ 169.62241572400012, 5.867682173000048 ], [ 169.62258027300004, 5.868041093000045 ], [ 169.622706547000121, 5.868344684000022 ], [ 169.622772368000028, 5.868576528000062 ], [ 169.622811001000059, 5.868847100000039 ], [ 169.622843912000121, 5.869001663000063 ], [ 169.622882188000062, 5.869233505000068 ], [ 169.623019550000095, 5.86970825700007 ], [ 169.623129368000036, 5.870089130000054 ], [ 169.623162278000109, 5.870420385000045 ], [ 169.623244911000029, 5.870850873000052 ], [ 169.623404097000048, 5.871176595000065 ], [ 169.623585102000106, 5.871568532000026 ], [ 169.623738919000061, 5.871844639000074 ], [ 169.623903827000049, 5.872087548000025 ], [ 169.624063012000079, 5.872330456000043 ], [ 169.624244373000124, 5.872391139000058 ], [ 169.624348469000097, 5.872385606000023 ], [ 169.624447558000043, 5.872324924000054 ], [ 169.624387103000117, 5.872280660000058 ], [ 169.624255105000088, 5.87220338000003 ], [ 169.624117742000067, 5.872070950000023 ], [ 169.624107009000113, 5.871999200000062 ], [ 169.624183919000075, 5.871921919000044 ], [ 169.624266195000018, 5.871850172000052 ], [ 169.624359559000027, 5.871739695000031 ], [ 169.624458289000017, 5.871673477000058 ], [ 169.624535199000093, 5.871679011000026 ], [ 169.624650740000106, 5.871734161000063 ], [ 169.624710837000066, 5.871795023000061 ], [ 169.624683651000055, 5.87185570500003 ], [ 169.624645016000045, 5.871910855000067 ], [ 169.624617473000058, 5.871993668000073 ], [ 169.624661471000081, 5.872065417000044 ], [ 169.624787746000038, 5.872142698000062 ], [ 169.624864656000113, 5.872253176000072 ], [ 169.624969109000062, 5.872324924000054 ], [ 169.62509538300003, 5.872335989000021 ], [ 169.625177658000098, 5.87246288800003 ], [ 169.625177658000098, 5.872512683000025 ], [ 169.625155837000079, 5.872617450000064 ], [ 169.625128293000103, 5.872689196000067 ], [ 169.625090018000037, 5.872777545000076 ], [ 169.625155837000079, 5.872860358000025 ], [ 169.6252216580001, 5.872998321000068 ], [ 169.625265657000114, 5.87305918200002 ], [ 169.625397296000074, 5.873114331000068 ], [ 169.625529292000124, 5.873136463000037 ], [ 169.625644479000016, 5.873230344000035 ], [ 169.625639115000013, 5.87329655800005 ], [ 169.625606202000085, 5.873340643000063 ], [ 169.625545750000015, 5.873473073000071 ], [ 169.625540027000056, 5.873544999000046 ], [ 169.625562204000062, 5.873688497000046 ], [ 169.625644479000016, 5.873754710000071 ], [ 169.625803664000046, 5.87383752300002 ], [ 169.625913481000111, 5.873942469000042 ], [ 169.626017937000029, 5.874152180000067 ], [ 169.626061935000052, 5.874361893000071 ], [ 169.626039757000058, 5.874477905000049 ], [ 169.626056212000094, 5.874610334000067 ], [ 169.626155299000061, 5.874820224000075 ], [ 169.626248664000059, 5.874952655000072 ], [ 169.626259394000044, 5.875096153000072 ], [ 169.626265119000095, 5.875294976000021 ], [ 169.62633630400012, 5.875383145000058 ], [ 169.626479392000078, 5.875449539000044 ], [ 169.626671485000088, 5.875510220000024 ], [ 169.626781304000019, 5.875598569000033 ], [ 169.6268360360001, 5.87570886900005 ], [ 169.62690757900009, 5.875841476000062 ], [ 169.626874668000028, 5.875957308000068 ], [ 169.626863578000098, 5.876073318000067 ], [ 169.626759125000035, 5.87619468500003 ], [ 169.62680884800011, 5.87630516300004 ], [ 169.626880036000102, 5.876454193000029 ], [ 169.626962309000078, 5.876669437000032 ], [ 169.627028486000086, 5.876763316000051 ], [ 169.627022763000014, 5.876890392000064 ], [ 169.627088942000114, 5.87706137400005 ], [ 169.627099672000099, 5.877210581000043 ], [ 169.627138307000109, 5.87728233100006 ], [ 169.627220582000064, 5.877370677000044 ], [ 169.627242402000093, 5.87748651000004 ], [ 169.627242402000093, 5.877602520000039 ], [ 169.627220582000064, 5.877751550000028 ], [ 169.627204126000038, 5.877878446000068 ], [ 169.627215214000103, 5.877955728000074 ], [ 169.627302857000018, 5.878044075000048 ], [ 169.627363310000078, 5.878154553000059 ], [ 169.627401943000109, 5.878270385000064 ], [ 169.627401943000109, 5.878424947000042 ], [ 169.627396219000047, 5.878535425000052 ], [ 169.627396219000047, 5.878678920000027 ], [ 169.627390853000065, 5.878822418000027 ], [ 169.627390853000065, 5.878916296000057 ], [ 169.62742912900012, 5.879076392000059 ], [ 169.62744022000004, 5.879219888000023 ], [ 169.62744022000004, 5.879319299000031 ], [ 169.627484218000063, 5.879413180000029 ], [ 169.627489584000045, 5.87953454500007 ], [ 169.627423765000117, 5.879645023000023 ], [ 169.627368675000071, 5.879788519000044 ], [ 169.627341490000049, 5.879954146000046 ], [ 169.627390853000065, 5.880147441000076 ], [ 169.62744022000004, 5.880335019000029 ], [ 169.627456674000086, 5.880506179000065 ], [ 169.627500675000078, 5.880660740000053 ], [ 169.627506040000071, 5.88087063200004 ], [ 169.627528216000087, 5.881091409000021 ], [ 169.627528216000087, 5.881201886000042 ], [ 169.627478853000071, 5.88124043800002 ], [ 169.627423765000117, 5.881350916000031 ], [ 169.627445585000032, 5.881488881000053 ], [ 169.627594038000097, 5.881544028000064 ], [ 169.627626947000067, 5.881643441000051 ], [ 169.627582949000043, 5.88173732100006 ], [ 169.627522494000118, 5.881781404000037 ], [ 169.627418399000021, 5.881842265000046 ], [ 169.627390853000065, 5.881908482000028 ], [ 169.627390853000065, 5.882007893000036 ], [ 169.627368675000071, 5.882101595000051 ], [ 169.627319310000075, 5.882118194000043 ], [ 169.62720949200002, 5.882063044000063 ], [ 169.627116128000011, 5.88207410900003 ], [ 169.627116128000011, 5.882167988000049 ], [ 169.627176582000061, 5.882311485000059 ], [ 169.627302857000018, 5.882333618000075 ], [ 169.62740731100007, 5.88230595400006 ], [ 169.627517130000115, 5.88234450300007 ], [ 169.627638037000111, 5.882372168000074 ], [ 169.627747858000021, 5.88245498200007 ], [ 169.627808310000091, 5.882510130000071 ], [ 169.62784122100004, 5.882637207000073 ], [ 169.627835497000092, 5.88276963900006 ], [ 169.627791856000044, 5.882786237000062 ], [ 169.627654493000023, 5.882786237000062 ], [ 169.627582949000043, 5.882841387000042 ], [ 169.627643403000093, 5.882924201000037 ], [ 169.627594038000097, 5.883056809000038 ], [ 169.627462040000069, 5.883056809000038 ], [ 169.62730858000009, 5.883144977000029 ], [ 169.627253490000044, 5.883288654000069 ], [ 169.62724812600004, 5.883470698000053 ], [ 169.62730858000009, 5.883691656000053 ], [ 169.627379766000104, 5.883851750000076 ], [ 169.627363310000078, 5.883956517000058 ], [ 169.627341490000049, 5.88413874500003 ], [ 169.627396219000047, 5.884332036000046 ], [ 169.627462040000069, 5.884519615000045 ], [ 169.62751176300003, 5.884712906000061 ], [ 169.627555406000056, 5.884917087000076 ], [ 169.627550038000095, 5.885148928000035 ], [ 169.62751176300003, 5.885292604000028 ], [ 169.62742912900012, 5.885386304000065 ], [ 169.627286401000106, 5.885447166000063 ], [ 169.627204126000038, 5.88554639900002 ], [ 169.627182306000122, 5.885679007000022 ], [ 169.627275312000052, 5.88572309400007 ], [ 169.627352222000013, 5.885756288000039 ], [ 169.627346855000042, 5.885855702000072 ], [ 169.627281035000124, 5.885938516000067 ], [ 169.627138307000109, 5.886015798000074 ], [ 169.626984487000072, 5.886082014000067 ], [ 169.626880036000102, 5.886181424000029 ], [ 169.626874668000028, 5.886319388000061 ], [ 169.626781304000019, 5.886418801000048 ], [ 169.626709761000029, 5.886496081000075 ], [ 169.626605665000056, 5.88652356700004 ], [ 169.62658921000002, 5.886617448000038 ], [ 169.626660394000055, 5.88672239300007 ], [ 169.626731938000034, 5.886689194000041 ], [ 169.626814214000092, 5.886705794000022 ], [ 169.626819578000095, 5.886816270000054 ], [ 169.626731938000034, 5.886904617000027 ], [ 169.62658921000002, 5.887020450000023 ], [ 169.626440757000069, 5.887296556000024 ], [ 169.626413212000102, 5.887655297000038 ], [ 169.626380305000112, 5.887892673000067 ], [ 169.626352760000032, 5.888036348000071 ], [ 169.626363847000107, 5.88821839600007 ], [ 169.626380305000112, 5.88841168600004 ], [ 169.626396758000055, 5.888671195000029 ], [ 169.626457213000094, 5.88896371900006 ], [ 169.626555943000085, 5.889118281000037 ], [ 169.626709761000029, 5.889438472000052 ], [ 169.626797758000066, 5.889692445000037 ], [ 169.626984487000072, 5.890100982000035 ], [ 169.627044943000101, 5.890332824000041 ], [ 169.627127216000076, 5.890531650000071 ], [ 169.627215214000103, 5.890597865000075 ], [ 169.62730858000009, 5.890542536000055 ], [ 169.627319310000075, 5.890448836000076 ], [ 169.627275312000052, 5.890354956000067 ], [ 169.62724812600004, 5.890216815000031 ], [ 169.627220582000064, 5.890062251000074 ], [ 169.627215214000103, 5.890001568000059 ], [ 169.627258857000015, 5.890012635000062 ], [ 169.627330400000119, 5.890150597000058 ], [ 169.627412675000073, 5.890233413000033 ], [ 169.627495308000107, 5.890316226000039 ], [ 169.627467764000016, 5.890443302000051 ], [ 169.62751176300003, 5.890641948000052 ], [ 169.627544673000102, 5.890807575000053 ], [ 169.627643403000093, 5.89096213800002 ], [ 169.627786133000086, 5.891072616000031 ], [ 169.627879498000084, 5.891155429000037 ], [ 169.627895951000028, 5.891254842000023 ], [ 169.627857676000076, 5.891343188000064 ], [ 169.627753222000024, 5.891436890000023 ], [ 169.627703857000029, 5.891547368000033 ], [ 169.627709222000021, 5.891735127000061 ], [ 169.627791856000044, 5.891829005000034 ], [ 169.627890585000046, 5.891900754000062 ], [ 169.627951040000085, 5.891999988000066 ], [ 169.627983950000043, 5.892204347000074 ], [ 169.628055136000057, 5.892452787000025 ], [ 169.628104857000039, 5.892535600000031 ], [ 169.628104857000039, 5.892623946000072 ], [ 169.628055136000057, 5.892629482000075 ], [ 169.627967494000018, 5.892574152000066 ], [ 169.627851952000015, 5.89251347000004 ], [ 169.627797220000048, 5.892519002000029 ], [ 169.627753222000024, 5.892645899000058 ], [ 169.627830133000089, 5.892739780000056 ], [ 169.627912405000075, 5.892761912000026 ], [ 169.62800040500008, 5.89280599500006 ], [ 169.62801149400002, 5.892850257000021 ], [ 169.627939950000041, 5.892850257000021 ], [ 169.627813677000063, 5.892899876000058 ], [ 169.627786133000086, 5.892977156000029 ], [ 169.627808310000091, 5.893131716000028 ], [ 169.627857676000076, 5.893253260000051 ], [ 169.627945316000023, 5.893385693000027 ], [ 169.627989316000026, 5.893501702000037 ], [ 169.62801149400002, 5.89369481600005 ], [ 169.628033315000039, 5.893943258000036 ], [ 169.628005770000073, 5.894142081000041 ], [ 169.627995040000087, 5.894274512000038 ], [ 169.627995040000087, 5.894379456000024 ], [ 169.62801149400002, 5.894467804000044 ], [ 169.628033315000039, 5.894379456000024 ], [ 169.628038682000124, 5.894274512000038 ], [ 169.628093769000088, 5.894158680000032 ], [ 169.628137769000091, 5.894070335000038 ], [ 169.628208954000115, 5.894136548000063 ], [ 169.628258319000111, 5.894257915000026 ], [ 169.628313408000054, 5.894407121000029 ], [ 169.628329862000101, 5.894561684000053 ], [ 169.628313408000054, 5.89471624600003 ], [ 169.628247587000033, 5.894738378000056 ], [ 169.628143134000084, 5.894876341000042 ], [ 169.628148500000066, 5.894964687000027 ], [ 169.628236498000092, 5.895058567000035 ], [ 169.628302318000124, 5.895141380000041 ], [ 169.628423227000098, 5.895251680000058 ], [ 169.628477957000086, 5.895389822000027 ], [ 169.628505501000063, 5.895522253000024 ], [ 169.628577044000053, 5.895737496000038 ], [ 169.628637499000092, 5.895974871000021 ], [ 169.628653955000118, 5.896184763000065 ], [ 169.628642865000074, 5.896361457000069 ], [ 169.628708685000106, 5.896482821000063 ], [ 169.628785595000068, 5.896631850000063 ], [ 169.628829593000091, 5.896841742000049 ], [ 169.62882422600012, 5.896940975000064 ], [ 169.628758049000112, 5.896985236000035 ], [ 169.628697954000017, 5.897034855000072 ], [ 169.628736228000093, 5.897123200000067 ], [ 169.628829593000091, 5.897178350000047 ], [ 169.628917592000107, 5.897233677000031 ], [ 169.628988777000018, 5.897371643000042 ], [ 169.628988777000018, 5.897476588000075 ], [ 169.628988777000018, 5.897526206000066 ], [ 169.6289229570001, 5.897548335000067 ], [ 169.62886250300005, 5.897625616000028 ], [ 169.62879096000006, 5.897769114000027 ], [ 169.628769140000031, 5.897851928000023 ], [ 169.628769140000031, 5.897918142000037 ], [ 169.628708685000106, 5.897989891000066 ], [ 169.628686863000098, 5.898172118000048 ], [ 169.628714407000075, 5.898315613000022 ], [ 169.628741595000065, 5.898514437000074 ], [ 169.628758049000112, 5.898657934000028 ], [ 169.628829593000091, 5.898740747000033 ], [ 169.628911867000056, 5.898785011000029 ], [ 169.628994142000124, 5.898724151000067 ], [ 169.629049230000078, 5.898724151000067 ], [ 169.629153685000119, 5.898729683000056 ], [ 169.629241326000056, 5.898773945000073 ], [ 169.629329325000072, 5.898934039000039 ], [ 169.629351145000101, 5.899072003000072 ], [ 169.6293239580001, 5.899232098000027 ], [ 169.629274236000015, 5.89937006200006 ], [ 169.62926350500004, 5.899441986000056 ], [ 169.629411599000036, 5.899497138000072 ], [ 169.629499597000063, 5.899530158000061 ], [ 169.629543597000065, 5.899624034000055 ], [ 169.629543597000065, 5.899717916000043 ], [ 169.62952714100004, 5.899822861000075 ], [ 169.629488508000122, 5.899927805000061 ], [ 169.629378690000067, 5.900049169000056 ], [ 169.629329325000072, 5.900143051000043 ], [ 169.629373323000095, 5.900247995000029 ], [ 169.629504963000045, 5.900275480000062 ], [ 169.6296534170001, 5.900347228000044 ], [ 169.629790421000052, 5.900419154000076 ], [ 169.629878421000058, 5.900590138000041 ], [ 169.629878421000058, 5.900711681000075 ], [ 169.629840146000106, 5.900794495000071 ], [ 169.629834422000044, 5.900882842000044 ], [ 169.629905965000034, 5.900921393000033 ], [ 169.629988240000102, 5.900993321000044 ], [ 169.630015784000079, 5.901065067000047 ], [ 169.629999328000054, 5.901142347000075 ], [ 169.630076239000118, 5.90125818100006 ], [ 169.630235422000055, 5.901484491000076 ], [ 169.63047688100005, 5.901937289000045 ], [ 169.630768063000119, 5.902561071000036 ], [ 169.630927245000066, 5.902931057000046 ], [ 169.631218429000114, 5.903494153000054 ], [ 169.631273160000092, 5.903637649000075 ], [ 169.63124597400008, 5.90372046400006 ], [ 169.631152610000072, 5.90377561300005 ], [ 169.630965881000066, 5.903842007000037 ], [ 169.630927245000066, 5.903924821000032 ], [ 169.631004155000028, 5.904040653000038 ], [ 169.631273160000092, 5.904344245000061 ], [ 169.631762160000108, 5.904951605000065 ], [ 169.632327710000027, 5.90566373200005 ], [ 169.633167987000093, 5.906773509000061 ], [ 169.633837634000088, 5.907706414000074 ], [ 169.634150636000072, 5.908142614000042 ], [ 169.634348455000122, 5.908451739000043 ], [ 169.634392453000032, 5.908633965000035 ], [ 169.63438708800004, 5.908865807000041 ], [ 169.634392453000032, 5.909031437000067 ], [ 169.634397818000025, 5.909224728000027 ], [ 169.634343089000026, 5.90932414100007 ], [ 169.634343089000026, 5.909478702000058 ], [ 169.634320912000021, 5.909627731000057 ], [ 169.634287999000094, 5.909870639000076 ], [ 169.634293723000042, 5.909992006000039 ], [ 169.634419999000102, 5.910124615000029 ], [ 169.634557003000054, 5.910135679000064 ], [ 169.634666824000078, 5.910085883000022 ], [ 169.634721911000042, 5.910003070000073 ], [ 169.634721911000042, 5.909936855000069 ], [ 169.634809911000048, 5.909870639000076 ], [ 169.634985549000021, 5.909842975000061 ], [ 169.635243463000052, 5.909820844000023 ], [ 169.635446645000115, 5.909947920000036 ], [ 169.635704919000091, 5.91017976400002 ], [ 169.635985011000116, 5.910516551000057 ], [ 169.636275836000095, 5.910875470000065 ], [ 169.636534106000113, 5.911239745000046 ], [ 169.636698657000125, 5.911455169000021 ], [ 169.636858199000017, 5.911714497000048 ], [ 169.636935108000102, 5.911885657000028 ], [ 169.637077837000106, 5.91201273300004 ], [ 169.637258840000072, 5.912222445000054 ], [ 169.637363295000114, 5.912365942000065 ], [ 169.637429115000032, 5.912504083000044 ], [ 169.637407294000013, 5.91258689700004 ], [ 169.637385116000019, 5.912636514000042 ], [ 169.637319296000101, 5.91273039400005 ], [ 169.637308566000115, 5.912642047000077 ], [ 169.637313929000015, 5.912570299000038 ], [ 169.63723165600004, 5.912548167000068 ], [ 169.637198387000012, 5.912691663000032 ], [ 169.637171202000104, 5.912769123000032 ], [ 169.637171202000104, 5.912873889000025 ], [ 169.63726456400002, 5.913006498000072 ], [ 169.637385116000019, 5.91315553000004 ], [ 169.637478481000016, 5.913287960000048 ], [ 169.637577568000097, 5.913403970000047 ], [ 169.637643389000118, 5.913376306000032 ], [ 169.637659842000062, 5.913287960000048 ], [ 169.637648753000121, 5.913149994000037 ], [ 169.637571845000025, 5.913111266000044 ], [ 169.637528204000091, 5.913017565000075 ], [ 169.637566480000032, 5.912907087000065 ], [ 169.637638022000033, 5.912835339000026 ], [ 169.637687387000028, 5.912835339000026 ], [ 169.637764296000114, 5.912918153000021 ], [ 169.63782475000005, 5.913000966000027 ], [ 169.637830115000042, 5.913083779000033 ], [ 169.637797207000062, 5.913116798000033 ], [ 169.637769663000086, 5.913210679000031 ], [ 169.637775029000068, 5.913282425000034 ], [ 169.63782475000005, 5.913354174000062 ], [ 169.637863027000094, 5.913293492000037 ], [ 169.637907025000118, 5.913221743000065 ], [ 169.63795102500012, 5.913210679000031 ], [ 169.638038666000057, 5.913365241000065 ], [ 169.638148485000102, 5.913525335000031 ], [ 169.638252938000051, 5.913536401000044 ], [ 169.638428578000116, 5.913525335000031 ], [ 169.638659304000043, 5.913541933000033 ], [ 169.638763758000096, 5.91364134500003 ], [ 169.638857123000093, 5.913768244000039 ], [ 169.638972307000017, 5.913928340000041 ], [ 169.639115037000124, 5.914110566000033 ], [ 169.639323586000046, 5.914414333000025 ], [ 169.639455584000075, 5.914629579000064 ], [ 169.639548948000083, 5.914728991000061 ], [ 169.639741042000082, 5.914938703000075 ], [ 169.639971770000102, 5.915220340000076 ], [ 169.640312316000063, 5.915695093000068 ], [ 169.640455046000056, 5.915888384000027 ], [ 169.640575955000031, 5.916009750000057 ], [ 169.640641775000063, 5.916203041000074 ], [ 169.640795592000018, 5.916468081000062 ], [ 169.640850322000119, 5.916578379000043 ], [ 169.640965864000123, 5.916688858000043 ], [ 169.641097505000062, 5.916909636000071 ], [ 169.641223780000018, 5.917086329000028 ], [ 169.641382965000048, 5.917345836000038 ], [ 169.641432331000033, 5.917522531000031 ], [ 169.641470962000085, 5.917699223000056 ], [ 169.641432331000033, 5.917820588000041 ], [ 169.641328232000092, 5.917914465000024 ], [ 169.641240236000044, 5.918036011000027 ], [ 169.641174414000034, 5.91819057400005 ], [ 169.641042417000108, 5.918306405000067 ], [ 169.640803819000098, 5.918527182000048 ], [ 169.640701512000078, 5.918713872000069 ], [ 169.640682911000113, 5.918825956000035 ], [ 169.64052515700007, 5.918966060000059 ], [ 169.640413551000051, 5.919489 ], [ 169.640450752000106, 5.919554324000046 ], [ 169.64042285000005, 5.919741190000025 ], [ 169.640274398000088, 5.920011941000041 ], [ 169.640134888000034, 5.920217371000035 ], [ 169.639977135000095, 5.920422797000072 ], [ 169.63989342800005, 5.920432258000062 ], [ 169.639828325000053, 5.920385497000041 ], [ 169.639651971000035, 5.920236110000076 ], [ 169.639512459000116, 5.920161327000073 ], [ 169.639354708000042, 5.920161327000073 ], [ 169.639391910000086, 5.91998391900006 ], [ 169.639289603000066, 5.919974640000021 ], [ 169.63922449800009, 5.920273413000075 ], [ 169.639382609000108, 5.920292152000059 ], [ 169.639429112000016, 5.920366756000021 ], [ 169.639447715000074, 5.920404236000024 ], [ 169.63953106200006, 5.920488299000056 ], [ 169.639605466000035, 5.920618946000047 ], [ 169.63958686400008, 5.920740311000031 ], [ 169.639438414000097, 5.920880418000024 ], [ 169.639280301000099, 5.920964480000066 ], [ 169.639113248000058, 5.921085844000061 ], [ 169.639076046000014, 5.921207388000028 ], [ 169.63905744300007, 5.92133803400003 ], [ 169.638899690000017, 5.921571482000047 ], [ 169.638788084000112, 5.921711587000061 ], [ 169.638685777000092, 5.921860976000062 ], [ 169.638611729000104, 5.921973058000049 ], [ 169.63847221900005, 5.922094423000033 ], [ 169.638342368000053, 5.922150465000072 ], [ 169.638212158000101, 5.922318592000067 ], [ 169.638063704000047, 5.922458697000025 ], [ 169.637952097000039, 5.92266412400005 ], [ 169.637821889000065, 5.922888294000074 ], [ 169.63763623400007, 5.92303768000005 ], [ 169.637497081000106, 5.923187066000025 ], [ 169.637487780000015, 5.923280588000068 ], [ 169.637469180000039, 5.923439255000062 ], [ 169.637385473000109, 5.923682163000024 ], [ 169.6372738660001, 5.923896874000036 ], [ 169.63720911900009, 5.924083740000071 ], [ 169.63720911900009, 5.924186365000025 ], [ 169.637255266000125, 5.924242407000065 ], [ 169.637385473000109, 5.924345211000059 ], [ 169.637487780000015, 5.924401252000052 ], [ 169.637571128000104, 5.924503877000063 ], [ 169.637701338000056, 5.924522618000026 ], [ 169.637849791000122, 5.924531899000044 ], [ 169.638026503000106, 5.924606683000036 ], [ 169.638174956000057, 5.924672004000058 ], [ 169.638286563000065, 5.924728045000052 ], [ 169.638416415000052, 5.924868151000055 ], [ 169.638546624000014, 5.924952214000029 ], [ 169.638778782000031, 5.924933475000046 ], [ 169.638973738000118, 5.924868151000055 ], [ 169.639233798000078, 5.924728045000052 ], [ 169.639391910000086, 5.92468128400003 ], [ 169.639614769000104, 5.924634703000038 ], [ 169.639717075000021, 5.924597222000045 ], [ 169.639819025000065, 5.924503877000063 ], [ 169.639986434000093, 5.924475855000026 ], [ 169.640069783000058, 5.924391792000051 ], [ 169.640515857000082, 5.923943634000068 ], [ 169.640970874000118, 5.923401955000031 ], [ 169.641277437000099, 5.923009660000048 ], [ 169.641509596000105, 5.922636105000038 ], [ 169.641704909000055, 5.922197228000073 ], [ 169.641946370000028, 5.921636985000021 ], [ 169.642048317000103, 5.921310012000049 ], [ 169.6422622340001, 5.92102052000007 ], [ 169.642410686000062, 5.92073103000007 ], [ 169.642466490000061, 5.920366756000021 ], [ 169.642512993000082, 5.919955899000058 ] ] ] ] } },
{ "type": "Feature", "properties": { "ADM0_EN": "Republic of the Marshall Islands", "ADM0_PCODE": "MH", "ADM1_EN": "Jaluit", "ADM1_PCODE": "MH09", "ADM2_EN": "Jaluit", "ADM2_PCODE": "MH0913", "Shape_Leng": 0.23957661233, "Shape_Area": 0.00017635355, "ADM0_EN_2": "Republic of the Marshall Islands", "ADM0_PCODE_2": "MH", "ADM1_EN_2": "Jaluit", "ADM1_PCODE_2": "MH09", "ADM2_EN_2": "Jaluit", "ADM2_PCODE_2": "MH0913", "Shape_Leng_2": 0.23957661233, "Shape_Area_2": 0.00017635355, "xcoord": 169.61431440575882, "ycoord": 5.8235175100000447 }, "geometry": { "type": "MultiPolygon", "coordinates": [ [ [ [ 169.623161921000019, 5.85990249300005 ], [ 169.623129726000116, 5.859083102000056 ], [ 169.622990574000028, 5.857940127000063 ], [ 169.62281887000006, 5.856991337000068 ], [ 169.622561313000119, 5.856269037000061 ], [ 169.622046560000058, 5.85487815700003 ], [ 169.621456683000019, 5.853508874000056 ], [ 169.620823882000082, 5.851902394000035 ], [ 169.620373515000097, 5.85043601700005 ], [ 169.620051570000101, 5.849239322000074 ], [ 169.619794371000012, 5.848182731000065 ], [ 169.619611936000069, 5.847061354000061 ], [ 169.61939730600011, 5.845411858000034 ], [ 169.619118645000071, 5.843136978000075 ], [ 169.618936208000036, 5.841702907000069 ], [ 169.618743041000016, 5.840581708000059 ], [ 169.618528768000033, 5.839568309000072 ], [ 169.618142434000106, 5.838166722000039 ], [ 169.61744524300002, 5.836236838000048 ], [ 169.616909025000041, 5.835007660000031 ], [ 169.616362074000108, 5.833649262000051 ], [ 169.615976097000043, 5.832517178000046 ], [ 169.615557569000089, 5.830953887000021 ], [ 169.615128666000032, 5.82906719600004 ], [ 169.614903305000098, 5.827299014000062 ], [ 169.614795988000083, 5.826285614000028 ], [ 169.614656836000108, 5.824948815000027 ], [ 169.614442207000025, 5.823008223000045 ], [ 169.614334892000102, 5.821789932000058 ], [ 169.614195381000059, 5.820776533000071 ], [ 169.613905988000056, 5.818803459000037 ], [ 169.613669894000054, 5.816949248000071 ], [ 169.613466353000035, 5.814857664000044 ], [ 169.613369770000077, 5.813208171000042 ], [ 169.613380502000041, 5.811731264000059 ], [ 169.613477086000103, 5.81090116200005 ], [ 169.613508921000061, 5.809995565000065 ], [ 169.613551850000022, 5.808712486000047 ], [ 169.613541116000079, 5.80794717200007 ], [ 169.613477086000103, 5.806933775000061 ], [ 169.613369770000077, 5.806286792000037 ], [ 169.613133676000075, 5.805402789000027 ], [ 169.612854657000071, 5.804734388000043 ], [ 169.61260819000006, 5.804216981000025 ], [ 169.612125629000047, 5.803537693000067 ], [ 169.611310391000075, 5.802384190000055 ], [ 169.611038886000074, 5.80202616300005 ], [ 169.610718728000052, 5.801647968000054 ], [ 169.610043, 5.800720775000059 ], [ 169.609163731000081, 5.799319365000031 ], [ 169.608659708000118, 5.798413767000056 ], [ 169.608348494000097, 5.797745367000061 ], [ 169.607983980000085, 5.796893669000042 ], [ 169.607706390000089, 5.796158340000034 ], [ 169.607191638000018, 5.79468875200007 ], [ 169.606834634000052, 5.793612529000029 ], [ 169.606463681000037, 5.792287686000066 ], [ 169.606264792000047, 5.791459905000067 ], [ 169.606024405000085, 5.790176467000038 ], [ 169.60591458500005, 5.789120949000051 ], [ 169.605839107000065, 5.788396507000073 ], [ 169.605660606000015, 5.787878920000026 ], [ 169.605489259000024, 5.787623698000061 ], [ 169.60530360600012, 5.787389178000069 ], [ 169.604850734000024, 5.787085585000057 ], [ 169.604404661000103, 5.78704417900002 ], [ 169.603917093000064, 5.78704417900002 ], [ 169.603374792000068, 5.786975108000036 ], [ 169.602667943000029, 5.787050960000045 ], [ 169.602001874000052, 5.787126991000036 ], [ 169.601301822000096, 5.787271739000062 ], [ 169.600471203000097, 5.787527140000066 ], [ 169.599963243000047, 5.787865177000072 ], [ 169.599537919000113, 5.788085955000042 ], [ 169.598844303000078, 5.788258365000047 ], [ 169.598185389000037, 5.788472360000071 ], [ 169.597862730000088, 5.788665472000048 ], [ 169.597746111000106, 5.78876899200003 ], [ 169.597608748000084, 5.78891391600007 ], [ 169.597581563000062, 5.789065622000066 ], [ 169.597519677000037, 5.789189842000042 ], [ 169.597272494000094, 5.789445243000046 ], [ 169.596915494000086, 5.789603911000029 ], [ 169.5963663980001, 5.789748658000065 ], [ 169.595872031000113, 5.789859135000029 ], [ 169.595158385000104, 5.789941948000035 ], [ 169.594767044000037, 5.789948909000032 ], [ 169.593757923000112, 5.789990137000075 ], [ 169.593188079000015, 5.79002476200003 ], [ 169.592783144000123, 5.790079912000067 ], [ 169.592103838000071, 5.790307651000035 ], [ 169.591458517000092, 5.790618023000036 ], [ 169.591026036000017, 5.790825058000053 ], [ 169.590291644000104, 5.791287316000023 ], [ 169.589591233000078, 5.791742615000032 ], [ 169.588904774000071, 5.792308388000038 ], [ 169.58854812900006, 5.79261198100005 ], [ 169.58824585800005, 5.792784568000059 ], [ 169.587847719000024, 5.793039792000059 ], [ 169.587326168000118, 5.793357126000046 ], [ 169.586989913000025, 5.793529715000034 ], [ 169.585788341000011, 5.794240415000047 ], [ 169.585184514000048, 5.794675010000049 ], [ 169.584799968000084, 5.795020006000072 ], [ 169.584552786000017, 5.795440860000042 ], [ 169.58419614200011, 5.795882411000036 ], [ 169.583866327000123, 5.796172261000038 ], [ 169.583221362000018, 5.796841555000071 ], [ 169.582589632000122, 5.797386625000058 ], [ 169.582225834000042, 5.797641849000058 ], [ 169.581690333000097, 5.79797310500004 ], [ 169.581223869000041, 5.798262775000069 ], [ 169.580825731000118, 5.798566366000045 ], [ 169.580537410000034, 5.798862996000025 ], [ 169.580207953000013, 5.799166587000059 ], [ 169.579775472000051, 5.799608320000061 ], [ 169.579294698000012, 5.799987764000036 ], [ 169.578601445000118, 5.800677762000021 ], [ 169.578134624000086, 5.80117446600002 ], [ 169.577867050000123, 5.80157461400006 ], [ 169.577441368000109, 5.802002426000058 ], [ 169.576878678000071, 5.802602646000025 ], [ 169.576638292000098, 5.802795939000021 ], [ 169.576329581000095, 5.80319608700006 ], [ 169.575938240000028, 5.803782565000063 ], [ 169.575251780000031, 5.804403491000073 ], [ 169.574716278000096, 5.80490715600007 ], [ 169.574084907000042, 5.805679966000071 ], [ 169.573583745000064, 5.806231997000054 ], [ 169.572815010000113, 5.806949479000025 ], [ 169.571551911000029, 5.808060328000067 ], [ 169.571064342000113, 5.808619321000037 ], [ 169.570872248000114, 5.808950398000036 ], [ 169.570824314000106, 5.809198838000043 ], [ 169.570879044000094, 5.809461024000029 ], [ 169.571009611000022, 5.809743911000055 ], [ 169.571126227000036, 5.809930241000075 ], [ 169.571236046000081, 5.810151019000045 ], [ 169.571249997000109, 5.810371796000027 ], [ 169.57124284300005, 5.810606316000076 ], [ 169.571037155000113, 5.810875463000059 ], [ 169.570858656000041, 5.811109981000072 ], [ 169.57061147200011, 5.811296313000071 ], [ 169.570398631000103, 5.811392869000031 ], [ 169.570350697000094, 5.811496387000034 ], [ 169.570357493000074, 5.811641312000063 ], [ 169.570412582000017, 5.811765532000038 ], [ 169.570405426000093, 5.811924200000021 ], [ 169.570529196000052, 5.812069122000025 ], [ 169.570570334000081, 5.812069122000025 ], [ 169.570666560000063, 5.811979348000023 ], [ 169.570831111000075, 5.811820682000075 ], [ 169.570975272000055, 5.811634351000066 ], [ 169.571037155000113, 5.811468902000058 ], [ 169.571146974000044, 5.81128257000006 ], [ 169.571503976000031, 5.810896165000031 ], [ 169.571799094000085, 5.810633981000024 ], [ 169.5720598690001, 5.810413205000032 ], [ 169.572430463000046, 5.810157802000049 ], [ 169.572849352000048, 5.809819763000064 ], [ 169.573096534000115, 5.809592026000075 ], [ 169.573261084000023, 5.809336804000054 ], [ 169.573384496000017, 5.809226504000037 ], [ 169.573535811000056, 5.809116025000037 ], [ 169.573721108000086, 5.808998765000069 ], [ 169.573878863000118, 5.808840098000076 ], [ 169.57411245000003, 5.808563993000064 ], [ 169.574352479000027, 5.808329472000025 ], [ 169.574634003000028, 5.808170806000021 ], [ 169.574887981000074, 5.807970733000047 ], [ 169.575032143000044, 5.807811887000071 ], [ 169.575114417000123, 5.807625734000055 ], [ 169.575313665000067, 5.807439402000057 ], [ 169.575670309000088, 5.807204704000071 ], [ 169.576006922000033, 5.806956441000068 ], [ 169.576171470000077, 5.806749406000051 ], [ 169.576233356000103, 5.806604481000022 ], [ 169.576157878000117, 5.806466519000026 ], [ 169.576089194000019, 5.806183631000067 ], [ 169.576267698000038, 5.805804187000035 ], [ 169.576535270000022, 5.805617856000026 ], [ 169.577029635000031, 5.805362632000026 ], [ 169.577448163000099, 5.805107231000022 ], [ 169.577764027000057, 5.804838263000022 ], [ 169.577901391000069, 5.804644971000073 ], [ 169.57791498600011, 5.80450700800003 ], [ 169.577970072000085, 5.80435512300005 ], [ 169.577956123000035, 5.804237863000026 ], [ 169.577894595000089, 5.804037789000063 ], [ 169.577798368000117, 5.803934272000049 ], [ 169.577770824000027, 5.803837715000043 ], [ 169.577832709000063, 5.803727416000072 ], [ 169.578093485000068, 5.803423826000028 ], [ 169.578327076000051, 5.803154678000055 ], [ 169.578594647000045, 5.802871793000065 ], [ 169.578910511000117, 5.802609607000022 ], [ 169.579212425000037, 5.80222320200005 ], [ 169.580118523000124, 5.801567653000063 ], [ 169.580866867000054, 5.801236576000065 ], [ 169.581100099000082, 5.80106398700002 ], [ 169.581244258000083, 5.800905321000073 ], [ 169.581683536000014, 5.800456805000067 ], [ 169.582541700000093, 5.799711660000071 ], [ 169.583406660000037, 5.799159805000045 ], [ 169.584724490000099, 5.798380034000047 ], [ 169.585877770000025, 5.797662553000066 ], [ 169.586921232000122, 5.797103737000043 ], [ 169.588225469000122, 5.79653796100007 ], [ 169.58936479800002, 5.796027335000076 ], [ 169.590621102000114, 5.795544374000031 ], [ 169.591643814000122, 5.79519241600002 ], [ 169.592234048000023, 5.794964856000036 ], [ 169.592769549000081, 5.794737120000036 ], [ 169.593202031000033, 5.79451634000003 ], [ 169.59373753400007, 5.794267899000033 ], [ 169.594794589000117, 5.793840089000071 ], [ 169.595968257000095, 5.793529715000034 ], [ 169.596736992000046, 5.793405494000069 ], [ 169.597814793000111, 5.793336423000028 ], [ 169.598672957000076, 5.793260570000029 ], [ 169.599366214000042, 5.793205421000039 ], [ 169.599688875000083, 5.793226125000047 ], [ 169.599901718000069, 5.793226125000047 ], [ 169.600155695000012, 5.793157053000073 ], [ 169.600491950000105, 5.793032831000062 ], [ 169.60117161200003, 5.792943235000052 ], [ 169.601947143000075, 5.792915572000027 ], [ 169.602661147000049, 5.792970899000068 ], [ 169.603532904000076, 5.793094941000049 ], [ 169.603972181000017, 5.793205421000039 ], [ 169.60425370400003, 5.793281274000037 ], [ 169.604699778000054, 5.793509011000026 ], [ 169.604974147000121, 5.793633232000047 ], [ 169.605255671000123, 5.793729788000064 ], [ 169.605543990000115, 5.793736749000061 ], [ 169.605935333000048, 5.79381260200006 ], [ 169.606209703000104, 5.793957527000032 ], [ 169.606388203000051, 5.794109233000029 ], [ 169.606532361000063, 5.794336971000064 ], [ 169.606690474000061, 5.794675010000049 ], [ 169.606813886000054, 5.795040710000023 ], [ 169.606875771000091, 5.795330560000025 ], [ 169.607054272000028, 5.795737489000032 ], [ 169.607218823000039, 5.796268817000055 ], [ 169.607280707000086, 5.796461929000031 ], [ 169.607411273000025, 5.796641479000073 ], [ 169.607541483000091, 5.796903665000059 ], [ 169.607767919000025, 5.797483182000065 ], [ 169.607843396000021, 5.797779812000044 ], [ 169.6080358480001, 5.798069660000067 ], [ 169.608241534000058, 5.798545662000038 ], [ 169.608406443000035, 5.798828549000064 ], [ 169.608543807000046, 5.798973476000072 ], [ 169.608653625000102, 5.799187292000056 ], [ 169.608873265000057, 5.799615102000075 ], [ 169.609044969000024, 5.799939398000049 ], [ 169.609305744000039, 5.800436282000021 ], [ 169.609621607000122, 5.800926024000034 ], [ 169.609882385000105, 5.801291725000056 ], [ 169.610095225000123, 5.801546949000056 ], [ 169.610335255000109, 5.801864461000036 ], [ 169.610776678000093, 5.802201785000022 ], [ 169.610828547000096, 5.80233849800004 ], [ 169.610828547000096, 5.802490384000066 ], [ 169.610972706000098, 5.80275935100002 ], [ 169.611192345000063, 5.803104347000044 ], [ 169.611370846000113, 5.803352790000076 ], [ 169.611590485000079, 5.803628716000048 ], [ 169.611762189000046, 5.803835752000055 ], [ 169.611933894000117, 5.803987637000034 ], [ 169.612043712000059, 5.804194493000068 ], [ 169.612112037000088, 5.804367081000066 ], [ 169.612098443000036, 5.804470599000069 ], [ 169.612139580000076, 5.804622305000066 ], [ 169.612242603000027, 5.804760268000052 ], [ 169.612373170000069, 5.804939639000054 ], [ 169.612379967000038, 5.80513293000007 ], [ 169.612386764000121, 5.805333004000033 ], [ 169.612421103000088, 5.805484711000076 ], [ 169.612606401000107, 5.80559518900003 ], [ 169.612716221000028, 5.805650338000021 ], [ 169.612757357000078, 5.805802223000057 ], [ 169.612702628000079, 5.806022999000049 ], [ 169.612681879000093, 5.806195411000033 ], [ 169.612736968000036, 5.806347295000023 ], [ 169.612819241000011, 5.806505962000074 ], [ 169.612935861000096, 5.806636964000063 ], [ 169.612935861000096, 5.806775107000021 ], [ 169.612922265000066, 5.806933775000061 ], [ 169.612922265000066, 5.807133849000024 ], [ 169.612881128000026, 5.807278772000075 ], [ 169.61285358300006, 5.807451183000069 ], [ 169.61285358300006, 5.807658217000039 ], [ 169.612908316000016, 5.807892737000032 ], [ 169.612908316000016, 5.808134218000021 ], [ 169.612894721000089, 5.808299846000068 ], [ 169.612812447000124, 5.808361957000045 ], [ 169.612633946000074, 5.808451730000058 ], [ 169.612565264000068, 5.808555247000072 ], [ 169.612578857000017, 5.808651803000032 ], [ 169.612647540000012, 5.808776025000043 ], [ 169.612750561000098, 5.808900067000025 ], [ 169.612805650000041, 5.809072656000069 ], [ 169.612750561000098, 5.809169212000029 ], [ 169.612606401000107, 5.809196877000034 ], [ 169.612434697000026, 5.809134766000057 ], [ 169.612318083000105, 5.809114063000038 ], [ 169.612084848000109, 5.809355542000048 ], [ 169.612022965000051, 5.809652173000075 ], [ 169.612022965000051, 5.810031796000033 ], [ 169.612057305000121, 5.810362873000031 ], [ 169.612146377000045, 5.810618276000071 ], [ 169.612373170000069, 5.811177089000068 ], [ 169.612592808000045, 5.811597942000049 ], [ 169.612805650000041, 5.811618644000021 ], [ 169.612970200000063, 5.811639347000039 ], [ 169.612983795000105, 5.811853343000053 ], [ 169.613011337000103, 5.812032714000054 ], [ 169.612976998000022, 5.812267233000057 ], [ 169.612990947000071, 5.812570824000034 ], [ 169.613045677000059, 5.812812306000069 ], [ 169.613038883000058, 5.813191750000044 ], [ 169.613011337000103, 5.813667929000076 ], [ 169.613025288000017, 5.813826598000048 ], [ 169.613059628000087, 5.813964560000045 ], [ 169.613093969000033, 5.814150893000033 ], [ 169.613059628000087, 5.814309560000027 ], [ 169.613059628000087, 5.814502850000054 ], [ 169.613025288000017, 5.814840888000049 ], [ 169.613073223000015, 5.815075407000052 ], [ 169.61314190500002, 5.815365256000064 ], [ 169.613066427000035, 5.815592993000053 ], [ 169.613080019000108, 5.816013845000043 ], [ 169.613107564000074, 5.816213919000063 ], [ 169.61318304200006, 5.816365805000032 ], [ 169.613230975000079, 5.81658658300006 ], [ 169.613224180000088, 5.816855547000046 ], [ 169.613196635000122, 5.817179844000066 ], [ 169.613272114000097, 5.817414541000062 ], [ 169.61332720300004, 5.817669764000073 ], [ 169.613409476000015, 5.818456318000074 ], [ 169.613450614000044, 5.819070460000034 ], [ 169.613608725000063, 5.819788121000045 ], [ 169.613677407000068, 5.820126160000029 ], [ 169.613670253000123, 5.820298746000049 ], [ 169.613697799000079, 5.82053326700003 ], [ 169.613780072000054, 5.821216303000028 ], [ 169.613828362000049, 5.821575222000035 ], [ 169.613862703000109, 5.821947705000071 ], [ 169.613869502000057, 5.822465292000061 ], [ 169.613931385000114, 5.822754962000033 ], [ 169.613992913000061, 5.822989662000055 ], [ 169.614095937000116, 5.823355362000029 ], [ 169.614164618000018, 5.82367965800006 ], [ 169.614212550000047, 5.824038398000027 ], [ 169.614205754000068, 5.82436965200003 ], [ 169.614219706000085, 5.824659501000042 ], [ 169.614226503000054, 5.825094095000054 ], [ 169.614233300000024, 5.825459797000065 ], [ 169.614267640000094, 5.825639167000077 ], [ 169.614343118000079, 5.825866905000055 ], [ 169.614391051000098, 5.826046276000056 ], [ 169.614418596000064, 5.826343085000076 ], [ 169.614377459000025, 5.826494791000073 ], [ 169.61432952600012, 5.826625974000024 ], [ 169.61432952600012, 5.826805344000036 ], [ 169.614343118000079, 5.826977752000062 ], [ 169.614452937000124, 5.827129638000031 ], [ 169.614507669000091, 5.827391823000028 ], [ 169.614555959000086, 5.82762634200003 ], [ 169.614583503000063, 5.827909229000056 ], [ 169.614590300000032, 5.82819211900005 ], [ 169.614603895000073, 5.828399152000031 ], [ 169.614617845000112, 5.828613147000056 ], [ 169.614597098000104, 5.828806261000068 ], [ 169.614603895000073, 5.829033998000057 ], [ 169.614562756000055, 5.829247815000031 ], [ 169.614562756000055, 5.82934455000003 ], [ 169.614624642000081, 5.82939273900007 ], [ 169.614665780000109, 5.829454848000069 ], [ 169.61463143800006, 5.829572289000055 ], [ 169.614665780000109, 5.829730956000049 ], [ 169.614741259000084, 5.82995173300003 ], [ 169.61480314400012, 5.830062032000058 ], [ 169.614795988000083, 5.830131103000042 ], [ 169.614727664000043, 5.830248363000067 ], [ 169.614713714000118, 5.830338138000059 ], [ 169.614762005000102, 5.830455398000026 ], [ 169.614851078000015, 5.83061406500002 ], [ 169.614933353000083, 5.830786652000029 ], [ 169.614981644000068, 5.831007429000067 ], [ 169.615043171000025, 5.831235169000024 ], [ 169.615043171000025, 5.831373134000046 ], [ 169.615111852000041, 5.831524838000064 ], [ 169.615201282000044, 5.83172509000002 ], [ 169.615276760000029, 5.831897502000061 ], [ 169.61529715100005, 5.832070089000069 ], [ 169.615311101000088, 5.832332272000031 ], [ 169.615359034000107, 5.832490940000071 ], [ 169.615434515000061, 5.832684054000026 ], [ 169.615523943000085, 5.832815236000044 ], [ 169.615523943000085, 5.833029052000029 ], [ 169.615571878000083, 5.833263751000061 ], [ 169.615681697000014, 5.833367268000075 ], [ 169.615880586000117, 5.833567341000048 ], [ 169.615997561000086, 5.833843268000066 ], [ 169.616065885000012, 5.834160782000026 ], [ 169.616079834000061, 5.834422965000044 ], [ 169.616100226000071, 5.834698892000063 ], [ 169.616079834000061, 5.834885224000061 ], [ 169.616285880000078, 5.835292332000051 ], [ 169.616505519000043, 5.835782254000037 ], [ 169.616725158000122, 5.836161699000058 ], [ 169.616903658000069, 5.836589511000057 ], [ 169.61706821000007, 5.836975916000029 ], [ 169.617205572000103, 5.83745209500006 ], [ 169.617363324000053, 5.837972359000048 ], [ 169.61758868600009, 5.838441577000026 ], [ 169.617682051000088, 5.838977012000043 ], [ 169.617890600000123, 5.83955099700006 ], [ 169.617863056000033, 5.839893320000044 ], [ 169.617780782000068, 5.840130695000028 ], [ 169.617786145000082, 5.840351471000076 ], [ 169.617923510000082, 5.840417686000023 ], [ 169.61801687500008, 5.840566714000033 ], [ 169.617928877000054, 5.840765541000053 ], [ 169.617995052000083, 5.840980785000056 ], [ 169.618176058000017, 5.841245825000044 ], [ 169.618291601000124, 5.841576901000053 ], [ 169.618401422000034, 5.841979905000073 ], [ 169.61845078500005, 5.842333290000056 ], [ 169.618478329000027, 5.84262028400002 ], [ 169.618390332000104, 5.84285766000005 ], [ 169.618516606000071, 5.84311163600006 ], [ 169.618626424000013, 5.843503571000042 ], [ 169.618697967000116, 5.843917463000025 ], [ 169.61878024400005, 5.844226588000026 ], [ 169.618747333000101, 5.844480561000069 ], [ 169.618703334000088, 5.84464618800007 ], [ 169.61884069700011, 5.84481181700005 ], [ 169.618911883000123, 5.845087743000022 ], [ 169.618955882000023, 5.845639777000031 ], [ 169.61901097100008, 5.846202875000074 ], [ 169.619060335000086, 5.846776859000045 ], [ 169.619076791000111, 5.847246079000058 ], [ 169.619109700000081, 5.847533250000026 ], [ 169.619257794000077, 5.847720830000071 ], [ 169.619351160000065, 5.847908590000031 ], [ 169.619362248000016, 5.848162564000063 ], [ 169.61927997500004, 5.848394405000022 ], [ 169.61930752000012, 5.848570922000022 ], [ 169.619345795000072, 5.848791877000053 ], [ 169.619444524000073, 5.848957503000065 ], [ 169.619548977000022, 5.849288581000053 ], [ 169.619554342000015, 5.849504006000075 ], [ 169.619510702000071, 5.849680520000049 ], [ 169.619576522000102, 5.849956625000061 ], [ 169.619576522000102, 5.850194001000034 ], [ 169.619614798000043, 5.850442263000048 ], [ 169.619697429000098, 5.850547210000059 ], [ 169.619741070000032, 5.850734967000051 ], [ 169.619708162000052, 5.850878465000051 ], [ 169.619604066000079, 5.850878465000051 ], [ 169.619488523000086, 5.850895062000063 ], [ 169.619417338000062, 5.850961278000057 ], [ 169.619417338000062, 5.851066224000022 ], [ 169.619494246000045, 5.851154392000069 ], [ 169.619560066000076, 5.851358749000042 ], [ 169.619587609000064, 5.85151331000003 ], [ 169.619686341000033, 5.851529910000068 ], [ 169.619752162000054, 5.851463516000024 ], [ 169.619850890000066, 5.851441563000037 ], [ 169.619982889000084, 5.851529910000068 ], [ 169.620174983000084, 5.85180583500005 ], [ 169.620334166000021, 5.852175643000066 ], [ 169.620504441000094, 5.852495832000045 ], [ 169.62062534800009, 5.852766405000068 ], [ 169.620685803000015, 5.853053397000053 ], [ 169.620768079000072, 5.853373587000021 ], [ 169.620762711000111, 5.853544748000047 ], [ 169.620756988000039, 5.853677179000044 ], [ 169.620844987000055, 5.853782124000077 ], [ 169.621020626000018, 5.853853871000069 ], [ 169.62122381000006, 5.854085715000053 ], [ 169.621251355000027, 5.854234745000042 ], [ 169.621284262000017, 5.854428036000058 ], [ 169.621443448000036, 5.854554934000021 ], [ 169.621542535000117, 5.854715028000044 ], [ 169.621580811000058, 5.854935805000025 ], [ 169.621602991000032, 5.855129097000031 ], [ 169.621690630000103, 5.85536647400005 ], [ 169.621806174000085, 5.855587252000021 ], [ 169.621871994000117, 5.855780364000054 ], [ 169.621932447000063, 5.855957057000069 ], [ 169.622025812000061, 5.856067536000069 ], [ 169.622096997000085, 5.856238518000055 ], [ 169.622096997000085, 5.856360062000022 ], [ 169.622119177000059, 5.856475894000027 ], [ 169.622239725000099, 5.856586371000049 ], [ 169.62234954500002, 5.856707916000062 ], [ 169.622382456000082, 5.856829279000067 ], [ 169.622311270000068, 5.856923160000065 ], [ 169.622250817000122, 5.857000440000036 ], [ 169.622245449000047, 5.857121805000077 ], [ 169.622272638000027, 5.857265303000077 ], [ 169.622327724000115, 5.857370247000063 ], [ 169.622371724000118, 5.857441995000045 ], [ 169.622333090000097, 5.857519276000062 ], [ 169.62221790500007, 5.857602090000057 ], [ 169.622190361000094, 5.857662773000072 ], [ 169.622212540000078, 5.857756651000045 ], [ 169.622206816000016, 5.857833933000052 ], [ 169.622129907000044, 5.857905682000023 ], [ 169.622135631000106, 5.858038291000071 ], [ 169.622162818000106, 5.858225871000059 ], [ 169.622234360000107, 5.858385966000071 ], [ 169.622300182000117, 5.858595677000039 ], [ 169.622404634000077, 5.858766837000076 ], [ 169.622410001000048, 5.858866251000052 ], [ 169.622388179000041, 5.858954597000036 ], [ 169.622316635000061, 5.859059541000022 ], [ 169.622256180000022, 5.859191973000065 ], [ 169.622256180000022, 5.859324402000027 ], [ 169.622294814000043, 5.859495562000063 ], [ 169.622338814000045, 5.859606042000053 ], [ 169.622426454000106, 5.859683322000024 ], [ 169.622426454000106, 5.859793621000051 ], [ 169.62244863300009, 5.859915165000075 ], [ 169.622481544000038, 5.860019931000068 ], [ 169.622519819000104, 5.860058662000029 ], [ 169.622596728000076, 5.860019931000068 ], [ 169.622646093000071, 5.860019931000068 ], [ 169.622646093000071, 5.860113811000076 ], [ 169.6226418010001, 5.860133266000048 ], [ 169.623149402000081, 5.860105065000027 ], [ 169.623161921000019, 5.85990249300005 ] ] ] ] } },
{ "type": "Feature", "properties": { "ADM0_EN": "Republic of the Marshall Islands", "ADM0_PCODE": "MH", "ADM1_EN": "Jaluit", "ADM1_PCODE": "MH09", "ADM2_EN": "Lonane - Lonone", "ADM2_PCODE": "MH0904", "Shape_Leng": 0.00907467149, "Shape_Area": 3.68621e-06, "ADM0_EN_2": "Republic of the Marshall Islands", "ADM0_PCODE_2": "MH", "ADM1_EN_2": "Jaluit", "ADM1_PCODE_2": "MH09", "ADM2_EN_2": "Lonane - Lonone", "ADM2_PCODE_2": "MH0904", "Shape_Leng_2": 0.00907467149, "Shape_Area_2": 3.68621e-06, "xcoord": 169.48071795961815, "ycoord": 6.2853773055000488 }, "geometry": { "type": "MultiPolygon", "coordinates": [ [ [ [ 169.48209656500012, 6.284317682000051 ], [ 169.48194060000003, 6.284043003000022 ], [ 169.481784635000054, 6.28372906200002 ], [ 169.481277394000017, 6.284043003000022 ], [ 169.480887122000013, 6.284396212000047 ], [ 169.480458221000049, 6.284945566000033 ], [ 169.4802242720001, 6.285181158000057 ], [ 169.479872993000072, 6.28557345300004 ], [ 169.479366109000011, 6.285848308000027 ], [ 169.4789758390001, 6.286083722000058 ], [ 169.4789758390001, 6.286397665000038 ], [ 169.479131805000065, 6.286554546000048 ], [ 169.479522073000112, 6.286711608000076 ], [ 169.480028959000038, 6.286711608000076 ], [ 169.48034124600008, 6.286554546000048 ], [ 169.480614184000046, 6.286319134000053 ], [ 169.480887122000013, 6.286005192000061 ], [ 169.481238401000041, 6.285612717000049 ], [ 169.481511340000111, 6.285181158000057 ], [ 169.482018582000023, 6.284631624000042 ], [ 169.48209656500012, 6.284317682000051 ] ] ] ] } },
{ "type": "Feature", "properties": { "ADM0_EN": "Republic of the Marshall Islands", "ADM0_PCODE": "MH", "ADM1_EN": "Jaluit", "ADM1_PCODE": "MH09", "ADM2_EN": "Mejatto", "ADM2_PCODE": "MH0908", "Shape_Leng": 0.07585061656, "Shape_Area": 5.144795e-05, "ADM0_EN_2": "Republic of the Marshall Islands", "ADM0_PCODE_2": "MH", "ADM1_EN_2": "Jaluit", "ADM1_PCODE_2": "MH09", "ADM2_EN_2": "Mejatto", "ADM2_PCODE_2": "MH0908", "Shape_Leng_2": 0.07585061656, "Shape_Area_2": 5.144795e-05, "xcoord": 169.58729104070244, "ycoord": 6.1071111125000641 }, "geometry": { "type": "MultiPolygon", "coordinates": [ [ [ [ 169.598150572000122, 6.083705767000026 ], [ 169.598110151000014, 6.083256003000031 ], [ 169.597784630000092, 6.083215131000031 ], [ 169.597459464000053, 6.083296874000041 ], [ 169.597215500000061, 6.083624025000063 ], [ 169.596809135000058, 6.083705767000026 ], [ 169.596483610000064, 6.083828381000046 ], [ 169.596280427000124, 6.083992046000049 ], [ 169.596036465000111, 6.083950996000056 ], [ 169.595589318000066, 6.083992046000049 ], [ 169.595263794000061, 6.084237276000067 ], [ 169.595020189000024, 6.084850704000075 ], [ 169.594532263000019, 6.085791105000055 ], [ 169.593800374000011, 6.086976913000058 ], [ 169.593108907000101, 6.088121672000057 ], [ 169.593027706000044, 6.088653357000055 ], [ 169.592864944000098, 6.089430273000062 ], [ 169.592539779000049, 6.090493288000062 ], [ 169.592092631000014, 6.092169733000048 ], [ 169.591807889000052, 6.093151183000032 ], [ 169.591401523000059, 6.094255071000021 ], [ 169.590913596000064, 6.096176922000041 ], [ 169.590506871000116, 6.09711750200006 ], [ 169.590181707000056, 6.097894415000042 ], [ 169.589937744000053, 6.098548539000035 ], [ 169.590018945000111, 6.098793947000047 ], [ 169.590262909000103, 6.09903917500003 ], [ 169.590547649000086, 6.099284581000063 ], [ 169.590832037000041, 6.099407197000062 ], [ 169.59103557800006, 6.099080224000033 ], [ 169.591238761000113, 6.098753074000058 ], [ 169.591482726000095, 6.098221387000024 ], [ 169.591767466000078, 6.097240116000023 ], [ 169.592417797000053, 6.095236521000061 ], [ 169.593434429000013, 6.092537754000034 ], [ 169.594044337000014, 6.090329802000042 ], [ 169.59445070400011, 6.089389223000069 ], [ 169.595020189000024, 6.088244463000024 ], [ 169.595792501000119, 6.08714039900002 ], [ 169.596483610000064, 6.086118255000031 ], [ 169.597378261000017, 6.085014190000038 ], [ 169.597784630000092, 6.08440076100004 ], [ 169.598069371000065, 6.084073789000058 ], [ 169.598150572000122, 6.083705767000026 ] ] ], [ [ [ 169.590527262000023, 6.100102369000069 ], [ 169.590447490000088, 6.099808057000075 ], [ 169.590154877000032, 6.099674376000053 ], [ 169.589649423000083, 6.099915144000022 ], [ 169.589436582000076, 6.099941737000051 ], [ 169.589277041000059, 6.100236049000046 ], [ 169.589117498000064, 6.100664038000048 ], [ 169.589010898000083, 6.101038666000022 ], [ 169.588851356000077, 6.101332796000065 ], [ 169.589064198000074, 6.101546792000022 ], [ 169.589064198000074, 6.10176096400005 ], [ 169.588931127000023, 6.101787558000069 ], [ 169.588718641000014, 6.101867875000039 ], [ 169.588665344000106, 6.102242320000073 ], [ 169.588452500000017, 6.102804168000034 ], [ 169.588080117000118, 6.103606786000057 ], [ 169.587521363000064, 6.104783669000028 ], [ 169.587122508000107, 6.105532742000037 ], [ 169.586723654000025, 6.106576125000061 ], [ 169.586271502000045, 6.107726414000069 ], [ 169.585766046000117, 6.108876706000046 ], [ 169.584994447000099, 6.11050853200004 ], [ 169.584569122000062, 6.11109697400002 ], [ 169.583797526000012, 6.111712366000063 ], [ 169.583159359000092, 6.111872817000062 ], [ 169.582627076000108, 6.112060040000074 ], [ 169.5820951500001, 6.112193900000022 ], [ 169.581456983000066, 6.112675433000049 ], [ 169.581004471000028, 6.112942973000031 ], [ 169.580818458000067, 6.113076651000029 ], [ 169.580818458000067, 6.113370963000023 ], [ 169.580977999000083, 6.113424507000047 ], [ 169.581323912000016, 6.113531415000068 ], [ 169.581616526000062, 6.113558186000034 ], [ 169.582041852000089, 6.113691866000067 ], [ 169.582547307000027, 6.113932632000058 ], [ 169.583026289000031, 6.114200172000039 ], [ 169.583531744000084, 6.114360803000068 ], [ 169.584010369000111, 6.114360803000068 ], [ 169.58432945200002, 6.114360803000068 ], [ 169.584755136000012, 6.114226944000052 ], [ 169.58510104700008, 6.11379895400006 ], [ 169.585473433000061, 6.113156967000066 ], [ 169.585739215000103, 6.112541575000023 ], [ 169.585952059000078, 6.111712366000063 ], [ 169.586297971000022, 6.110909749000029 ], [ 169.587202279000053, 6.108957022000027 ], [ 169.587840805000042, 6.107646100000068 ], [ 169.588399203000108, 6.106335358000024 ], [ 169.589037726000015, 6.104275543000028 ], [ 169.589835794000123, 6.102001732000076 ], [ 169.590340890000107, 6.100610673000062 ], [ 169.590527262000023, 6.100102369000069 ] ] ] ] } },
{ "type": "Feature", "properties": { "ADM0_EN": "Republic of the Marshall Islands", "ADM0_PCODE": "MH", "ADM1_EN": "Jaluit", "ADM1_PCODE": "MH09", "ADM2_EN": "Mejrirok", "ADM2_PCODE": "MH0916", "Shape_Leng": 0.01875466061, "Shape_Area": 1.679353e-05, "ADM0_EN_2": "Republic of the Marshall Islands", "ADM0_PCODE_2": "MH", "ADM1_EN_2": "Jaluit", "ADM1_PCODE_2": "MH09", "ADM2_EN_2": "Mejrirok", "ADM2_PCODE_2": "MH0916", "Shape_Leng_2": 0.01875466061, "Shape_Area_2": 1.679353e-05, "xcoord": 169.5241407059558, "ycoord": 5.8654546170000401 }, "geometry": { "type": "MultiPolygon", "coordinates": [ [ [ [ 169.525821290000067, 5.868916913000021 ], [ 169.525777289000075, 5.868473040000026 ], [ 169.525468223000075, 5.867896020000046 ], [ 169.525468223000075, 5.867274558000076 ], [ 169.52551222000011, 5.866298105000055 ], [ 169.525335866000091, 5.865188328000045 ], [ 169.525291510000102, 5.863945407000074 ], [ 169.525114797000015, 5.862347493000073 ], [ 169.524805730000026, 5.862081203000059 ], [ 169.524010882000084, 5.861770473000036 ], [ 169.523083677000045, 5.861593065000022 ], [ 169.522465543000067, 5.861992500000042 ], [ 169.522289189000048, 5.862747105000039 ], [ 169.522421544000053, 5.863545973000043 ], [ 169.52264225600004, 5.864700012000071 ], [ 169.522995324000021, 5.865720906000035 ], [ 169.523392747000116, 5.867185677000066 ], [ 169.523878527000079, 5.86811786800007 ], [ 169.524408305000065, 5.868384157000037 ], [ 169.524894086000018, 5.86873932900005 ], [ 169.525335866000091, 5.869360788000051 ], [ 169.525732931000107, 5.869271907000041 ], [ 169.525821290000067, 5.868916913000021 ] ] ] ] } },
{ "type": "Feature", "properties": { "ADM0_EN": "Republic of the Marshall Islands", "ADM0_PCODE": "MH", "ADM1_EN": "Jaluit", "ADM1_PCODE": "MH09", "ADM2_EN": "Menge", "ADM2_PCODE": "MH0915", "Shape_Leng": 0.02922462793, "Shape_Area": 2.861053e-05, "ADM0_EN_2": "Republic of the Marshall Islands", "ADM0_PCODE_2": "MH", "ADM1_EN_2": "Jaluit", "ADM1_PCODE_2": "MH09", "ADM2_EN_2": "Menge", "ADM2_PCODE_2": "MH0915", "Shape_Leng_2": 0.02922462793, "Shape_Area_2": 2.861053e-05, "xcoord": 169.52779056155345, "ycoord": 5.8478653345000566 }, "geometry": { "type": "MultiPolygon", "coordinates": [ [ [ [ 169.532522488000041, 5.843083818000025 ], [ 169.532386554000027, 5.842919619000043 ], [ 169.532073552000043, 5.842646011000056 ], [ 169.531665037000039, 5.842427196000074 ], [ 169.53114813600007, 5.842304046000038 ], [ 169.530766811000035, 5.842304046000038 ], [ 169.530385842000101, 5.842358661000048 ], [ 169.530127211000035, 5.842440761000034 ], [ 169.529827802000113, 5.842604961000063 ], [ 169.529705464000017, 5.842728111000042 ], [ 169.529746245000069, 5.842947104000075 ], [ 169.529922956000064, 5.843234273000064 ], [ 169.529596359000038, 5.843242484000029 ], [ 169.529269764000105, 5.843242484000029 ], [ 169.528779690000079, 5.84325622700004 ], [ 169.528507826000123, 5.843461477000062 ], [ 169.528099313000098, 5.843871799000055 ], [ 169.527568461000101, 5.844706361000021 ], [ 169.527255459000116, 5.845368516000065 ], [ 169.526724606000016, 5.84651773500002 ], [ 169.526411602000053, 5.84746188400004 ], [ 169.526139381000121, 5.848323755000024 ], [ 169.525949074000096, 5.848953069000061 ], [ 169.525839972000085, 5.849678225000048 ], [ 169.525908294000033, 5.850129597000034 ], [ 169.526003448000097, 5.85070429600006 ], [ 169.52615297400007, 5.851388403000044 ], [ 169.526262077000069, 5.852127124000049 ], [ 169.526465976000054, 5.852797486000043 ], [ 169.526697419000016, 5.853180500000065 ], [ 169.526928862000091, 5.853385750000029 ], [ 169.52710593200004, 5.853549949000069 ], [ 169.527323424000087, 5.853563692000023 ], [ 169.527527681000038, 5.853426800000022 ], [ 169.527650378000089, 5.853194242000029 ], [ 169.527691158000039, 5.852852280000036 ], [ 169.527486902000078, 5.852647030000071 ], [ 169.5275140870001, 5.852359679000074 ], [ 169.527677563000111, 5.851648265000051 ], [ 169.528099313000098, 5.850485303000028 ], [ 169.528643760000023, 5.84958238300004 ], [ 169.529079100000104, 5.848870968000028 ], [ 169.529215391000093, 5.848556312000028 ], [ 169.529364918000056, 5.848227912000027 ], [ 169.529364918000056, 5.847981613000059 ], [ 169.529228983000053, 5.847749056000055 ], [ 169.529093053000111, 5.847543807000022 ], [ 169.529051914000092, 5.847242893000043 ], [ 169.529256170000053, 5.84687344300005 ], [ 169.529691871000068, 5.846298921000027 ], [ 169.530154399000025, 5.845902164000051 ], [ 169.530603691000124, 5.845560200000023 ], [ 169.530916694000098, 5.845437051000033 ], [ 169.530889507000097, 5.845163443000047 ], [ 169.530916694000098, 5.844903402000057 ], [ 169.531025441000111, 5.844616052000049 ], [ 169.53120251200005, 5.844328880000035 ], [ 169.531474733000096, 5.844082583000045 ], [ 169.531801329000018, 5.843850024000062 ], [ 169.532046364000053, 5.84364477400004 ], [ 169.532277451000027, 5.843466832000047 ], [ 169.532508892000124, 5.843220709000036 ], [ 169.532522488000041, 5.843083818000025 ] ] ] ] } },
{ "type": "Feature", "properties": { "ADM0_EN": "Republic of the Marshall Islands", "ADM0_PCODE": "MH", "ADM1_EN": "Jaluit", "ADM1_PCODE": "MH09", "ADM2_EN": "Nabbe", "ADM2_PCODE": "MH0928", "Shape_Leng": 0.00341730946, "Shape_Area": 7.3266e-07, "ADM0_EN_2": "Republic of the Marshall Islands", "ADM0_PCODE_2": "MH", "ADM1_EN_2": "Jaluit", "ADM1_PCODE_2": "MH09", "ADM2_EN_2": "Nabbe", "ADM2_PCODE_2": "MH0928", "Shape_Leng_2": 0.00341730946, "Shape_Area_2": 7.3266e-07, "xcoord": 169.51343893639162, "ycoord": 6.2289434025000503 }, "geometry": { "type": "MultiPolygon", "coordinates": [ [ [ [ 169.514096038000048, 6.229237443000045 ], [ 169.514096038000048, 6.229129108000052 ], [ 169.514049892000116, 6.228974369000071 ], [ 169.513819165000086, 6.228850504000036 ], [ 169.513603462000106, 6.228788573000031 ], [ 169.513418879000028, 6.22868023500007 ], [ 169.513249680000058, 6.228494440000077 ], [ 169.512988188000122, 6.22855637300006 ], [ 169.512865134000094, 6.228695763000076 ], [ 169.512818988000049, 6.228819627000064 ], [ 169.512865134000094, 6.22891243600003 ], [ 169.512926661000051, 6.229005245000053 ], [ 169.513034333000064, 6.229144637000047 ], [ 169.513142006000066, 6.229206569000041 ], [ 169.513265061000084, 6.229314903000045 ], [ 169.513480406000099, 6.229438769000069 ], [ 169.513711491000095, 6.229438769000069 ], [ 169.513957602000119, 6.229376836000029 ], [ 169.514096038000048, 6.229237443000045 ] ] ] ] } },
{ "type": "Feature", "properties": { "ADM0_EN": "Republic of the Marshall Islands", "ADM0_PCODE": "MH", "ADM1_EN": "Jaluit", "ADM1_PCODE": "MH09", "ADM2_EN": "Nanij", "ADM2_PCODE": "MH0907", "Shape_Leng": 0.00924636951, "Shape_Area": 5.38025e-06, "ADM0_EN_2": "Republic of the Marshall Islands", "ADM0_PCODE_2": "MH", "ADM1_EN_2": "Jaluit", "ADM1_PCODE_2": "MH09", "ADM2_EN_2": "Nanij", "ADM2_PCODE_2": "MH0907", "Shape_Leng_2": 0.00924636951, "Shape_Area_2": 5.38025e-06, "xcoord": 169.51477657696137, "ycoord": 6.2265982900000552 }, "geometry": { "type": "MultiPolygon", "coordinates": [ [ [ [ 169.515927192000049, 6.22601787900004 ], [ 169.515911810000034, 6.225677344000076 ], [ 169.515757993000079, 6.22539874000006 ], [ 169.515588791000027, 6.22507372900003 ], [ 169.515480761000049, 6.224903462000043 ], [ 169.515342324000017, 6.224887936000073 ], [ 169.515203889000077, 6.224903462000043 ], [ 169.515096215000085, 6.224918812000055 ], [ 169.514911631000018, 6.224996270000076 ], [ 169.514742432000048, 6.225151011000037 ], [ 169.514511349000031, 6.225290402000041 ], [ 169.514234473000101, 6.225476022000066 ], [ 169.514111419000074, 6.225615410000046 ], [ 169.514019129000076, 6.225863138000022 ], [ 169.513942220000104, 6.226141744000074 ], [ 169.513849929000116, 6.226250078000021 ], [ 169.513803783000071, 6.226342888000033 ], [ 169.513757636000037, 6.226404819000038 ], [ 169.513742256000114, 6.226575088000061 ], [ 169.513803783000071, 6.226621492000049 ], [ 169.513773019000041, 6.226822815000048 ], [ 169.513711491000095, 6.227070364000042 ], [ 169.51358808100008, 6.227395551000029 ], [ 169.513511170000015, 6.227798020000023 ], [ 169.513511170000015, 6.228030220000051 ], [ 169.513603462000106, 6.228246893000062 ], [ 169.513726874000099, 6.228277767000066 ], [ 169.513972983000031, 6.228293296000061 ], [ 169.51417294700002, 6.228246893000062 ], [ 169.514480583000022, 6.228231364000067 ], [ 169.514680905000091, 6.228107501000068 ], [ 169.514865488000055, 6.227921705000028 ], [ 169.515065453000034, 6.227643099000034 ], [ 169.51531156100009, 6.227348970000037 ], [ 169.515526907000094, 6.22703948700007 ], [ 169.515727229000049, 6.226714480000055 ], [ 169.515896428000019, 6.226342888000033 ], [ 169.515927192000049, 6.22601787900004 ] ] ] ] } },
{ "type": "Feature", "properties": { "ADM0_EN": "Republic of the Marshall Islands", "ADM0_PCODE": "MH", "ADM1_EN": "Jaluit", "ADM1_PCODE": "MH09", "ADM2_EN": "Narmej", "ADM2_PCODE": "MH0905", "Shape_Leng": 0.00676076332, "Shape_Area": 2.92058e-06, "ADM0_EN_2": "Republic of the Marshall Islands", "ADM0_PCODE_2": "MH", "ADM1_EN_2": "Jaluit", "ADM1_PCODE_2": "MH09", "ADM2_EN_2": "Narmej", "ADM2_PCODE_2": "MH0905", "Shape_Leng_2": 0.00676076332, "Shape_Area_2": 2.92058e-06, "xcoord": 169.48541370548017, "ycoord": 6.2804477700000518 }, "geometry": { "type": "MultiPolygon", "coordinates": [ [ [ [ 169.486470347000022, 6.281134374000032 ], [ 169.486470347000022, 6.280898962000037 ], [ 169.486470347000022, 6.280467403000046 ], [ 169.486431357000015, 6.280114194000021 ], [ 169.486197409000056, 6.27960392500006 ], [ 169.485768148000034, 6.279721720000055 ], [ 169.485651175000044, 6.279760988000021 ], [ 169.485456218000081, 6.279878604000032 ], [ 169.485105297000018, 6.280074928000033 ], [ 169.484754020000082, 6.28019254700007 ], [ 169.484520075000091, 6.28019254700007 ], [ 169.484364108000022, 6.280428137000058 ], [ 169.48428612500004, 6.280742081000028 ], [ 169.484247134000043, 6.280938229000071 ], [ 169.484247134000043, 6.281212905000075 ], [ 169.484559064000109, 6.281330701000059 ], [ 169.484948975000066, 6.281330701000059 ], [ 169.485573192000061, 6.281330701000059 ], [ 169.486236399000063, 6.28129143600006 ], [ 169.486470347000022, 6.281134374000032 ] ] ] ] } },
{ "type": "Feature", "properties": { "ADM0_EN": "Republic of the Marshall Islands", "ADM0_PCODE": "MH", "ADM1_EN": "Jaluit", "ADM1_PCODE": "MH09", "ADM2_EN": "Urbaj", "ADM2_PCODE": "MH0927", "Shape_Leng": 0.01485843223, "Shape_Area": 6.10901e-06, "ADM0_EN_2": "Republic of the Marshall Islands", "ADM0_PCODE_2": "MH", "ADM1_EN_2": "Jaluit", "ADM1_PCODE_2": "MH09", "ADM2_EN_2": "Urbaj", "ADM2_PCODE_2": "MH0927", "Shape_Leng_2": 0.01485843223, "Shape_Area_2": 6.10901e-06, "xcoord": 169.49558912653146, "ycoord": 6.2694909205000329 }, "geometry": { "type": "MultiPolygon", "coordinates": [ [ [ [ 169.496707810000089, 6.267489466000029 ], [ 169.496473864000109, 6.26713625800005 ], [ 169.496278549000067, 6.26697937800003 ], [ 169.495810656000117, 6.266861581000057 ], [ 169.495498368000085, 6.266743964000057 ], [ 169.495420385000102, 6.266743964000057 ], [ 169.495537359000082, 6.267057908000027 ], [ 169.495693682000024, 6.267293321000068 ], [ 169.495615342000065, 6.267842676000043 ], [ 169.495576351000068, 6.268156619000024 ], [ 169.495498368000085, 6.268588357000056 ], [ 169.495303413000102, 6.269098447000033 ], [ 169.494991485000014, 6.269804864000037 ], [ 169.494718186000114, 6.270472013000074 ], [ 169.49436726700003, 6.271060637000062 ], [ 169.494172311000057, 6.27145310700007 ], [ 169.493821032000028, 6.271531459000073 ], [ 169.493587084000069, 6.271609991000048 ], [ 169.493197173000112, 6.271884667000052 ], [ 169.493314148000081, 6.272120259000076 ], [ 169.493626078000034, 6.272316406000073 ], [ 169.493782039000052, 6.272394937000058 ], [ 169.494172311000057, 6.272394937000058 ], [ 169.49452323200012, 6.272434203000046 ], [ 169.494796170000086, 6.272237877000066 ], [ 169.495147448000012, 6.271923933000039 ], [ 169.495381394000106, 6.27157072600005 ], [ 169.495498368000085, 6.27117843000002 ], [ 169.495654691000027, 6.270550367000055 ], [ 169.495849646000124, 6.270040275000042 ], [ 169.496161578000056, 6.269176977000029 ], [ 169.496590838000088, 6.268470562000061 ], [ 169.496668818000103, 6.26792120500005 ], [ 169.496707810000089, 6.267489466000029 ] ] ] ] } },
{ "type": "Feature", "properties": { "ADM0_EN": "Republic of the Marshall Islands", "ADM0_PCODE": "MH", "ADM1_EN": "Jaluit", "ADM1_PCODE": "MH09", "ADM2_EN": "Wotle", "ADM2_PCODE": "MH0903", "Shape_Leng": 0.01207939111, "Shape_Area": 4.47727e-06, "ADM0_EN_2": "Republic of the Marshall Islands", "ADM0_PCODE_2": "MH", "ADM1_EN_2": "Jaluit", "ADM1_PCODE_2": "MH09", "ADM2_EN_2": "Wotle", "ADM2_PCODE_2": "MH0903", "Shape_Leng_2": 0.01207939111, "Shape_Area_2": 4.47727e-06, "xcoord": 169.5018864651189, "ycoord": 6.2496035115000552 }, "geometry": { "type": "MultiPolygon", "coordinates": [ [ [ [ 169.502787922000039, 6.249053980000042 ], [ 169.502772538000045, 6.248837306000041 ], [ 169.502587955000081, 6.248682387000031 ], [ 169.501987707000012, 6.248496772000067 ], [ 169.501803124000048, 6.248589578000065 ], [ 169.501710832000072, 6.248806252000065 ], [ 169.501633924000089, 6.249038451000047 ], [ 169.501418220000119, 6.24930170600004 ], [ 169.500926002000028, 6.249704173000055 ], [ 169.500618366000026, 6.249920847000055 ], [ 169.500448807000112, 6.250044710000054 ], [ 169.50034113300012, 6.250137520000067 ], [ 169.50034113300012, 6.25040077500006 ], [ 169.500494951000064, 6.250447179000048 ], [ 169.500756802000069, 6.250478055000031 ], [ 169.501095203000091, 6.250648325000043 ], [ 169.501526251000087, 6.250679378000029 ], [ 169.501880034000123, 6.250710255000058 ], [ 169.50214152500007, 6.250617445000046 ], [ 169.50240301700012, 6.25040077500006 ], [ 169.50255719300003, 6.250106641000059 ], [ 169.50275715600003, 6.249502850000056 ], [ 169.502787922000039, 6.249053980000042 ] ] ], [ [ [ 169.503326285000071, 6.247289367000064 ], [ 169.503233992000105, 6.247088044000066 ], [ 169.503110939000067, 6.246917775000043 ], [ 169.503034031000084, 6.246871370000065 ], [ 169.502910975000077, 6.246933303000048 ], [ 169.50281868400009, 6.247041637000052 ], [ 169.502695629000073, 6.247103572000071 ], [ 169.50255719300003, 6.247258309000074 ], [ 169.502418399000021, 6.247351119000029 ], [ 169.502326105000066, 6.24749051200007 ], [ 169.502326105000066, 6.247707183000045 ], [ 169.502326105000066, 6.24792403400005 ], [ 169.502310725000029, 6.248032370000033 ], [ 169.50214152500007, 6.248032370000033 ], [ 169.501987707000012, 6.248202639000056 ], [ 169.502095380000014, 6.248295446000043 ], [ 169.502279961000113, 6.248341852000067 ], [ 169.502434139000115, 6.24845018700006 ], [ 169.502695629000073, 6.24852764600007 ], [ 169.502864830000021, 6.248512119000054 ], [ 169.502972502000034, 6.248357381000062 ], [ 169.503080175000036, 6.248047719000056 ], [ 169.503187849000028, 6.247862103000045 ], [ 169.503310902000067, 6.247536915000069 ], [ 169.503326285000071, 6.247289367000064 ] ] ] ] } },
{ "type": "Feature", "properties": { "ADM0_EN": "Republic of the Marshall Islands", "ADM0_PCODE": "MH", "ADM1_EN": "Kili", "ADM1_PCODE": "MH10", "ADM2_EN": "Kili", "ADM2_PCODE": "MH1001", "Shape_Leng": 0.04027214231, "Shape_Area": 6.855985e-05, "ADM0_EN_2": "Republic of the Marshall Islands", "ADM0_PCODE_2": "MH", "ADM1_EN_2": "Kili", "ADM1_PCODE_2": "MH10", "ADM2_EN_2": "Kili", "ADM2_PCODE_2": "MH1001", "Shape_Leng_2": 0.04027214231, "Shape_Area_2": 6.855985e-05, "xcoord": 169.12318565885258, "ycoord": 5.6440693295000415 }, "geometry": { "type": "MultiPolygon", "coordinates": [ [ [ [ 169.131088609000017, 5.647608728000023 ], [ 169.131029942000055, 5.64709738800002 ], [ 169.130847866000067, 5.646741146000068 ], [ 169.130381760000091, 5.646424348000039 ], [ 169.129361192000033, 5.64557568400005 ], [ 169.128222579000067, 5.644878729000027 ], [ 169.127038892000087, 5.643843020000077 ], [ 169.125757191000048, 5.642945989000054 ], [ 169.124520562000043, 5.641908496000042 ], [ 169.123530757000026, 5.641312202000051 ], [ 169.119830532000037, 5.639429435000068 ], [ 169.119022091000033, 5.639269341000045 ], [ 169.117193798000017, 5.639214191000065 ], [ 169.116171085000019, 5.639281298000071 ], [ 169.115447423000091, 5.639481728000021 ], [ 169.115053218000071, 5.639653783000028 ], [ 169.114792443000056, 5.639901688000066 ], [ 169.11459891800007, 5.640253291000022 ], [ 169.114547048000077, 5.640554560000055 ], [ 169.114643990000104, 5.640809607000051 ], [ 169.115120110000021, 5.641323624000051 ], [ 169.116313098000091, 5.641999698000063 ], [ 169.118721250000021, 5.643873360000043 ], [ 169.119426314000066, 5.64426529900004 ], [ 169.121464226000057, 5.645179106000057 ], [ 169.122021908000079, 5.645487159000027 ], [ 169.125230632000012, 5.647609976000069 ], [ 169.127073948000088, 5.648899481000058 ], [ 169.127677417000086, 5.649061362000054 ], [ 169.129096840000102, 5.649246087000051 ], [ 169.129564376000076, 5.64923734100006 ], [ 169.129941410000015, 5.649153813000055 ], [ 169.130303061000063, 5.648997110000039 ], [ 169.130617139000037, 5.648752415000047 ], [ 169.130880059000106, 5.648432940000021 ], [ 169.131035309000026, 5.64808972700007 ], [ 169.131088609000017, 5.647608728000023 ] ] ] ] } },
{ "type": "Feature", "properties": { "ADM0_EN": "Republic of the Marshall Islands", "ADM0_PCODE": "MH", "ADM1_EN": "Kwajalein", "ADM1_PCODE": "MH11", "ADM2_EN": "Bikkej", "ADM2_PCODE": "MH1121", "Shape_Leng": 0.05137800759, "Shape_Area": 4.297117e-05, "ADM0_EN_2": "Republic of the Marshall Islands", "ADM0_PCODE_2": "MH", "ADM1_EN_2": "Kwajalein", "ADM1_PCODE_2": "MH11", "ADM2_EN_2": "Bikkej", "ADM2_PCODE_2": "MH1121", "Shape_Leng_2": 0.05137800759, "Shape_Area_2": 4.297117e-05, "xcoord": 167.77196219017242, "ycoord": 8.8951754185000311 }, "geometry": { "type": "MultiPolygon", "coordinates": [ [ [ [ 167.773715210000091, 8.893139431000066 ], [ 167.773344618000124, 8.892228656000043 ], [ 167.772921079000071, 8.891853673000071 ], [ 167.772339073000012, 8.891050165000024 ], [ 167.771491998000101, 8.890085670000076 ], [ 167.770751165000092, 8.888210579000031 ], [ 167.770221744000082, 8.886442755000076 ], [ 167.770009975000107, 8.885371173000067 ], [ 167.769163258000049, 8.883924785000033 ], [ 167.768686781000042, 8.883067557000061 ], [ 167.768369127000028, 8.883067557000061 ], [ 167.768157360000032, 8.883442540000033 ], [ 167.768104417000018, 8.884085415000072 ], [ 167.768210300000078, 8.884621207000066 ], [ 167.768845605000024, 8.886335488000043 ], [ 167.769533496000122, 8.888157036000052 ], [ 167.770009975000107, 8.889603600000044 ], [ 167.770221744000082, 8.891585780000071 ], [ 167.770486455000082, 8.893836030000045 ], [ 167.770856693000042, 8.894371822000039 ], [ 167.770856693000042, 8.895925473000034 ], [ 167.771015520000105, 8.89721122800006 ], [ 167.770962576000102, 8.899515024000038 ], [ 167.770698224000057, 8.901604466000038 ], [ 167.770274686000107, 8.903372470000022 ], [ 167.769745267000076, 8.905086929000049 ], [ 167.769215845000076, 8.906479950000062 ], [ 167.770009975000107, 8.905837074000033 ], [ 167.771068460000038, 8.904765490000045 ], [ 167.772233188000087, 8.903747453000051 ], [ 167.772868136000056, 8.903426014000047 ], [ 167.772868136000056, 8.902032992000045 ], [ 167.773185789000081, 8.901604466000038 ], [ 167.773291673000017, 8.901175762000037 ], [ 167.773185789000081, 8.900372253000057 ], [ 167.772815194000032, 8.899193585000035 ], [ 167.772762251000017, 8.896514807000074 ], [ 167.773238731000106, 8.894425364000028 ], [ 167.773609326000042, 8.893889573000024 ], [ 167.773715210000091, 8.893139431000066 ] ] ] ] } },
{ "type": "Feature", "properties": { "ADM0_EN": "Republic of the Marshall Islands", "ADM0_PCODE": "MH", "ADM1_EN": "Kwajalein", "ADM1_PCODE": "MH11", "ADM2_EN": "Carlos", "ADM2_PCODE": "MH1120", "Shape_Leng": 0.05242759703, "Shape_Area": 4.254068e-05, "ADM0_EN_2": "Republic of the Marshall Islands", "ADM0_PCODE_2": "MH", "ADM1_EN_2": "Kwajalein", "ADM1_PCODE_2": "MH11", "ADM2_EN_2": "Carlos", "ADM2_PCODE_2": "MH1120", "Shape_Leng_2": 0.05242759703, "Shape_Area_2": 4.254068e-05, "xcoord": 167.61324843009538, "ycoord": 8.8003310155000634 }, "geometry": { "type": "MultiPolygon", "coordinates": [ [ [ [ 167.62898847800011, 8.793812463000052 ], [ 167.628843245000098, 8.793592041000068 ], [ 167.627935715000035, 8.793518686000027 ], [ 167.626520587000073, 8.793885815000067 ], [ 167.624596783000015, 8.794730553000022 ], [ 167.623363017000088, 8.794914208000023 ], [ 167.622092763000069, 8.794987559000049 ], [ 167.621076487000096, 8.795244748000073 ], [ 167.619987955000056, 8.795538523000062 ], [ 167.618899064000061, 8.796162840000022 ], [ 167.617846660000055, 8.796529970000051 ], [ 167.617120852000085, 8.797007396000026 ], [ 167.616539919000047, 8.797742013000061 ], [ 167.615850598000065, 8.797815367000055 ], [ 167.615269664000039, 8.797925488000033 ], [ 167.615052172000105, 8.79832956100006 ], [ 167.614471239000068, 8.798476450000067 ], [ 167.613527939000051, 8.798843581000028 ], [ 167.612475177000078, 8.799174121000021 ], [ 167.611749369000108, 8.799761851000028 ], [ 167.611060049000116, 8.800165745000072 ], [ 167.610878328000013, 8.800496286000055 ], [ 167.61073345200009, 8.801083836000032 ], [ 167.610696966000091, 8.801671387000056 ], [ 167.611060049000116, 8.802038695000022 ], [ 167.611060049000116, 8.802589655000077 ], [ 167.610950945000013, 8.803030318000026 ], [ 167.610442985000077, 8.803581102000066 ], [ 167.609571945000084, 8.804940032000047 ], [ 167.608918753000012, 8.806372320000037 ], [ 167.60928148000005, 8.806666096000072 ], [ 167.610225135000064, 8.806812983000043 ], [ 167.610842198000114, 8.80648244200006 ], [ 167.610805712000115, 8.805858126000032 ], [ 167.611422774000062, 8.804866501000049 ], [ 167.61272951400008, 8.802993552000032 ], [ 167.614471239000068, 8.801377611000021 ], [ 167.614870453000094, 8.800973716000044 ], [ 167.615342281000039, 8.800533053000038 ], [ 167.615814110000088, 8.800018857000055 ], [ 167.616213322000021, 8.800018857000055 ], [ 167.616649022000047, 8.800128980000068 ], [ 167.617520064000018, 8.799688316000072 ], [ 167.618499852000014, 8.798953878000077 ], [ 167.619262148000075, 8.798439686000052 ], [ 167.619770105000043, 8.79803578800005 ], [ 167.619951468000068, 8.797521592000066 ], [ 167.621185592000074, 8.796713622000027 ], [ 167.622528463000094, 8.795942418000038 ], [ 167.623217782000097, 8.795869064000044 ], [ 167.624161442000059, 8.795685411000022 ], [ 167.625359081000056, 8.795281336000073 ], [ 167.626230120000059, 8.794987559000049 ], [ 167.627319012000044, 8.79487744100004 ], [ 167.628334929000061, 8.794363245000056 ], [ 167.62898847800011, 8.793812463000052 ] ] ] ] } },
{ "type": "Feature", "properties": { "ADM0_EN": "Republic of the Marshall Islands", "ADM0_PCODE": "MH", "ADM1_EN": "Kwajalein", "ADM1_PCODE": "MH11", "ADM2_EN": "Ebadon", "ADM2_PCODE": "MH1104", "Shape_Leng": 0.04347752441, "Shape_Area": 9.557002e-05, "ADM0_EN_2": "Republic of the Marshall Islands", "ADM0_PCODE_2": "MH", "ADM1_EN_2": "Kwajalein", "ADM1_PCODE_2": "MH11", "ADM2_EN_2": "Ebadon", "ADM2_PCODE_2": "MH1104", "Shape_Leng_2": 0.04347752441, "Shape_Area_2": 9.557002e-05, "xcoord": 166.82501465342466, "ycoord": 9.3266743650000308 }, "geometry": { "type": "MultiPolygon", "coordinates": [ [ [ [ 166.833383140000024, 9.321435410000049 ], [ 166.833383140000024, 9.320955838000032 ], [ 166.833004674000108, 9.320859996000024 ], [ 166.832460228000059, 9.320883912000056 ], [ 166.829928665000011, 9.321986906000063 ], [ 166.828580070000044, 9.322490394000056 ], [ 166.826663780000104, 9.323353513000029 ], [ 166.824321447000102, 9.324312654000039 ], [ 166.822144737000031, 9.325199869000073 ], [ 166.820630520000122, 9.325919135000049 ], [ 166.819731218000015, 9.32639870600002 ], [ 166.818950680000057, 9.326950024000041 ], [ 166.818382624000037, 9.327573448000066 ], [ 166.817412495000099, 9.328556505000051 ], [ 166.816892016000111, 9.329347877000032 ], [ 166.816750004000028, 9.330067144000054 ], [ 166.816655568000101, 9.330666474000054 ], [ 166.816868409000108, 9.331122127000071 ], [ 166.817223263000074, 9.331529771000021 ], [ 166.817980552000108, 9.33174555100004 ], [ 166.819541988000083, 9.332081269000071 ], [ 166.820796143000052, 9.332081269000071 ], [ 166.822736043000077, 9.331841393000047 ], [ 166.824581508000051, 9.331481762000067 ], [ 166.825977677000083, 9.331122127000071 ], [ 166.827113073000078, 9.33073840000003 ], [ 166.827491894000104, 9.330474787000071 ], [ 166.827657518000024, 9.330019133000064 ], [ 166.828106810000122, 9.329443719000039 ], [ 166.828674865000039, 9.328988065000033 ], [ 166.829100550000021, 9.328340726000022 ], [ 166.829715823000015, 9.327741397000068 ], [ 166.83033109500002, 9.327046046000021 ], [ 166.831230041000026, 9.326110821000043 ], [ 166.831797738000091, 9.325463480000053 ], [ 166.832507805000091, 9.324624276000065 ], [ 166.832933490000073, 9.323785074000057 ], [ 166.833099111000024, 9.323065806000045 ], [ 166.833217518000083, 9.32239455000007 ], [ 166.833383140000024, 9.321435410000049 ] ] ] ] } },
{ "type": "Feature", "properties": { "ADM0_EN": "Republic of the Marshall Islands", "ADM0_PCODE": "MH", "ADM1_EN": "Kwajalein", "ADM1_PCODE": "MH11", "ADM2_EN": "Ebeye Zone 1", "ADM2_PCODE": "MH1111", "Shape_Leng": 0.0172060411, "Shape_Area": 9.44271e-06, "ADM0_EN_2": "Republic of the Marshall Islands", "ADM0_PCODE_2": "MH", "ADM1_EN_2": "Kwajalein", "ADM1_PCODE_2": "MH11", "ADM2_EN_2": "Ebeye Zone 1", "ADM2_PCODE_2": "MH1111", "Shape_Leng_2": 0.0172060411, "Shape_Area_2": 9.44271e-06, "xcoord": 167.73834542831602, "ycoord": 8.7773114890000556 }, "geometry": { "type": "MultiPolygon", "coordinates": [ [ [ [ 167.739524657000061, 8.776609445000076 ], [ 167.738937284000031, 8.77601672000003 ], [ 167.738100584000108, 8.775052225000024 ], [ 167.737936391000062, 8.774827164000044 ], [ 167.736992377000092, 8.774966555000049 ], [ 167.736875760000089, 8.775017242000047 ], [ 167.736892216000115, 8.775118618000022 ], [ 167.736992377000092, 8.775135573000057 ], [ 167.73715943000002, 8.775118618000022 ], [ 167.737293216000012, 8.775236950000021 ], [ 167.737509993000117, 8.775676185000066 ], [ 167.737509993000117, 8.775963534000027 ], [ 167.737395523000032, 8.776258914000039 ], [ 167.737164794000023, 8.776355829000067 ], [ 167.737029579000023, 8.776527525000063 ], [ 167.737017057000116, 8.776640143000066 ], [ 167.737152274000096, 8.776659063000068 ], [ 167.737288565000085, 8.776512534000062 ], [ 167.737448824000012, 8.776529666000044 ], [ 167.737466709000046, 8.77668333500003 ], [ 167.737421637000011, 8.776762581000071 ], [ 167.737237771000082, 8.776772574000063 ], [ 167.737160144000086, 8.776818443000025 ], [ 167.737220956000101, 8.776933739000071 ], [ 167.737266028000022, 8.77707795200007 ], [ 167.73721988300008, 8.777256428000044 ], [ 167.737192697000069, 8.777456323000024 ], [ 167.73711435600012, 8.777601426000047 ], [ 167.736964116000081, 8.777545562000057 ], [ 167.736944442000095, 8.777366550000067 ], [ 167.736930491000066, 8.77723037100003 ], [ 167.736978068000099, 8.777077237000071 ], [ 167.736931564000088, 8.776907682000058 ], [ 167.736868962000017, 8.776767042000074 ], [ 167.736800997000046, 8.776616764000039 ], [ 167.736745908000103, 8.776511283000048 ], [ 167.736648967000065, 8.776568574000066 ], [ 167.736746267000058, 8.777485773000024 ], [ 167.73677774500004, 8.777574654000034 ], [ 167.736890427000048, 8.777802929000075 ], [ 167.736965547000068, 8.778081888000031 ], [ 167.736971985000082, 8.778348357000027 ], [ 167.7369029460001, 8.778551287000028 ], [ 167.736891857000046, 8.778772956000068 ], [ 167.736874686000078, 8.779027824000025 ], [ 167.736856087000092, 8.779244141000049 ], [ 167.736853225000118, 8.779275908000045 ], [ 167.736845353000035, 8.779377640000064 ], [ 167.737152990000027, 8.779425295000067 ], [ 167.738193590000037, 8.779664633000039 ], [ 167.738382824000041, 8.77979670600007 ], [ 167.738569193000103, 8.779679983000051 ], [ 167.738783108000121, 8.77983561700006 ], [ 167.738968406000026, 8.77940387700005 ], [ 167.739160144000039, 8.778758321000055 ], [ 167.739360820000115, 8.777949637000063 ], [ 167.73946813800012, 8.777439369000035 ], [ 167.739498901000047, 8.777058318000059 ], [ 167.739524657000061, 8.776609445000076 ] ] ] ] } },
{ "type": "Feature", "properties": { "ADM0_EN": "Republic of the Marshall Islands", "ADM0_PCODE": "MH", "ADM1_EN": "Kwajalein", "ADM1_PCODE": "MH11", "ADM2_EN": "Ebeye Zone 2", "ADM2_PCODE": "MH1112", "Shape_Leng": 0.01498158049, "Shape_Area": 8.40569e-06, "ADM0_EN_2": "Republic of the Marshall Islands", "ADM0_PCODE_2": "MH", "ADM1_EN_2": "Kwajalein", "ADM1_PCODE_2": "MH11", "ADM2_EN_2": "Ebeye Zone 2", "ADM2_PCODE_2": "MH1112", "Shape_Leng_2": 0.01498158049, "Shape_Area_2": 8.40569e-06, "xcoord": 167.73661602470202, "ycoord": 8.780993760000058 }, "geometry": { "type": "MultiPolygon", "coordinates": [ [ [ [ 167.738783108000121, 8.77983561700006 ], [ 167.738569193000103, 8.779679983000051 ], [ 167.738382824000041, 8.77979670600007 ], [ 167.738193590000037, 8.779664633000039 ], [ 167.737152990000027, 8.779425295000067 ], [ 167.736845353000035, 8.779377640000064 ], [ 167.736775242000022, 8.779649104000043 ], [ 167.736650398000052, 8.779815090000056 ], [ 167.736450792000028, 8.779853998000021 ], [ 167.736366013000065, 8.779831867000041 ], [ 167.736298048000094, 8.779905043000042 ], [ 167.736259770000061, 8.78005246400005 ], [ 167.736613912000053, 8.780178292000073 ], [ 167.736647537000067, 8.780303050000043 ], [ 167.736455443000068, 8.780600573000072 ], [ 167.73623723500009, 8.780808321000052 ], [ 167.735993987000029, 8.780794400000048 ], [ 167.735705310000071, 8.780702126000051 ], [ 167.73537835500008, 8.780533822000052 ], [ 167.735266390000106, 8.780554168000037 ], [ 167.734959825000033, 8.780498660000035 ], [ 167.734886137000103, 8.780910052000024 ], [ 167.734851796000044, 8.781074968000041 ], [ 167.734882559000084, 8.781083178000074 ], [ 167.734860737000076, 8.781168489000038 ], [ 167.734818171000029, 8.781173845000069 ], [ 167.734748416000116, 8.781602906000046 ], [ 167.73527247100003, 8.78173997500005 ], [ 167.735176245000048, 8.782112282000071 ], [ 167.73498522400007, 8.782087294000064 ], [ 167.735002395000038, 8.782116564000034 ], [ 167.734998103000066, 8.782165110000051 ], [ 167.735059629000034, 8.782181174000073 ], [ 167.734961257000123, 8.782561332000057 ], [ 167.735107921000122, 8.782599705000052 ], [ 167.735170165000113, 8.78223311000005 ], [ 167.735804397000038, 8.782381604000022 ], [ 167.736464028000114, 8.782540807000032 ], [ 167.736510530000032, 8.782519745000059 ], [ 167.737432012000113, 8.782711433000031 ], [ 167.737446678000083, 8.782590959000061 ], [ 167.738040846000104, 8.782647181000073 ], [ 167.738110243000051, 8.782251315000053 ], [ 167.738178564000123, 8.781987525000034 ], [ 167.738168192000103, 8.781868837000047 ], [ 167.738262272000043, 8.781694821000031 ], [ 167.738336319000041, 8.781440846000066 ], [ 167.738376385000038, 8.781285749000062 ], [ 167.73833882200006, 8.781176520000031 ], [ 167.738374239000109, 8.780912552000075 ], [ 167.73856275300011, 8.780373904000044 ], [ 167.738783108000121, 8.77983561700006 ] ] ] ] } },
{ "type": "Feature", "properties": { "ADM0_EN": "Republic of the Marshall Islands", "ADM0_PCODE": "MH", "ADM1_EN": "Kwajalein", "ADM1_PCODE": "MH11", "ADM2_EN": "Ebeye Zone 3", "ADM2_PCODE": "MH1113", "Shape_Leng": 0.01197672424, "Shape_Area": 6.67662e-06, "ADM0_EN_2": "Republic of the Marshall Islands", "ADM0_PCODE_2": "MH", "ADM1_EN_2": "Kwajalein", "ADM1_PCODE_2": "MH11", "ADM2_EN_2": "Ebeye Zone 3", "ADM2_PCODE_2": "MH1113", "Shape_Leng_2": 0.01197672424, "Shape_Area_2": 6.67662e-06, "xcoord": 167.73675825271931, "ycoord": 8.7844378510000354 }, "geometry": { "type": "MultiPolygon", "coordinates": [ [ [ [ 167.738040846000104, 8.782647181000073 ], [ 167.737446678000083, 8.782590959000061 ], [ 167.737432012000113, 8.782711433000031 ], [ 167.736510530000032, 8.782519745000059 ], [ 167.736464028000114, 8.782540807000032 ], [ 167.735804397000038, 8.782381604000022 ], [ 167.735765763000018, 8.782573112000023 ], [ 167.735837665000076, 8.782892231000062 ], [ 167.735982540000123, 8.783126929000048 ], [ 167.736000426000032, 8.783535285000028 ], [ 167.735900264000065, 8.783923120000054 ], [ 167.735727487000077, 8.784550828000022 ], [ 167.735619815000064, 8.784729663000064 ], [ 167.735561865000022, 8.784993989000043 ], [ 167.735520012000052, 8.785314356000072 ], [ 167.7355260920001, 8.785450358000048 ], [ 167.735474582000052, 8.785530136000034 ], [ 167.735468142000059, 8.785714683000037 ], [ 167.735494256000038, 8.785731995000049 ], [ 167.735477087000049, 8.78603808400004 ], [ 167.735511783000106, 8.786181760000034 ], [ 167.735897045000115, 8.78628259900006 ], [ 167.736016165000024, 8.785941172000037 ], [ 167.73661999300009, 8.785674702000051 ], [ 167.736848931000054, 8.785703616000035 ], [ 167.737067138000043, 8.78561580500002 ], [ 167.737315753000075, 8.785608489000026 ], [ 167.737364042000081, 8.785341664000043 ], [ 167.737676688000079, 8.785485694000045 ], [ 167.737767548000079, 8.785053957000059 ], [ 167.737771483000074, 8.784640960000047 ], [ 167.737750378000101, 8.784324874000049 ], [ 167.737876654000047, 8.783757315000059 ], [ 167.737931743000104, 8.783264535000058 ], [ 167.738040846000104, 8.782647181000073 ] ] ] ] } },
{ "type": "Feature", "properties": { "ADM0_EN": "Republic of the Marshall Islands", "ADM0_PCODE": "MH", "ADM1_EN": "Kwajalein", "ADM1_PCODE": "MH11", "ADM2_EN": "Ebeye Zone 4", "ADM2_PCODE": "MH1114", "Shape_Leng": 0.01034301745, "Shape_Area": 5.10428e-06, "ADM0_EN_2": "Republic of the Marshall Islands", "ADM0_PCODE_2": "MH", "ADM1_EN_2": "Kwajalein", "ADM1_PCODE_2": "MH11", "ADM2_EN_2": "Ebeye Zone 4", "ADM2_PCODE_2": "MH1114", "Shape_Leng_2": 0.01034301745, "Shape_Area_2": 5.10428e-06, "xcoord": 167.73621958601504, "ycoord": 8.7867869785000323 }, "geometry": { "type": "MultiPolygon", "coordinates": [ [ [ [ 167.737676688000079, 8.785485694000045 ], [ 167.737364042000081, 8.785341664000043 ], [ 167.737315753000075, 8.785608489000026 ], [ 167.737067138000043, 8.78561580500002 ], [ 167.736848931000054, 8.785703616000035 ], [ 167.73661999300009, 8.785674702000051 ], [ 167.736016165000024, 8.785941172000037 ], [ 167.735897045000115, 8.78628259900006 ], [ 167.735511783000106, 8.786181760000034 ], [ 167.73536690800006, 8.786185150000051 ], [ 167.735072149000075, 8.786211564000041 ], [ 167.734948022000026, 8.786572447000026 ], [ 167.735160148000091, 8.786627954000039 ], [ 167.735120083000083, 8.787259411000036 ], [ 167.735031369000012, 8.787722559000031 ], [ 167.735008835000031, 8.787809837000054 ], [ 167.735208440000065, 8.787872482000068 ], [ 167.735192702000063, 8.788013303000071 ], [ 167.735404112000083, 8.788110215000074 ], [ 167.735462777000066, 8.788042750000045 ], [ 167.73633489100007, 8.788488408000035 ], [ 167.73646760400004, 8.788254068000072 ], [ 167.73689150000007, 8.788364903000058 ], [ 167.737009189000105, 8.788145555000028 ], [ 167.73709253700008, 8.787503569000023 ], [ 167.737201283000104, 8.78710056500006 ], [ 167.737243135000085, 8.786946003000025 ], [ 167.737385148000044, 8.786454831000071 ], [ 167.737676688000079, 8.785485694000045 ] ] ] ] } },
{ "type": "Feature", "properties": { "ADM0_EN": "Republic of the Marshall Islands", "ADM0_PCODE": "MH", "ADM1_EN": "Kwajalein", "ADM1_PCODE": "MH11", "ADM2_EN": "Ebeye Zone 5", "ADM2_PCODE": "MH1115", "Shape_Leng": 0.01814976045, "Shape_Area": 1.099003e-05, "ADM0_EN_2": "Republic of the Marshall Islands", "ADM0_PCODE_2": "MH", "ADM1_EN_2": "Kwajalein", "ADM1_PCODE_2": "MH11", "ADM2_EN_2": "Ebeye Zone 5", "ADM2_PCODE_2": "MH1115", "Shape_Leng_2": 0.01814976045, "Shape_Area_2": 1.099003e-05, "xcoord": 167.73481869941497, "ycoord": 8.7909758590000422 }, "geometry": { "type": "MultiPolygon", "coordinates": [ [ [ [ 167.73689150000007, 8.788603172000023 ], [ 167.73689150000007, 8.788364903000058 ], [ 167.73646760400004, 8.788254068000072 ], [ 167.73633489100007, 8.788488408000035 ], [ 167.735462777000066, 8.788042750000045 ], [ 167.735404112000083, 8.788110215000074 ], [ 167.735192702000063, 8.788013303000071 ], [ 167.735208440000065, 8.787872482000068 ], [ 167.735008835000031, 8.787809837000054 ], [ 167.734780253000054, 8.788495370000021 ], [ 167.734712286000104, 8.788519109000049 ], [ 167.734653619000028, 8.788866069000051 ], [ 167.734636092000073, 8.788933891000056 ], [ 167.734568485000068, 8.788916222000069 ], [ 167.734535931000096, 8.789042228000028 ], [ 167.734443641000098, 8.789121649000037 ], [ 167.734301627000036, 8.78907399700006 ], [ 167.734053370000083, 8.789040086000057 ], [ 167.733845894000069, 8.78900653200003 ], [ 167.733649151000122, 8.789130930000056 ], [ 167.733599071000071, 8.789324936000071 ], [ 167.733647361000067, 8.789575698000021 ], [ 167.733770775000039, 8.789815038000029 ], [ 167.733954284000106, 8.790059731000042 ], [ 167.733998281000027, 8.790247310000041 ], [ 167.733923161000121, 8.790538231000028 ], [ 167.733780075000027, 8.790852709000035 ], [ 167.733613736000052, 8.79109900900005 ], [ 167.733454909000102, 8.791274809000072 ], [ 167.733433087000094, 8.791558947000055 ], [ 167.73362876200008, 8.791796500000032 ], [ 167.733853765000049, 8.792000323000025 ], [ 167.73396394100007, 8.792091347000053 ], [ 167.733744305000073, 8.793100105000065 ], [ 167.733736433000104, 8.793170603000021 ], [ 167.733768987000076, 8.793208798000023 ], [ 167.733919227000115, 8.793240567000055 ], [ 167.734621427000093, 8.793437250000068 ], [ 167.734621427000093, 8.793678195000041 ], [ 167.734528420000061, 8.794330891000072 ], [ 167.734809227000028, 8.794378187000063 ], [ 167.735257089000015, 8.792699065000022 ], [ 167.736201822000112, 8.79031691800003 ], [ 167.736155674000088, 8.790097925000055 ], [ 167.736078407000036, 8.789839488000041 ], [ 167.736090213000011, 8.789594259000069 ], [ 167.73620289400003, 8.789437379000049 ], [ 167.736319152000078, 8.789384906000066 ], [ 167.736461166000026, 8.789432560000023 ], [ 167.736686884000051, 8.789315657000031 ], [ 167.736756998000033, 8.789044192000063 ], [ 167.736846428000035, 8.788777723000067 ], [ 167.73689150000007, 8.788603172000023 ] ] ] ] } },
{ "type": "Feature", "properties": { "ADM0_EN": "Republic of the Marshall Islands", "ADM0_PCODE": "MH", "ADM1_EN": "Kwajalein", "ADM1_PCODE": "MH11", "ADM2_EN": "Ebjadik", "ADM2_PCODE": "MH1116", "Shape_Leng": 0.00441654685, "Shape_Area": 1.37081e-06, "ADM0_EN_2": "Republic of the Marshall Islands", "ADM0_PCODE_2": "MH", "ADM1_EN_2": "Kwajalein", "ADM1_PCODE_2": "MH11", "ADM2_EN_2": "Ebjadik", "ADM2_PCODE_2": "MH1116", "Shape_Leng_2": 0.00441654685, "Shape_Area_2": 1.37081e-06, "xcoord": 167.73807310566661, "ycoord": 8.7621233130000746 }, "geometry": { "type": "MultiPolygon", "coordinates": [ [ [ [ 167.738684914000032, 8.762267700000052 ], [ 167.738669890000097, 8.762018725000075 ], [ 167.738576526000088, 8.761874513000066 ], [ 167.738370123000095, 8.761700139000027 ], [ 167.738113997000028, 8.761570745000029 ], [ 167.73780922100002, 8.761496142000055 ], [ 167.737528771000029, 8.76148114800003 ], [ 167.737346693000063, 8.761520948000054 ], [ 167.737351702000069, 8.761650522000025 ], [ 167.737381034000123, 8.761754933000077 ], [ 167.737396058000058, 8.761889327000063 ], [ 167.737445066000078, 8.761988918000043 ], [ 167.737489422000067, 8.762227901000074 ], [ 167.7375631110001, 8.762446892000071 ], [ 167.737597452000045, 8.762591280000038 ], [ 167.73766649300012, 8.762775293000061 ], [ 167.737799206000091, 8.762840081000036 ], [ 167.737873254000078, 8.76286488900007 ], [ 167.737981284000057, 8.76286488900007 ], [ 167.738232044000029, 8.762840081000036 ], [ 167.738404463000052, 8.762765476000027 ], [ 167.738517502000036, 8.762631083000031 ], [ 167.738625891000083, 8.762466704000076 ], [ 167.738684914000032, 8.762267700000052 ] ] ] ] } },
{ "type": "Feature", "properties": { "ADM0_EN": "Republic of the Marshall Islands", "ADM0_PCODE": "MH", "ADM1_EN": "Kwajalein", "ADM1_PCODE": "MH11", "ADM2_EN": "Ebwaj", "ADM2_PCODE": "MH1108", "Shape_Leng": 0.02946554818, "Shape_Area": 6.90366e-06, "ADM0_EN_2": "Republic of the Marshall Islands", "ADM0_PCODE_2": "MH", "ADM1_EN_2": "Kwajalein", "ADM1_PCODE_2": "MH11", "ADM2_EN_2": "Ebwaj", "ADM2_PCODE_2": "MH1108", "Shape_Leng_2": 0.02946554818, "Shape_Area_2": 6.90366e-06, "xcoord": 167.73670778019525, "ycoord": 8.8352555515000404 }, "geometry": { "type": "MultiPolygon", "coordinates": [ [ [ [ 167.739063201000022, 8.839953452000032 ], [ 167.73892941500003, 8.839497082000037 ], [ 167.738495145000115, 8.838145290000057 ], [ 167.738228288000073, 8.837283420000063 ], [ 167.738011155000095, 8.836658211000042 ], [ 167.737910994000117, 8.836353906000056 ], [ 167.737660591000122, 8.836049778000074 ], [ 167.73727640200002, 8.83574565300006 ], [ 167.737009189000105, 8.83550899100004 ], [ 167.736792056000013, 8.835002112000041 ], [ 167.736491571000101, 8.834174153000049 ], [ 167.736090927000077, 8.832974246000049 ], [ 167.735873794000099, 8.83233208300004 ], [ 167.735589767000079, 8.831858938000039 ], [ 167.735389445000123, 8.83108166300002 ], [ 167.735256017000097, 8.830591563000041 ], [ 167.735172311000042, 8.829983310000046 ], [ 167.735172311000042, 8.829425566000054 ], [ 167.735158717000104, 8.82846767500007 ], [ 167.734982007000099, 8.828466069000058 ], [ 167.734979859000077, 8.828606353000055 ], [ 167.734873259000096, 8.828929396000035 ], [ 167.734894721000046, 8.829424673000062 ], [ 167.735000963000061, 8.830135372000029 ], [ 167.735149775000082, 8.830845895000039 ], [ 167.735384078000038, 8.831879640000068 ], [ 167.735490322000032, 8.83241792900003 ], [ 167.736043710000104, 8.833774720000065 ], [ 167.736299120000012, 8.834506837000049 ], [ 167.736597098000061, 8.835540581000032 ], [ 167.736809582000092, 8.835906640000076 ], [ 167.737107561000016, 8.836660352000024 ], [ 167.73746957000003, 8.837909342000046 ], [ 167.737831222000068, 8.838835286000062 ], [ 167.738192874000106, 8.840299698000024 ], [ 167.738384253000049, 8.841010399000027 ], [ 167.738618558000098, 8.841505675000064 ], [ 167.738771304000124, 8.842195314000037 ], [ 167.739001673000075, 8.842166580000026 ], [ 167.738779172000022, 8.841170136000073 ], [ 167.738745905000087, 8.840899743000023 ], [ 167.738896147000105, 8.840494240000055 ], [ 167.739029576000121, 8.840173158000027 ], [ 167.739063201000022, 8.839953452000032 ] ] ] ] } },
{ "type": "Feature", "properties": { "ADM0_EN": "Republic of the Marshall Islands", "ADM0_PCODE": "MH", "ADM1_EN": "Kwajalein", "ADM1_PCODE": "MH11", "ADM2_EN": "Enubirr", "ADM2_PCODE": "MH1101", "Shape_Leng": 0.01139774265, "Shape_Area": 8.57786e-06, "ADM0_EN_2": "Republic of the Marshall Islands", "ADM0_PCODE_2": "MH", "ADM1_EN_2": "Kwajalein", "ADM1_PCODE_2": "MH11", "ADM2_EN_2": "Enubirr", "ADM2_PCODE_2": "MH1101", "Shape_Leng_2": 0.01139774265, "Shape_Area_2": 8.57786e-06, "xcoord": 167.49515160847074, "ycoord": 9.3656048770000382 }, "geometry": { "type": "MultiPolygon", "coordinates": [ [ [ [ 167.496658294000099, 9.365460934000055 ], [ 167.496555271000034, 9.365094518000035 ], [ 167.496142107000082, 9.364623334000044 ], [ 167.49575470000002, 9.364361688000031 ], [ 167.495444560000124, 9.364047566000067 ], [ 167.495005641000034, 9.363628678000055 ], [ 167.494721614000014, 9.363576383000066 ], [ 167.494437585000014, 9.363942798000039 ], [ 167.493972552000059, 9.364885164000043 ], [ 167.49361125900009, 9.365748820000022 ], [ 167.493456010000045, 9.366455591000033 ], [ 167.493223850000049, 9.367057600000066 ], [ 167.49330111800009, 9.367240716000026 ], [ 167.493456010000045, 9.367240716000026 ], [ 167.493869172000018, 9.367162187000076 ], [ 167.494153558000107, 9.367293190000055 ], [ 167.49435996200009, 9.367397777000065 ], [ 167.494695858000114, 9.36747630800005 ], [ 167.495109022000065, 9.367345482000076 ], [ 167.495573695000076, 9.367214660000059 ], [ 167.495883835000086, 9.367109891000041 ], [ 167.496142107000082, 9.366795770000067 ], [ 167.496426135000092, 9.366377060000048 ], [ 167.496581026000058, 9.365879822000068 ], [ 167.496658294000099, 9.365460934000055 ] ] ] ] } },
{ "type": "Feature", "properties": { "ADM0_EN": "Republic of the Marshall Islands", "ADM0_PCODE": "MH", "ADM1_EN": "Kwajalein", "ADM1_PCODE": "MH11", "ADM2_EN": "Enubuj - Carlson", "ADM2_PCODE": "MH1119", "Shape_Leng": 0.03188579121, "Shape_Area": 1.766448e-05, "ADM0_EN_2": "Republic of the Marshall Islands", "ADM0_PCODE_2": "MH", "ADM1_EN_2": "Kwajalein", "ADM1_PCODE_2": "MH11", "ADM2_EN_2": "Enubuj - Carlson", "ADM2_PCODE_2": "MH1119", "Shape_Leng_2": 0.03188579121, "Shape_Area_2": 1.766448e-05, "xcoord": 167.68397470971325, "ycoord": 8.7489740785000549 }, "geometry": { "type": "MultiPolygon", "coordinates": [ [ [ [ 167.69079909800007, 8.744892821000064 ], [ 167.690679619000093, 8.74485248600007 ], [ 167.690380926000103, 8.74485248600007 ], [ 167.69002213400006, 8.744792159000042 ], [ 167.689643671000113, 8.744892821000064 ], [ 167.689145728000085, 8.745094323000046 ], [ 167.688667817000123, 8.745336161000068 ], [ 167.688269321000121, 8.745537841000043 ], [ 167.687990303000106, 8.745658670000068 ], [ 167.687412946000109, 8.745900509000023 ], [ 167.686715756000012, 8.746323858000039 ], [ 167.685859023000035, 8.746827702000076 ], [ 167.685361079000018, 8.747271040000044 ], [ 167.684723629000018, 8.747774885000069 ], [ 167.684464640000101, 8.747996554000053 ], [ 167.683966698000063, 8.748238391000029 ], [ 167.683349279000026, 8.748500398000033 ], [ 167.682930750000082, 8.748782572000039 ], [ 167.682652089000044, 8.749165585000071 ], [ 167.682253591000062, 8.749447760000066 ], [ 167.681934864000027, 8.749709765000034 ], [ 167.681416888000058, 8.74985076300004 ], [ 167.680898915000057, 8.750233777000062 ], [ 167.680361266000091, 8.750435280000033 ], [ 167.679823259000045, 8.750656949000074 ], [ 167.679166133000081, 8.750979458000074 ], [ 167.678727572000071, 8.751342304000048 ], [ 167.678229629000043, 8.751866317000065 ], [ 167.678090119000103, 8.752148489000035 ], [ 167.677871197000059, 8.752309656000023 ], [ 167.677711653000074, 8.752571661000047 ], [ 167.677751719000071, 8.752813499000069 ], [ 167.677751719000071, 8.753035170000032 ], [ 167.677831489000027, 8.753176343000064 ], [ 167.678249661000109, 8.75293450700002 ], [ 167.678488617000085, 8.75293450700002 ], [ 167.678907146000029, 8.752752994000048 ], [ 167.679185808000057, 8.752611996000041 ], [ 167.679584304000059, 8.752269320000039 ], [ 167.680361266000091, 8.751785644000051 ], [ 167.681556399000101, 8.750959291000072 ], [ 167.682273623000015, 8.750415110000063 ], [ 167.683409017000031, 8.749770090000027 ], [ 167.683946665000121, 8.749588759000062 ], [ 167.684623824000028, 8.749306584000067 ], [ 167.685659774000101, 8.748661742000024 ], [ 167.686615953000114, 8.748057058000029 ], [ 167.687233373000026, 8.747714382000026 ], [ 167.687711641000078, 8.747331546000055 ], [ 167.688408831000061, 8.746948532000033 ], [ 167.688867067000047, 8.74668652500003 ], [ 167.68934497500004, 8.74650519000005 ], [ 167.689783180000063, 8.74622301900007 ], [ 167.690181679000034, 8.745840005000048 ], [ 167.690540111000018, 8.745537841000043 ], [ 167.690699653000024, 8.745255668000027 ], [ 167.69079909800007, 8.744892821000064 ] ] ] ] } },
{ "type": "Feature", "properties": { "ADM0_EN": "Republic of the Marshall Islands", "ADM0_PCODE": "MH", "ADM1_EN": "Kwajalein", "ADM1_PCODE": "MH11", "ADM2_EN": "Gugeegue", "ADM2_PCODE": "MH1107", "Shape_Leng": 0.04019564488, "Shape_Area": 2.006757e-05, "ADM0_EN_2": "Republic of the Marshall Islands", "ADM0_PCODE_2": "MH", "ADM1_EN_2": "Kwajalein", "ADM1_PCODE_2": "MH11", "ADM2_EN_2": "Gugeegue", "ADM2_PCODE_2": "MH1107", "Shape_Leng_2": 0.04019564488, "Shape_Area_2": 2.006757e-05, "xcoord": 167.74192232001326, "ycoord": 8.8505405925000389 }, "geometry": { "type": "MultiPolygon", "coordinates": [ [ [ [ 167.746710839000116, 8.85891424700003 ], [ 167.746660757000086, 8.858576210000024 ], [ 167.746593863000044, 8.858086108000066 ], [ 167.746560596000108, 8.857781983000052 ], [ 167.746460434000028, 8.857528543000058 ], [ 167.746293380000111, 8.857359525000049 ], [ 167.74612632700007, 8.857173550000027 ], [ 167.745909192000113, 8.856784825000034 ], [ 167.745725685000025, 8.856311680000033 ], [ 167.745675603000109, 8.856142660000046 ], [ 167.745725685000025, 8.85600755400003 ], [ 167.745758951000084, 8.855872267000052 ], [ 167.745708871000033, 8.85568647100007 ], [ 167.745541817000117, 8.855500498000026 ], [ 167.745391578000067, 8.855382167000073 ], [ 167.745308229000102, 8.855128728000068 ], [ 167.745291415000111, 8.85489224500003 ], [ 167.745258148000062, 8.854706271000055 ], [ 167.745141175000072, 8.854554206000046 ], [ 167.745007745000066, 8.854402143000073 ], [ 167.744890771000087, 8.854114795000044 ], [ 167.744807067000124, 8.853743025000028 ], [ 167.74464037100006, 8.853523316000064 ], [ 167.744456502000048, 8.853388209000059 ], [ 167.744323075000011, 8.853252921000035 ], [ 167.744089127000052, 8.85277977800007 ], [ 167.74347135000005, 8.851478494000048 ], [ 167.743137242000103, 8.850971616000038 ], [ 167.742753411000081, 8.85021112000004 ], [ 167.7425194650001, 8.849619645000075 ], [ 167.74230233000003, 8.849416715000075 ], [ 167.742051928000024, 8.848791507000044 ], [ 167.741501043000085, 8.847845216000053 ], [ 167.741183748000026, 8.847355116000074 ], [ 167.741016694000109, 8.847017079000068 ], [ 167.740799561000017, 8.84645951300007 ], [ 167.740565971000024, 8.84622285100005 ], [ 167.740315569000018, 8.845732750000025 ], [ 167.740114890000086, 8.845411668000054 ], [ 167.739864487000091, 8.845090586000026 ], [ 167.739630898000087, 8.844803413000022 ], [ 167.739396950000014, 8.843924590000029 ], [ 167.739129737000098, 8.842741635000039 ], [ 167.739001673000075, 8.842166580000026 ], [ 167.738771304000124, 8.842195314000037 ], [ 167.738852505000068, 8.842560836000075 ], [ 167.738980210000022, 8.843400755000062 ], [ 167.738916536000033, 8.843572986000027 ], [ 167.739022780000028, 8.843659193000065 ], [ 167.739129021000053, 8.843680788000029 ], [ 167.739363326000102, 8.844542123000053 ], [ 167.739533598000094, 8.845209809000039 ], [ 167.739469567000015, 8.845662073000028 ], [ 167.739618735000022, 8.845877317000031 ], [ 167.739703872000064, 8.846114156000056 ], [ 167.739852683000095, 8.847018684000034 ], [ 167.740214335000019, 8.848074026000063 ], [ 167.740432184000042, 8.848808461000033 ], [ 167.74074948000009, 8.849416715000075 ], [ 167.741116854000097, 8.850092791000066 ], [ 167.741183748000026, 8.85034623100006 ], [ 167.7410335080001, 8.850464561000024 ], [ 167.74081637300003, 8.850616624000054 ], [ 167.740699401000029, 8.850667311000052 ], [ 167.74081637300003, 8.851005349000047 ], [ 167.741233829000066, 8.850768688000073 ], [ 167.741400883000097, 8.85087006200007 ], [ 167.741684554000017, 8.85115741200002 ], [ 167.741784713000015, 8.851546137000071 ], [ 167.741768257000103, 8.851698200000044 ], [ 167.741668097000115, 8.851799576000076 ], [ 167.741400883000097, 8.851917907000029 ], [ 167.741584393000039, 8.852222034000022 ], [ 167.741951767000046, 8.852086926000027 ], [ 167.742168901000014, 8.852441740000074 ], [ 167.7425194650001, 8.853168502000074 ], [ 167.742886840000097, 8.853759978000028 ], [ 167.743204135000042, 8.854435874000046 ], [ 167.743571510000038, 8.855061085000045 ], [ 167.74375537700007, 8.855466763000038 ], [ 167.744005779000076, 8.85592295500004 ], [ 167.744156020000105, 8.856311680000033 ], [ 167.74428945000011, 8.856497654000066 ], [ 167.744489771000076, 8.856548341000064 ], [ 167.744690449000018, 8.856565298000021 ], [ 167.744924040000114, 8.856818736000037 ], [ 167.745091093000042, 8.857072175000042 ], [ 167.745291415000111, 8.857190505000062 ], [ 167.745541817000117, 8.857443947000036 ], [ 167.745842657000026, 8.857781983000052 ], [ 167.74612632700007, 8.858103064000034 ], [ 167.746343462000027, 8.858457878000024 ], [ 167.746476891000043, 8.858762184000057 ], [ 167.746560596000108, 8.858880515000067 ], [ 167.746627132000071, 8.858964935000074 ], [ 167.746710839000116, 8.85891424700003 ] ] ] ] } },
{ "type": "Feature", "properties": { "ADM0_EN": "Republic of the Marshall Islands", "ADM0_PCODE": "MH", "ADM1_EN": "Kwajalein", "ADM1_PCODE": "MH11", "ADM2_EN": "Kwajalein", "ADM2_PCODE": "MH1118", "Shape_Leng": 0.11392831958000001, "Shape_Area": 0.00025493878, "ADM0_EN_2": "Republic of the Marshall Islands", "ADM0_PCODE_2": "MH", "ADM1_EN_2": "Kwajalein", "ADM1_PCODE_2": "MH11", "ADM2_EN_2": "Kwajalein", "ADM2_PCODE_2": "MH1118", "Shape_Leng_2": 0.11392831958000001, "Shape_Area_2": 0.00025493878, "xcoord": 167.73860493830094, "ycoord": 8.7325978265000685 }, "geometry": { "type": "MultiPolygon", "coordinates": [ [ [ [ 167.741705300000035, 8.72942413100003 ], [ 167.741705300000035, 8.728682555000034 ], [ 167.741518930000097, 8.727878330000067 ], [ 167.741332558000067, 8.727010928000027 ], [ 167.740984857000058, 8.726106043000073 ], [ 167.740612116000079, 8.725263984000037 ], [ 167.740338818000055, 8.724698388000036 ], [ 167.74005300400006, 8.72430877000005 ], [ 167.739332561000083, 8.723680348000073 ], [ 167.738760929000023, 8.723278237000045 ], [ 167.738500155000111, 8.723114752000072 ], [ 167.738015806000021, 8.72269996700004 ], [ 167.737431652000055, 8.722147043000064 ], [ 167.736897581000107, 8.721631777000027 ], [ 167.736226861000091, 8.721041016000072 ], [ 167.735232765000092, 8.72039992200007 ], [ 167.734102379000092, 8.71973384100005 ], [ 167.733841603000087, 8.719595699000024 ], [ 167.733257807000086, 8.719331730000022 ], [ 167.732897230000049, 8.719193410000059 ], [ 167.732363158000112, 8.719067762000066 ], [ 167.731742159000078, 8.719055268000034 ], [ 167.731282492000105, 8.719004938000069 ], [ 167.730673658000114, 8.71886661700006 ], [ 167.730176789000097, 8.718791300000021 ], [ 167.729530752000073, 8.718602648000058 ], [ 167.728710865000039, 8.718502165000075 ], [ 167.727642363000086, 8.718351351000024 ], [ 167.726611422000019, 8.718363844000066 ], [ 167.725493197000105, 8.718338858000038 ], [ 167.724586384000077, 8.718338858000038 ], [ 167.724076995000019, 8.718338858000038 ], [ 167.723791179000045, 8.718401682000035 ], [ 167.723542924000071, 8.718464506000032 ], [ 167.723083257000098, 8.718502165000075 ], [ 167.722561348000113, 8.718489672000032 ], [ 167.722300573000098, 8.718451832000028 ], [ 167.721939991000113, 8.718451832000028 ], [ 167.721642014000054, 8.718602648000058 ], [ 167.721418442000072, 8.718803792000074 ], [ 167.721107942000117, 8.718942113000026 ], [ 167.720759882000038, 8.718954607000057 ], [ 167.720399661000101, 8.71884145100006 ], [ 167.719703903000095, 8.718916948000071 ], [ 167.719244235000019, 8.719130585000073 ], [ 167.718846811000049, 8.71921857500007 ], [ 167.718499110000039, 8.719206082000028 ], [ 167.718113850000123, 8.71921857500007 ], [ 167.717877756000121, 8.719293893000042 ], [ 167.717778310000085, 8.719469872000047 ], [ 167.717753628000082, 8.719708676000039 ], [ 167.717629501000033, 8.719985318000056 ], [ 167.717343683000081, 8.720274274000076 ], [ 167.717107590000069, 8.720538243000021 ], [ 167.717045348000056, 8.720802212000024 ], [ 167.717020665000064, 8.721028343000057 ], [ 167.717132272000072, 8.721443125000064 ], [ 167.717231720000086, 8.721694601000024 ], [ 167.717281441000068, 8.721870582000065 ], [ 167.717157315000122, 8.722059055000045 ], [ 167.716697647000046, 8.72239834100003 ], [ 167.716362109000102, 8.722586813000021 ], [ 167.715828036000062, 8.72293877200002 ], [ 167.715442774000053, 8.723202741000023 ], [ 167.715256403000012, 8.723479204000057 ], [ 167.715119755000046, 8.723805998000046 ], [ 167.715070033000075, 8.724296275000029 ], [ 167.715082554000105, 8.724773884000058 ], [ 167.715020310000114, 8.725037674000021 ], [ 167.714672609000104, 8.725427292000063 ], [ 167.714486239000053, 8.725691260000076 ], [ 167.714237984000079, 8.726269529000035 ], [ 167.713902445000031, 8.727186907000032 ], [ 167.713666352000018, 8.727840493000031 ], [ 167.713542223000104, 8.728129629000023 ], [ 167.713492500000029, 8.728468914000075 ], [ 167.713566906000096, 8.728758050000067 ], [ 167.71384020000005, 8.728996852000023 ], [ 167.714362111000014, 8.729197999000064 ], [ 167.714908703000106, 8.729273316000047 ], [ 167.715455294000094, 8.729235656000071 ], [ 167.715964683000038, 8.728959194000026 ], [ 167.716511275000016, 8.728468914000075 ], [ 167.717306481000037, 8.727677186000051 ], [ 167.718026924000014, 8.726973269000041 ], [ 167.718660441000111, 8.726282022000021 ], [ 167.719120109000073, 8.725791923000031 ], [ 167.71969174000003, 8.725465128000053 ], [ 167.720064123000043, 8.725263984000037 ], [ 167.720263014000011, 8.725150830000075 ], [ 167.720685478000064, 8.725439964000032 ], [ 167.720946254000069, 8.725402306000035 ], [ 167.721082903000024, 8.725175996000075 ], [ 167.721107942000117, 8.725062839000032 ], [ 167.721045700000104, 8.724886860000026 ], [ 167.721107942000117, 8.724723553000047 ], [ 167.721281792000013, 8.724560066000038 ], [ 167.72160481100002, 8.724421924000069 ], [ 167.721890628000097, 8.724396759000058 ], [ 167.722176086000104, 8.72447207700003 ], [ 167.722499105000111, 8.724497242000041 ], [ 167.722747718000051, 8.724459584000044 ], [ 167.722971292000011, 8.72428360300006 ], [ 167.723182345000055, 8.72409513100007 ], [ 167.723318991000042, 8.723969483000076 ], [ 167.723691734000113, 8.723893987000054 ], [ 167.724064476000081, 8.723780831000056 ], [ 167.724437217000059, 8.723730679000028 ], [ 167.724772756000107, 8.723667855000031 ], [ 167.725269625000124, 8.723630018000051 ], [ 167.725940344000037, 8.723567193000065 ], [ 167.72657386100002, 8.723592358000076 ], [ 167.727120453000111, 8.723730679000028 ], [ 167.727542917000051, 8.723881494000068 ], [ 167.728275881000059, 8.72409513100007 ], [ 167.729120809000051, 8.724396759000058 ], [ 167.729878453000083, 8.724723553000047 ], [ 167.730400364000047, 8.724974850000024 ], [ 167.730797786000039, 8.725188488000072 ], [ 167.730934435000108, 8.725339303000055 ], [ 167.731133325000087, 8.725427292000063 ], [ 167.731282492000105, 8.725389633000077 ], [ 167.731580473000122, 8.725590777000036 ], [ 167.731791884000017, 8.725804416000074 ], [ 167.732052660000022, 8.726005562000068 ], [ 167.732239029000084, 8.726344848000053 ], [ 167.732425400000011, 8.726621310000041 ], [ 167.732562048000091, 8.726784796000061 ], [ 167.732798141000103, 8.726960775000066 ], [ 167.733108640000069, 8.727262402000065 ], [ 167.733356896000032, 8.727639349000071 ], [ 167.733443822000027, 8.727890824000042 ], [ 167.733369417000063, 8.728091968000058 ], [ 167.73333221300004, 8.728506753000033 ], [ 167.733419138000045, 8.728871205000075 ], [ 167.733667753000077, 8.729361306000044 ], [ 167.733878805000018, 8.729549957000074 ], [ 167.734152100000074, 8.729612781000071 ], [ 167.734350992000032, 8.729662932000053 ], [ 167.734450438000067, 8.729826417000027 ], [ 167.734462600000029, 8.729977233000056 ], [ 167.734624289000067, 8.730253696000034 ], [ 167.734934786000053, 8.730907282000032 ], [ 167.735058913000103, 8.731208911000067 ], [ 167.735531100000117, 8.731472879000023 ], [ 167.735717472000033, 8.731824837000033 ], [ 167.735891322000043, 8.732214456000065 ], [ 167.735854119000123, 8.732679570000073 ], [ 167.735754674000077, 8.733169670000052 ], [ 167.735245285000019, 8.733081680000055 ], [ 167.735170880000055, 8.733446133000029 ], [ 167.735667749000072, 8.73357178200007 ], [ 167.735555783000109, 8.734388852000052 ], [ 167.734288749000029, 8.734112391000053 ], [ 167.734176783000066, 8.734024402000045 ], [ 167.733841603000087, 8.733936412000048 ], [ 167.733568305000063, 8.733081680000055 ], [ 167.733145843000102, 8.733194837000042 ], [ 167.733394456000042, 8.734062060000042 ], [ 167.735593344000108, 8.734552162000057 ], [ 167.73581691600009, 8.73474081300003 ], [ 167.735903842000084, 8.734878955000056 ], [ 167.735878802000116, 8.735092771000041 ], [ 167.735767195000108, 8.735457223000026 ], [ 167.735568304000026, 8.736211294000043 ], [ 167.735270325000101, 8.737091189000068 ], [ 167.735232765000092, 8.737493302000075 ], [ 167.734934786000053, 8.738687319000064 ], [ 167.734785619000036, 8.739303247000066 ], [ 167.734698694000031, 8.739718030000063 ], [ 167.734450438000067, 8.741025204000039 ], [ 167.734239028000047, 8.741691463000052 ], [ 167.734201824000024, 8.741930267000043 ], [ 167.734201824000024, 8.742068408000023 ], [ 167.734052655000028, 8.742395201000022 ], [ 167.73411489800003, 8.742470697000044 ], [ 167.734313790000101, 8.742143904000045 ], [ 167.734537362000083, 8.742206728000042 ], [ 167.734748416000116, 8.742420366000033 ], [ 167.734810659000118, 8.742809985000065 ], [ 167.73483534200011, 8.743287592000058 ], [ 167.734773098000119, 8.743727540000066 ], [ 167.734686172000124, 8.744016674000022 ], [ 167.734549525000034, 8.744242985000028 ], [ 167.734499802000073, 8.744946725000034 ], [ 167.734499802000073, 8.745663313000023 ], [ 167.734524842000042, 8.746128248000048 ], [ 167.734661490000121, 8.746455041000047 ], [ 167.734947306000095, 8.746643694000056 ], [ 167.735232765000092, 8.746756849000064 ], [ 167.735531100000117, 8.746781835000036 ], [ 167.736177139000119, 8.746744177000039 ], [ 167.736674008000023, 8.746744177000039 ], [ 167.73713367400012, 8.746656186000052 ], [ 167.737369768000121, 8.746467712000026 ], [ 167.737444172000096, 8.746178580000048 ], [ 167.737506416000087, 8.745625476000043 ], [ 167.737605860000031, 8.745047386000067 ], [ 167.737692787000015, 8.74423031200007 ], [ 167.73777971100003, 8.743639549000022 ], [ 167.737866636000035, 8.742835150000076 ], [ 167.737928880000027, 8.742332377000025 ], [ 167.73791635800012, 8.742156397000031 ], [ 167.738115250000078, 8.741691463000052 ], [ 167.738400708000086, 8.741251514000055 ], [ 167.738686524000059, 8.740773907000062 ], [ 167.738785969000105, 8.740648080000028 ], [ 167.738947299000074, 8.74020831100006 ], [ 167.739146191000032, 8.739705537000077 ], [ 167.739307878000091, 8.739152431000036 ], [ 167.739630898000087, 8.738146889000063 ], [ 167.739904195000122, 8.737355158000071 ], [ 167.74026441400008, 8.736575745000039 ], [ 167.740699041000084, 8.735796510000057 ], [ 167.740811008000037, 8.735281244000021 ], [ 167.740885412000011, 8.734665317000065 ], [ 167.741183748000026, 8.733244988000024 ], [ 167.741370120000056, 8.732516083000064 ], [ 167.741457045000061, 8.731623693000074 ], [ 167.7415811730001, 8.730693644000041 ], [ 167.741618374000041, 8.730304028000035 ], [ 167.741705300000035, 8.72942413100003 ] ] ] ] } },
{ "type": "Feature", "properties": { "ADM0_EN": "Republic of the Marshall Islands", "ADM0_PCODE": "MH", "ADM1_EN": "Kwajalein", "ADM1_PCODE": "MH11", "ADM2_EN": "Mejatto", "ADM2_PCODE": "MH1105", "Shape_Leng": 0.02487005666, "Shape_Area": 2.975251e-05, "ADM0_EN_2": "Republic of the Marshall Islands", "ADM0_PCODE_2": "MH", "ADM1_EN_2": "Kwajalein", "ADM1_PCODE_2": "MH11", "ADM2_EN_2": "Mejatto", "ADM2_PCODE_2": "MH1105", "Shape_Leng_2": 0.02487005666, "Shape_Area_2": 2.975251e-05, "xcoord": 166.87451573921334, "ycoord": 9.3118458725000437 }, "geometry": { "type": "MultiPolygon", "coordinates": [ [ [ [ 166.878384250000067, 9.311138474000074 ], [ 166.878360640000096, 9.310443302000067 ], [ 166.878242236000119, 9.309580182000047 ], [ 166.878053003000105, 9.309076695000044 ], [ 166.877792944000021, 9.309076695000044 ], [ 166.877272106000078, 9.309028684000054 ], [ 166.876325943000097, 9.30912452900003 ], [ 166.875071787000024, 9.309628014000054 ], [ 166.873723193000046, 9.310131502000047 ], [ 166.87159406100011, 9.311018715000046 ], [ 166.87102600500009, 9.311450276000073 ], [ 166.871002397000098, 9.312025688000062 ], [ 166.870883992000017, 9.312433154000075 ], [ 166.870387122000011, 9.312792787000035 ], [ 166.869653802000016, 9.312888808000025 ], [ 166.86873089300002, 9.313176515000066 ], [ 166.868778469000063, 9.313392296000075 ], [ 166.868967701000088, 9.313440127000035 ], [ 166.869606585000042, 9.313488137000036 ], [ 166.870221500000071, 9.313488137000036 ], [ 166.870883992000017, 9.313416210000071 ], [ 166.871641278000084, 9.313488137000036 ], [ 166.872398209000039, 9.313512232000051 ], [ 166.872847859000103, 9.313919698000063 ], [ 166.873179106000066, 9.31432734200007 ], [ 166.873841597000023, 9.314663059000054 ], [ 166.874267281000016, 9.314663059000054 ], [ 166.875308597000071, 9.314399268000045 ], [ 166.876254759000062, 9.313991625000028 ], [ 166.876893642000027, 9.313488137000036 ], [ 166.877532524000117, 9.312888808000025 ], [ 166.877768975000095, 9.312289299000042 ], [ 166.878124189000118, 9.311666057000025 ], [ 166.878384250000067, 9.311138474000074 ] ] ] ] } },
{ "type": "Feature", "properties": { "ADM0_EN": "Republic of the Marshall Islands", "ADM0_PCODE": "MH", "ADM1_EN": "Kwajalein", "ADM1_PCODE": "MH11", "ADM2_EN": "Nene", "ADM2_PCODE": "MH1106", "Shape_Leng": 0.02119922989, "Shape_Area": 1.351772e-05, "ADM0_EN_2": "Republic of the Marshall Islands", "ADM0_PCODE_2": "MH", "ADM1_EN_2": "Kwajalein", "ADM1_PCODE_2": "MH11", "ADM2_EN_2": "Nene", "ADM2_PCODE_2": "MH1106", "Shape_Leng_2": 0.02119922989, "Shape_Area_2": 1.351772e-05, "xcoord": 167.75007413685881, "ycoord": 8.8646855135000351 }, "geometry": { "type": "MultiPolygon", "coordinates": [ [ [ [ 167.753673804000073, 8.868040187000076 ], [ 167.753590455000108, 8.86755008800003 ], [ 167.753239892000124, 8.867059986000072 ], [ 167.752688651000085, 8.866434599000058 ], [ 167.751770390000047, 8.865454398000054 ], [ 167.751252773000033, 8.864879876000032 ], [ 167.750167458000078, 8.863679967000053 ], [ 167.74963303100003, 8.863088493000021 ], [ 167.749465976000124, 8.862902518000055 ], [ 167.748965172000112, 8.862497015000031 ], [ 167.748397116000092, 8.861837897000044 ], [ 167.748146714000086, 8.861516814000026 ], [ 167.747980018000021, 8.861195733000045 ], [ 167.7477793380001, 8.860908381000058 ], [ 167.747478854000065, 8.86062103200004 ], [ 167.747345428000017, 8.860654945000022 ], [ 167.747528937000084, 8.86121251000003 ], [ 167.747729260000028, 8.861533769000062 ], [ 167.747996474000047, 8.861854852000022 ], [ 167.748163526000098, 8.862480061000042 ], [ 167.748530903000074, 8.863443306000022 ], [ 167.748981626000045, 8.864491151000038 ], [ 167.749215572000026, 8.864998207000042 ], [ 167.749449162000019, 8.865572728000075 ], [ 167.749516055000072, 8.865910765000024 ], [ 167.749566137000102, 8.866130472000066 ], [ 167.749916698000106, 8.866586663000021 ], [ 167.750401047000082, 8.867026075000069 ], [ 167.750918666000075, 8.867431757000077 ], [ 167.751202693000096, 8.867786571000067 ], [ 167.751653415000078, 8.868158519000076 ], [ 167.752104141000018, 8.868395002000057 ], [ 167.75243824800009, 8.868564021000054 ], [ 167.752805622000096, 8.868648619000055 ], [ 167.753139732000022, 8.868648619000055 ], [ 167.753423402000067, 8.868445690000044 ], [ 167.753523561000065, 8.868259894000062 ], [ 167.753673804000073, 8.868040187000076 ] ] ] ] } },
{ "type": "Feature", "properties": { "ADM0_EN": "Republic of the Marshall Islands", "ADM0_PCODE": "MH", "ADM1_EN": "Kwajalein", "ADM1_PCODE": "MH11", "ADM2_EN": "North Loi", "ADM2_PCODE": "MH1109", "Shape_Leng": 0.04437449008, "Shape_Area": 1.172912e-05, "ADM0_EN_2": "Republic of the Marshall Islands", "ADM0_PCODE_2": "MH", "ADM1_EN_2": "Kwajalein", "ADM1_PCODE_2": "MH11", "ADM2_EN_2": "North Loi", "ADM2_PCODE_2": "MH1109", "Shape_Leng_2": 0.04437449008, "Shape_Area_2": 1.172912e-05, "xcoord": 167.73390452318682, "ycoord": 8.8181005980000577 }, "geometry": { "type": "MultiPolygon", "coordinates": [ [ [ [ 167.73527247100003, 8.824035172000038 ], [ 167.735222392000082, 8.823545070000023 ], [ 167.735005256000022, 8.822700157000043 ], [ 167.734738399000094, 8.821990528000072 ], [ 167.734487638000019, 8.821128656000042 ], [ 167.734203970000067, 8.819574112000055 ], [ 167.734103810000079, 8.818577135000055 ], [ 167.733719622000081, 8.816397382000048 ], [ 167.733536112000024, 8.815113053000061 ], [ 167.733452406000083, 8.814116253000066 ], [ 167.733435950000057, 8.813862635000021 ], [ 167.733435950000057, 8.813626151000051 ], [ 167.733419138000045, 8.813305070000069 ], [ 167.733469217000106, 8.81311927400003 ], [ 167.733486031000098, 8.812882612000067 ], [ 167.733452406000083, 8.812612219000073 ], [ 167.73350248600002, 8.81215602900005 ], [ 167.733519299000022, 8.811666106000075 ], [ 167.733469217000106, 8.811091585000042 ], [ 167.733469217000106, 8.810753549000026 ], [ 167.733519299000022, 8.810432467000055 ], [ 167.733452406000083, 8.80990863300002 ], [ 167.733318978000057, 8.809249692000037 ], [ 167.733151924000026, 8.808776547000036 ], [ 167.732934790000058, 8.808404777000021 ], [ 167.732734468000103, 8.808168294000041 ], [ 167.732634308000115, 8.808016230000021 ], [ 167.732601039000087, 8.80781348000005 ], [ 167.732601039000087, 8.80730660200004 ], [ 167.732574567000029, 8.807051199000057 ], [ 167.732344198000078, 8.80703995500005 ], [ 167.732359221000024, 8.80729214400003 ], [ 167.732263354000111, 8.807729237000046 ], [ 167.732071261000101, 8.807971968000061 ], [ 167.732085568000116, 8.808730678000074 ], [ 167.732170706000034, 8.809549 ], [ 167.732170706000034, 8.810151899000061 ], [ 167.732149600000071, 8.810841002000075 ], [ 167.732149600000071, 8.811357697000062 ], [ 167.732298411000102, 8.811852972000054 ], [ 167.732617853000079, 8.812434453000037 ], [ 167.733022073000029, 8.813683444000048 ], [ 167.733234914000036, 8.814738607000038 ], [ 167.733298586000046, 8.815836782000076 ], [ 167.733447757000022, 8.816913360000058 ], [ 167.7337028070001, 8.81762406100006 ], [ 167.733937113000025, 8.818916064000064 ], [ 167.734022248000088, 8.819712791000029 ], [ 167.733958217000122, 8.820165054000029 ], [ 167.734000787000014, 8.820617318000075 ], [ 167.73421362800002, 8.821112594000056 ], [ 167.734511606000069, 8.822253783000065 ], [ 167.734277660000089, 8.822641437000073 ], [ 167.734171059000118, 8.823072103000072 ], [ 167.734192523000047, 8.823502771000051 ], [ 167.734277660000089, 8.824041061000059 ], [ 167.734575281000048, 8.824837967000065 ], [ 167.734830690000081, 8.825247037000054 ], [ 167.735000963000061, 8.826366810000025 ], [ 167.735000963000061, 8.827206728000021 ], [ 167.734982007000099, 8.828466069000058 ], [ 167.735158717000104, 8.82846767500007 ], [ 167.735155854000027, 8.828242792000026 ], [ 167.735172311000042, 8.82743160900003 ], [ 167.735222392000082, 8.826924732000066 ], [ 167.735256017000097, 8.826519229000041 ], [ 167.735139042000014, 8.825775690000057 ], [ 167.735088962000077, 8.825167257000032 ], [ 167.735189124000044, 8.824592737000046 ], [ 167.73527247100003, 8.824035172000038 ] ] ] ] } },
{ "type": "Feature", "properties": { "ADM0_EN": "Republic of the Marshall Islands", "ADM0_PCODE": "MH", "ADM1_EN": "Kwajalein", "ADM1_PCODE": "MH11", "ADM2_EN": "Roi Namur", "ADM2_PCODE": "MH1102", "Shape_Leng": 0.07091449068, "Shape_Area": 0.00013733851, "ADM0_EN_2": "Republic of the Marshall Islands", "ADM0_PCODE_2": "MH", "ADM1_EN_2": "Kwajalein", "ADM1_PCODE_2": "MH11", "ADM2_EN_2": "Roi Namur", "ADM2_PCODE_2": "MH1102", "Shape_Leng_2": 0.07091449068, "Shape_Area_2": 0.00013733851, "xcoord": 167.47570354640831, "ycoord": 9.3962183255000298 }, "geometry": { "type": "MultiPolygon", "coordinates": [ [ [ [ 167.485687691000066, 9.394194294000044 ], [ 167.485570001000042, 9.393797360000065 ], [ 167.485295991000044, 9.393440225000063 ], [ 167.485021980000056, 9.392408266000075 ], [ 167.484825950000072, 9.391932085000064 ], [ 167.484317278000049, 9.391217815000061 ], [ 167.483808244000102, 9.390741459000026 ], [ 167.483299213000123, 9.390304899000057 ], [ 167.483025202000022, 9.390027187000044 ], [ 167.482750832000079, 9.390027187000044 ], [ 167.482163460000038, 9.390860504000045 ], [ 167.481654786000036, 9.391455905000043 ], [ 167.480871385000114, 9.392130552000026 ], [ 167.480597374000013, 9.392448065000053 ], [ 167.480166683000107, 9.392606732000047 ], [ 167.479735992000087, 9.392765577000034 ], [ 167.479383639000048, 9.392051130000027 ], [ 167.479814331000057, 9.391852662000076 ], [ 167.479697000000101, 9.391654374000041 ], [ 167.479031289000091, 9.391892464000023 ], [ 167.479305300000078, 9.392765577000034 ], [ 167.478483265000023, 9.392884622000054 ], [ 167.476838483000051, 9.393202135000024 ], [ 167.476055439000106, 9.393440225000063 ], [ 167.475429077000058, 9.393519470000058 ], [ 167.47499838300007, 9.393479847000037 ], [ 167.474293681000063, 9.393400424000049 ], [ 167.473980322000102, 9.393202135000024 ], [ 167.473706310000011, 9.393043288000058 ], [ 167.473079947000087, 9.393043288000058 ], [ 167.472962257000063, 9.392606732000047 ], [ 167.472727595000038, 9.392567111000062 ], [ 167.472688247000065, 9.393202135000024 ], [ 167.472609906000116, 9.39383698000006 ], [ 167.472649255000078, 9.394233916000076 ], [ 167.47280557800002, 9.394551430000035 ], [ 167.472766587000024, 9.39471009600004 ], [ 167.47214022300011, 9.395067409000035 ], [ 167.471435162000034, 9.39526569700007 ], [ 167.470417459000032, 9.395107032000055 ], [ 167.469399396000085, 9.394591051000077 ], [ 167.468420322000043, 9.393876783000053 ], [ 167.467519949000121, 9.393003667000073 ], [ 167.46693257600009, 9.392527309000059 ], [ 167.466501884000081, 9.392329021000023 ], [ 167.466071194000051, 9.392329021000023 ], [ 167.465444830000024, 9.393003667000073 ], [ 167.465053130000115, 9.393598893000046 ], [ 167.465366490000065, 9.393876783000053 ], [ 167.465875523000022, 9.394472006000058 ], [ 167.46658022500003, 9.395940523000036 ], [ 167.466775897000048, 9.396853260000057 ], [ 167.466815244000031, 9.397408863000067 ], [ 167.46693257600009, 9.398520067000049 ], [ 167.46673690700004, 9.399075669000069 ], [ 167.46626686500008, 9.399710694000021 ], [ 167.46560115200009, 9.400226675000056 ], [ 167.464935799000045, 9.400742655000045 ], [ 167.464583448000099, 9.400980745000027 ], [ 167.464544098000033, 9.401298257000064 ], [ 167.464661788000058, 9.40169501400004 ], [ 167.465327142000092, 9.401972904000047 ], [ 167.465992854000092, 9.402568129000031 ], [ 167.467010917000039, 9.402766596000049 ], [ 167.468381332000035, 9.402766596000049 ], [ 167.469830086000115, 9.402488884000036 ], [ 167.470573781000098, 9.402409461000047 ], [ 167.471200500000123, 9.402131573000077 ], [ 167.471670184000118, 9.401893483000038 ], [ 167.472022536000054, 9.401734815000054 ], [ 167.47280557800002, 9.401734815000054 ], [ 167.473353958000075, 9.401933281000026 ], [ 167.47366696000006, 9.401893483000038 ], [ 167.474097653000058, 9.401734815000054 ], [ 167.474215341000104, 9.401575967000042 ], [ 167.474685024000109, 9.401575967000042 ], [ 167.474959393000063, 9.401496726000062 ], [ 167.475311746000102, 9.40137750100007 ], [ 167.475468068000055, 9.401099790000046 ], [ 167.475546407000024, 9.400782276000029 ], [ 167.475272396000037, 9.399631273000068 ], [ 167.47523340500004, 9.398678912000037 ], [ 167.475037374000067, 9.398242354000047 ], [ 167.475037374000067, 9.397885041000052 ], [ 167.475390084000082, 9.397607331000074 ], [ 167.475742437000122, 9.39756753000006 ], [ 167.476173128000028, 9.397448485000041 ], [ 167.476799490000076, 9.397091350000039 ], [ 167.477073501000064, 9.396932684000035 ], [ 167.477660874000094, 9.397051729000054 ], [ 167.478208897000059, 9.397488286000055 ], [ 167.478639588000078, 9.397924843000055 ], [ 167.47910962800006, 9.398520067000049 ], [ 167.479853681000122, 9.39883757900003 ], [ 167.480401703000098, 9.398877202000051 ], [ 167.480910735000066, 9.398956623000061 ], [ 167.481224095000016, 9.399155092000058 ], [ 167.481341426000085, 9.399432984000043 ], [ 167.481576448000055, 9.399631273000068 ], [ 167.482241799000121, 9.399472604000039 ], [ 167.482946862000063, 9.398758157000032 ], [ 167.483768897000118, 9.398321601000021 ], [ 167.484277926000118, 9.397289819000036 ], [ 167.484630278000054, 9.396496128000024 ], [ 167.485060970000063, 9.395623011000055 ], [ 167.485256999000057, 9.395107032000055 ], [ 167.485452670000086, 9.394630852000034 ], [ 167.485609350000118, 9.394432385000073 ], [ 167.485687691000066, 9.394194294000044 ] ] ] ] } },
{ "type": "Feature", "properties": { "ADM0_EN": "Republic of the Marshall Islands", "ADM0_PCODE": "MH", "ADM1_EN": "Kwajalein", "ADM1_PCODE": "MH11", "ADM2_EN": "South Loi", "ADM2_PCODE": "MH1110", "Shape_Leng": 0.02765656859, "Shape_Area": 7.11334e-06, "ADM0_EN_2": "Republic of the Marshall Islands", "ADM0_PCODE_2": "MH", "ADM1_EN_2": "Kwajalein", "ADM1_PCODE_2": "MH11", "ADM2_EN_2": "South Loi", "ADM2_PCODE_2": "MH1110", "Shape_Leng_2": 0.02765656859, "Shape_Area_2": 7.11334e-06, "xcoord": 167.73295024789445, "ycoord": 8.8007243310000547 }, "geometry": { "type": "MultiPolygon", "coordinates": [ [ [ [ 167.734809227000028, 8.794378187000063 ], [ 167.734528420000061, 8.794330891000072 ], [ 167.734502307000071, 8.794452075000038 ], [ 167.733582974000115, 8.797992724000039 ], [ 167.73322311000004, 8.799279550000051 ], [ 167.732935147000035, 8.80042073900006 ], [ 167.732767376000083, 8.800687922000066 ], [ 167.732599250000021, 8.800785013000052 ], [ 167.73223938700005, 8.800687922000066 ], [ 167.731951425000034, 8.800760740000044 ], [ 167.731783297000106, 8.801003470000069 ], [ 167.73183159000007, 8.801489110000034 ], [ 167.731879523000089, 8.802047568000035 ], [ 167.731903491000025, 8.802703117000021 ], [ 167.731903491000025, 8.803334394000046 ], [ 167.731783297000106, 8.803455760000077 ], [ 167.731759329000056, 8.803625848000024 ], [ 167.731999358000053, 8.803698667000049 ], [ 167.732095227000059, 8.804402765000077 ], [ 167.732191453000041, 8.80498549400005 ], [ 167.732287320000069, 8.806078137000043 ], [ 167.732344198000078, 8.80703995500005 ], [ 167.732574567000029, 8.807051199000057 ], [ 167.732517332000043, 8.806495418000054 ], [ 167.732534147000024, 8.80571814700005 ], [ 167.732467253000095, 8.805076162000034 ], [ 167.73250087800011, 8.80482272200004 ], [ 167.732601039000087, 8.804569106000031 ], [ 167.732784546000062, 8.804298888000062 ], [ 167.733001682000122, 8.804045451000036 ], [ 167.733085030000098, 8.803758101000028 ], [ 167.733151924000026, 8.803470928000024 ], [ 167.733168735000049, 8.80323426700005 ], [ 167.733168735000049, 8.802862498000025 ], [ 167.733135111000024, 8.802389531000074 ], [ 167.733118656000102, 8.802034539000033 ], [ 167.733068574000072, 8.801713635000056 ], [ 167.733068574000072, 8.801291177000053 ], [ 167.733285353000042, 8.800328111000056 ], [ 167.733602647000112, 8.799077693000072 ], [ 167.733869861000016, 8.797945607000031 ], [ 167.73427086300012, 8.796576857000048 ], [ 167.734521264000023, 8.795529371000043 ], [ 167.734809227000028, 8.794378187000063 ] ] ] ] } },
{ "type": "Feature", "properties": { "ADM0_EN": "Republic of the Marshall Islands", "ADM0_PCODE": "MH", "ADM1_EN": "Lae", "ADM1_PCODE": "MH12", "ADM2_EN": "Enerein", "ADM2_PCODE": "MH1204", "Shape_Leng": 0.01473527893, "Shape_Area": 1.425768e-05, "ADM0_EN_2": "Republic of the Marshall Islands", "ADM0_PCODE_2": "MH", "ADM1_EN_2": "Lae", "ADM1_PCODE_2": "MH12", "ADM2_EN_2": "Enerein", "ADM2_PCODE_2": "MH1204", "Shape_Leng_2": 0.01473527893, "Shape_Area_2": 1.425768e-05, "xcoord": 166.2670085007878, "ycoord": 8.9303655365000338 }, "geometry": { "type": "MultiPolygon", "coordinates": [ [ [ [ 166.268864233000045, 8.930228465000027 ], [ 166.268848494000054, 8.929809220000038 ], [ 166.268561605000059, 8.929245050000077 ], [ 166.268258976000084, 8.928858111000068 ], [ 166.267717750000088, 8.928551665000043 ], [ 166.267112493000013, 8.928261636000059 ], [ 166.266634581000062, 8.92806816600006 ], [ 166.266077259000099, 8.92806816600006 ], [ 166.265615446000083, 8.928180964000035 ], [ 166.265233047000038, 8.928358370000069 ], [ 166.264962253000022, 8.92840674100006 ], [ 166.264755136000076, 8.928438866000022 ], [ 166.264675721000117, 8.92860003100003 ], [ 166.264723297000046, 8.928777438000054 ], [ 166.264946512000051, 8.929196683000043 ], [ 166.265137535000122, 8.929777094000031 ], [ 166.265216949000092, 8.93016403300004 ], [ 166.265201208000121, 8.930534733000059 ], [ 166.265057764000062, 8.931018410000036 ], [ 166.264834906000033, 8.931486021000069 ], [ 166.264755136000076, 8.931840658000056 ], [ 166.264818810000065, 8.932146927000076 ], [ 166.26501018700003, 8.932292029000052 ], [ 166.265376489000118, 8.932485499000052 ], [ 166.265726695000012, 8.93266290400004 ], [ 166.26593381400005, 8.932711274000042 ], [ 166.266220345000079, 8.932646843000043 ], [ 166.266586647000054, 8.932646843000043 ], [ 166.267176165000024, 8.93256617000003 ], [ 166.267637980000018, 8.932356637000055 ], [ 166.267797162000079, 8.932050189000051 ], [ 166.267860836000068, 8.931776228000047 ], [ 166.268052215000012, 8.931308614000045 ], [ 166.268227139000032, 8.931018410000036 ], [ 166.2684185170001, 8.930873306000024 ], [ 166.268593440000018, 8.930712141000072 ], [ 166.268752985000106, 8.93050260800004 ], [ 166.268864233000045, 8.930228465000027 ] ] ] ] } },
{ "type": "Feature", "properties": { "ADM0_EN": "Republic of the Marshall Islands", "ADM0_PCODE": "MH", "ADM1_EN": "Lae", "ADM1_PCODE": "MH12", "ADM2_EN": "Lae", "ADM2_PCODE": "MH1203", "Shape_Leng": 0.05692754284, "Shape_Area": 7.237302e-05, "ADM0_EN_2": "Republic of the Marshall Islands", "ADM0_PCODE_2": "MH", "ADM1_EN_2": "Lae", "ADM1_PCODE_2": "MH12", "ADM2_EN_2": "Lae", "ADM2_PCODE_2": "MH1203", "Shape_Leng_2": 0.05692754284, "Shape_Area_2": 7.237302e-05, "xcoord": 166.26911113393481, "ycoord": 8.9239888725000469 }, "geometry": { "type": "MultiPolygon", "coordinates": [ [ [ [ 166.274907865000046, 8.922873564000042 ], [ 166.27480198000012, 8.922570328000063 ], [ 166.274414216000082, 8.922266916000069 ], [ 166.273903039000061, 8.92208843800006 ], [ 166.273109979000083, 8.921981350000067 ], [ 166.272351976000095, 8.921981350000067 ], [ 166.271911268000053, 8.92208843800006 ], [ 166.270624560000101, 8.922124135000047 ], [ 166.269161496000038, 8.921999199000027 ], [ 166.26605901400012, 8.921339007000029 ], [ 166.264260769000089, 8.920910840000033 ], [ 166.26263923800002, 8.920500519000029 ], [ 166.261158648000105, 8.920179258000076 ], [ 166.259818639000059, 8.919679698000039 ], [ 166.259219462000033, 8.91950121900004 ], [ 166.258902167000088, 8.919394132000036 ], [ 166.258443930000112, 8.919465524000032 ], [ 166.257950281000035, 8.919590458000073 ], [ 166.257544988000063, 8.920000778000031 ], [ 166.257104279000032, 8.92030419200006 ], [ 166.256522273000087, 8.920536213000048 ], [ 166.25569380100012, 8.92062527500002 ], [ 166.254777330000024, 8.92062527500002 ], [ 166.254019326000048, 8.92062527500002 ], [ 166.25347273400007, 8.920500519000029 ], [ 166.252856030000089, 8.920732362000024 ], [ 166.252326965000066, 8.920964382000022 ], [ 166.251780730000064, 8.921178556000029 ], [ 166.251410494000083, 8.921356855000056 ], [ 166.251375080000116, 8.921392552000043 ], [ 166.251621905000093, 8.921428246000062 ], [ 166.252062612000032, 8.921642421000058 ], [ 166.252291909000064, 8.92180305200003 ], [ 166.252591677000055, 8.921910137000054 ], [ 166.253120383000123, 8.921910137000054 ], [ 166.253719558000057, 8.921927986000071 ], [ 166.254125211000087, 8.922017046000065 ], [ 166.254583445000094, 8.92228476300005 ], [ 166.254794858000082, 8.92248108900003 ], [ 166.255094624000094, 8.922534634000044 ], [ 166.255499916000076, 8.922427546000051 ], [ 166.255976039000075, 8.922231220000072 ], [ 166.256610630000068, 8.921963682000069 ], [ 166.257209806000105, 8.921892291000063 ], [ 166.257809340000108, 8.921553181000036 ], [ 166.258285105000027, 8.921446096000068 ], [ 166.258831696000016, 8.921553181000036 ], [ 166.259801110000012, 8.921838746000049 ], [ 166.260400643000025, 8.922034895000024 ], [ 166.261158648000105, 8.922320458000058 ], [ 166.261934178000047, 8.922516784000038 ], [ 166.262815592000038, 8.922641720000058 ], [ 166.263220886000113, 8.922641720000058 ], [ 166.26336182700004, 8.922516784000038 ], [ 166.263661594000041, 8.922534634000044 ], [ 166.264084773000036, 8.922944955000048 ], [ 166.264525482000067, 8.923640839000029 ], [ 166.26471936400003, 8.924533051000026 ], [ 166.264824891000103, 8.925389567000025 ], [ 166.264666423000108, 8.926246086000049 ], [ 166.264472539000053, 8.927102601000058 ], [ 166.264366653000025, 8.927334442000074 ], [ 166.264402070000074, 8.92774494400004 ], [ 166.264472539000053, 8.927905571000053 ], [ 166.264771947000099, 8.927905571000053 ], [ 166.26523054200004, 8.927762790000031 ], [ 166.265618308000057, 8.927637856000047 ], [ 166.26605901400012, 8.927477225000075 ], [ 166.26653477800005, 8.927477225000075 ], [ 166.267063843000074, 8.927602160000049 ], [ 166.267486664000103, 8.927834182000026 ], [ 166.267927371000042, 8.928137416000027 ], [ 166.268209612000078, 8.928387285000042 ], [ 166.268614905000049, 8.928494372000046 ], [ 166.269214081000086, 8.928440829000067 ], [ 166.269637260000081, 8.928369438000061 ], [ 166.269937028000072, 8.928101721000075 ], [ 166.27058914600002, 8.927298749000045 ], [ 166.271135736000019, 8.926531471000033 ], [ 166.271858327000018, 8.925550198000053 ], [ 166.272387033000086, 8.924836464000066 ], [ 166.272739741000123, 8.924461661000066 ], [ 166.272916096000017, 8.92426533400004 ], [ 166.273374331000014, 8.924087035000071 ], [ 166.27386798200007, 8.923890710000023 ], [ 166.274273275000041, 8.923676536000073 ], [ 166.274678927000082, 8.923444513000049 ], [ 166.274890337000102, 8.92308773700006 ], [ 166.274907865000046, 8.922873564000042 ] ] ] ] } },
{ "type": "Feature", "properties": { "ADM0_EN": "Republic of the Marshall Islands", "ADM0_PCODE": "MH", "ADM1_EN": "Lib", "ADM1_PCODE": "MH13", "ADM2_EN": "Lib", "ADM2_PCODE": "MH1301", "Shape_Leng": 0.03762340544, "Shape_Area": 8.205647e-05, "ADM0_EN_2": "Republic of the Marshall Islands", "ADM0_PCODE_2": "MH", "ADM1_EN_2": "Lib", "ADM1_PCODE_2": "MH13", "ADM2_EN_2": "Lib", "ADM2_PCODE_2": "MH1301", "Shape_Leng_2": 0.03762340544, "Shape_Area_2": 8.205647e-05, "xcoord": 167.37953677551462, "ycoord": 8.3129484255000534 }, "geometry": { "type": "MultiPolygon", "coordinates": [ [ [ [ 167.384781267000108, 8.315399998000032 ], [ 167.384671091000087, 8.31478710500005 ], [ 167.38464354700011, 8.313895606000074 ], [ 167.38461600100004, 8.312001241000075 ], [ 167.384477923000077, 8.311444032000054 ], [ 167.384505827000112, 8.310134717000039 ], [ 167.384560913000087, 8.308602305000022 ], [ 167.384450378000111, 8.307766672000071 ], [ 167.384119849000058, 8.307320833000063 ], [ 167.38359579300004, 8.307153777000053 ], [ 167.382906830000024, 8.307460223000021 ], [ 167.382272954000086, 8.307878041000038 ], [ 167.381528545000037, 8.308268016000056 ], [ 167.380894313000113, 8.308797382000023 ], [ 167.379681650000066, 8.309465960000068 ], [ 167.378496175000123, 8.309939641000028 ], [ 167.377338245000033, 8.310385301000053 ], [ 167.37645611500011, 8.310663904000023 ], [ 167.375739607000014, 8.311026037000033 ], [ 167.375215909000076, 8.311583245000065 ], [ 167.374636765000105, 8.312335532000077 ], [ 167.37425078900003, 8.31356131900003 ], [ 167.3738648100001, 8.314926497000044 ], [ 167.373589370000104, 8.315873680000038 ], [ 167.373258481000107, 8.317043782000042 ], [ 167.373230936000027, 8.317517285000065 ], [ 167.373341113000038, 8.317879595000022 ], [ 167.373589370000104, 8.318018808000033 ], [ 167.374223245000053, 8.318046650000042 ], [ 167.375050285000043, 8.318046650000042 ], [ 167.375904873000081, 8.31785175300007 ], [ 167.376814548000084, 8.317517285000065 ], [ 167.377806853000038, 8.317182995000053 ], [ 167.378247921000025, 8.317210837000061 ], [ 167.378854609000086, 8.317043782000042 ], [ 167.379323218000081, 8.316820863000032 ], [ 167.380067629000109, 8.316653629000029 ], [ 167.381059934000064, 8.316793020000034 ], [ 167.382134876000123, 8.316904391000037 ], [ 167.383347894000053, 8.316904391000037 ], [ 167.383954225000025, 8.316709493000076 ], [ 167.384422836000113, 8.316403045000072 ], [ 167.384671091000087, 8.315985050000052 ], [ 167.384781267000108, 8.315399998000032 ] ] ] ] } },
{ "type": "Feature", "properties": { "ADM0_EN": "Republic of the Marshall Islands", "ADM0_PCODE": "MH", "ADM1_EN": "Likiep", "ADM1_PCODE": "MH14", "ADM2_EN": "Jebal", "ADM2_PCODE": "MH1402", "Shape_Leng": 0.0280443378, "Shape_Area": 3.433549e-05, "ADM0_EN_2": "Republic of the Marshall Islands", "ADM0_PCODE_2": "MH", "ADM1_EN_2": "Likiep", "ADM1_PCODE_2": "MH14", "ADM2_EN_2": "Jebal", "ADM2_PCODE_2": "MH1402", "Shape_Leng_2": 0.0280443378, "Shape_Area_2": 3.433549e-05, "xcoord": 169.27348520611477, "ycoord": 9.8898564910000459 }, "geometry": { "type": "MultiPolygon", "coordinates": [ [ [ [ 169.276242013000115, 9.887683967000044 ], [ 169.275792006000074, 9.887287745000037 ], [ 169.275668234000022, 9.886844406000023 ], [ 169.275461832000019, 9.886511187000053 ], [ 169.274646596000025, 9.885985214000073 ], [ 169.274403704000065, 9.885908288000053 ], [ 169.274286732000064, 9.885944343000062 ], [ 169.274034898000082, 9.886263640000038 ], [ 169.273338423000041, 9.887445164000042 ], [ 169.272529267000095, 9.888796598000056 ], [ 169.271772337000016, 9.889618133000056 ], [ 169.270936710000115, 9.890068614000029 ], [ 169.270414801000015, 9.890545506000024 ], [ 169.269788078000033, 9.890969569000049 ], [ 169.269030076000035, 9.891251209000075 ], [ 169.268146874000081, 9.891353120000076 ], [ 169.267052615000011, 9.891309392000039 ], [ 169.266798993000066, 9.891369361000045 ], [ 169.266558608000082, 9.891509466000059 ], [ 169.266579712000066, 9.891596384000024 ], [ 169.266792556000041, 9.891708290000054 ], [ 169.267337716000043, 9.891846610000073 ], [ 169.267597777000105, 9.891988859000037 ], [ 169.267900405000091, 9.892448261000027 ], [ 169.268255977000081, 9.892720440000062 ], [ 169.268626213000061, 9.89315663900004 ], [ 169.268849071000091, 9.893236598000044 ], [ 169.269422851000058, 9.893297638000035 ], [ 169.269800957000029, 9.893582311000046 ], [ 169.27013828500003, 9.893615149000027 ], [ 169.270568974000071, 9.89379612700003 ], [ 169.271245420000014, 9.893872872000031 ], [ 169.272180493000064, 9.894205556000031 ], [ 169.272651606000068, 9.89408151300006 ], [ 169.273019340000019, 9.893656201000056 ], [ 169.273173158000077, 9.893383485000072 ], [ 169.273508695000032, 9.893096850000063 ], [ 169.273735130000091, 9.892964241000072 ], [ 169.274187644000108, 9.892851978000067 ], [ 169.274595084000111, 9.892674749000037 ], [ 169.275227528000073, 9.892187504000049 ], [ 169.275424987000065, 9.891917109000076 ], [ 169.27556878900009, 9.891466096000045 ], [ 169.275649635000036, 9.889644368000063 ], [ 169.275714022000102, 9.888690582000038 ], [ 169.276053497000021, 9.88816068400007 ], [ 169.276242013000115, 9.887683967000044 ] ] ] ] } },
{ "type": "Feature", "properties": { "ADM0_EN": "Republic of the Marshall Islands", "ADM0_PCODE": "MH", "ADM1_EN": "Likiep", "ADM1_PCODE": "MH14", "ADM2_EN": "Likiep", "ADM2_PCODE": "MH1403", "Shape_Leng": 0.07509956354, "Shape_Area": 0.00010519745, "ADM0_EN_2": "Republic of the Marshall Islands", "ADM0_PCODE_2": "MH", "ADM1_EN_2": "Likiep", "ADM1_PCODE_2": "MH14", "ADM2_EN_2": "Likiep", "ADM2_PCODE_2": "MH1403", "Shape_Leng_2": 0.07509956354, "Shape_Area_2": 0.00010519745, "xcoord": 169.307344560947, "ycoord": 9.8236419700000397 }, "geometry": { "type": "MultiPolygon", "coordinates": [ [ [ [ 169.316703816000086, 9.825090141000032 ], [ 169.316560730000106, 9.824886497000023 ], [ 169.316374358000076, 9.824872042000038 ], [ 169.315524421000077, 9.824625384000058 ], [ 169.314384379000103, 9.824422812000023 ], [ 169.31357236000008, 9.824119221000046 ], [ 169.312460933000011, 9.823772080000026 ], [ 169.311734410000099, 9.823410662000072 ], [ 169.310511732000123, 9.823305538000056 ], [ 169.310053138000058, 9.823106893000045 ], [ 169.308817583000064, 9.822984991000055 ], [ 169.307456110000089, 9.822663377000026 ], [ 169.305821343000048, 9.822383879000029 ], [ 169.304966398000033, 9.822167028000024 ], [ 169.3026154800001, 9.821284988000059 ], [ 169.301475436000032, 9.820706542000039 ], [ 169.300877333000017, 9.820619801000021 ], [ 169.300221638000039, 9.82030175500006 ], [ 169.299010765000048, 9.819940158000065 ], [ 169.296089646000041, 9.818580869000073 ], [ 169.29499252700009, 9.817944772000033 ], [ 169.294151892000059, 9.817800027000033 ], [ 169.293296947000044, 9.817785569000023 ], [ 169.292342559000076, 9.817973685000027 ], [ 169.291744096000116, 9.818147166000074 ], [ 169.291045833000112, 9.818465213000025 ], [ 169.290447374000109, 9.818884638000043 ], [ 169.289820651000014, 9.819289426000068 ], [ 169.289079461000028, 9.819694394000066 ], [ 169.28868060700006, 9.82012809500003 ], [ 169.288460610000016, 9.820550553000032 ], [ 169.288267444000098, 9.821386185000051 ], [ 169.288210566000089, 9.822282681000047 ], [ 169.288296061000096, 9.823454033000075 ], [ 169.288238826000111, 9.823902191000059 ], [ 169.287811355000031, 9.82456737800004 ], [ 169.287754476000032, 9.825203653000074 ], [ 169.287839971000039, 9.825695360000054 ], [ 169.288067836000096, 9.825811014000067 ], [ 169.288310369000101, 9.825883296000029 ], [ 169.28868060700006, 9.825955581000073 ], [ 169.288894520000099, 9.826172611000061 ], [ 169.289136695000025, 9.826129241000046 ], [ 169.289321992000055, 9.825941125000043 ], [ 169.289506932000108, 9.825724274000038 ], [ 169.28980634100003, 9.825174740000023 ], [ 169.290788276000058, 9.824115472000074 ], [ 169.291800973000022, 9.82290450000005 ], [ 169.292428052000105, 9.822311595000031 ], [ 169.293217176000098, 9.822026208000068 ], [ 169.293583120000108, 9.821690133000061 ], [ 169.293952643000011, 9.821429557000044 ], [ 169.294237386000077, 9.821386185000051 ], [ 169.295035452000093, 9.821415100000024 ], [ 169.295804903000089, 9.821342815000037 ], [ 169.296289252000065, 9.821313902000043 ], [ 169.29674534000003, 9.821328358000073 ], [ 169.297215381000115, 9.821603036000056 ], [ 169.29740067900002, 9.821733326000071 ], [ 169.297471865000034, 9.821906806000072 ], [ 169.298255624000035, 9.822282681000047 ], [ 169.298796848000052, 9.822947870000064 ], [ 169.299153136000086, 9.82320826800003 ], [ 169.300079267000115, 9.823323923000032 ], [ 169.300706345000094, 9.823511860000053 ], [ 169.301418559000012, 9.823410662000072 ], [ 169.302045637000106, 9.823511860000053 ], [ 169.303101976000107, 9.823821341000041 ], [ 169.303700081000102, 9.824098339000045 ], [ 169.304709915000103, 9.824798865000048 ], [ 169.306006641000067, 9.825666446000071 ], [ 169.306362927000123, 9.826071413000022 ], [ 169.306619411000042, 9.826736423000057 ], [ 169.306676287000073, 9.827257043000031 ], [ 169.306510306000064, 9.827519406000022 ], [ 169.30621304400006, 9.827832633000071 ], [ 169.305661802000031, 9.82803681300004 ], [ 169.305369545000076, 9.828285433000076 ], [ 169.305127371000026, 9.828845676000071 ], [ 169.30520642800002, 9.829156407000028 ], [ 169.305575590000103, 9.829403956000021 ], [ 169.305949406000082, 9.829556376000028 ], [ 169.306483836000098, 9.829570833000048 ], [ 169.306957096000019, 9.829236187000049 ], [ 169.307415688000106, 9.829207095000072 ], [ 169.308175480000045, 9.829178002000049 ], [ 169.308691307000117, 9.829003451000062 ], [ 169.309069773000033, 9.828471765000074 ], [ 169.309497245000102, 9.827994514000068 ], [ 169.309882150000021, 9.827719837000075 ], [ 169.310679858000071, 9.827517445000069 ], [ 169.311321246000034, 9.827531900000054 ], [ 169.311691482000015, 9.827213672000028 ], [ 169.312062078000054, 9.827040192000027 ], [ 169.312905574000069, 9.826632192000034 ], [ 169.313206414000092, 9.82641409200005 ], [ 169.31362923800009, 9.826129241000046 ], [ 169.314170822000051, 9.825926667000033 ], [ 169.314740663000066, 9.825738730000069 ], [ 169.31492667800012, 9.825817618000031 ], [ 169.315514406000034, 9.825788526000053 ], [ 169.315915764000124, 9.825730341000053 ], [ 169.316560730000106, 9.825366605000056 ], [ 169.316703816000086, 9.825090141000032 ] ] ] ] } },
{ "type": "Feature", "properties": { "ADM0_EN": "Republic of the Marshall Islands", "ADM0_PCODE": "MH", "ADM1_EN": "Likiep", "ADM1_PCODE": "MH14", "ADM2_EN": "Melang", "ADM2_PCODE": "MH1401", "Shape_Leng": 0.02585036085, "Shape_Area": 3.122105e-05, "ADM0_EN_2": "Republic of the Marshall Islands", "ADM0_PCODE_2": "MH", "ADM1_EN_2": "Likiep", "ADM1_PCODE_2": "MH14", "ADM2_EN_2": "Melang", "ADM2_PCODE_2": "MH1401", "Shape_Leng_2": 0.02585036085, "Shape_Area_2": 3.122105e-05, "xcoord": 169.26190820755644, "ycoord": 9.8982936295000457 }, "geometry": { "type": "MultiPolygon", "coordinates": [ [ [ [ 169.266708892000111, 9.898628096000039 ], [ 169.266674550000062, 9.898404822000032 ], [ 169.266489970000066, 9.898093733000053 ], [ 169.266225257000087, 9.897925071000031 ], [ 169.265654343000051, 9.898097304000032 ], [ 169.265249762000053, 9.898333251000054 ], [ 169.264957865000042, 9.898378942000022 ], [ 169.264540412000088, 9.898254008000038 ], [ 169.263688686000023, 9.897814415000028 ], [ 169.263075559000072, 9.897671099000036 ], [ 169.262855562000027, 9.897370898000077 ], [ 169.26254756700007, 9.896554004000052 ], [ 169.262275704000103, 9.895272532000035 ], [ 169.262130111000033, 9.895021771000074 ], [ 169.261963773000048, 9.89491593200006 ], [ 169.261382841000113, 9.894896299000038 ], [ 169.260835177000104, 9.895003210000027 ], [ 169.259969501000114, 9.895388184000069 ], [ 169.259113125000113, 9.895876679000025 ], [ 169.258197727000038, 9.896236846000022 ], [ 169.258246018000023, 9.896382310000035 ], [ 169.258742887000039, 9.896633783000027 ], [ 169.258996151000019, 9.896967182000026 ], [ 169.259279105000019, 9.897222761000023 ], [ 169.259386420000055, 9.897428367000032 ], [ 169.259420760000012, 9.897674490000043 ], [ 169.259354942000073, 9.89803394200004 ], [ 169.25888740400012, 9.898608465000052 ], [ 169.258637717000056, 9.898862082000051 ], [ 169.258683149000035, 9.899161925000044 ], [ 169.259046590000025, 9.900107680000076 ], [ 169.258955728000046, 9.900545845000067 ], [ 169.259023696000099, 9.901007210000046 ], [ 169.259544531000074, 9.901373625000076 ], [ 169.259950184000104, 9.901550497000073 ], [ 169.260376582000049, 9.901612964000037 ], [ 169.260721063000119, 9.901594403000047 ], [ 169.261509831000012, 9.901390225000057 ], [ 169.262114013000087, 9.901149992000057 ], [ 169.262895984000124, 9.901051472000063 ], [ 169.263188239000101, 9.900957236000067 ], [ 169.263958047000074, 9.900494799000057 ], [ 169.264649515000087, 9.900255283000035 ], [ 169.265269439000122, 9.899915994000025 ], [ 169.266096480000101, 9.899564929000064 ], [ 169.266645933000063, 9.898853337000048 ], [ 169.266708892000111, 9.898628096000039 ] ] ] ] } },
{ "type": "Feature", "properties": { "ADM0_EN": "Republic of the Marshall Islands", "ADM0_PCODE": "MH", "ADM1_EN": "Majuro", "ADM1_PCODE": "MH15", "ADM2_EN": "Aenkan", "ADM2_PCODE": "MH1523", "Shape_Leng": 0.19259506497000001, "Shape_Area": 0.00013213851, "ADM0_EN_2": "Republic of the Marshall Islands", "ADM0_PCODE_2": "MH", "ADM1_EN_2": "Majuro", "ADM1_PCODE_2": "MH15", "ADM2_EN_2": "Aenkan", "ADM2_PCODE_2": "MH1523", "Shape_Leng_2": 0.19259506497000001, "Shape_Area_2": 0.00013213851, "xcoord": 171.21108918140982, "ycoord": 7.1587071040000581 }, "geometry": { "type": "MultiPolygon", "coordinates": [ [ [ [ 171.082675867000034, 7.214445534000049 ], [ 171.082452652000029, 7.213377523000077 ], [ 171.082140721000087, 7.212579547000075 ], [ 171.081746516000067, 7.212317364000057 ], [ 171.081226396000034, 7.212234908000028 ], [ 171.080861884000115, 7.212362162000034 ], [ 171.080765297000085, 7.212564555000029 ], [ 171.080861884000115, 7.212759453000047 ], [ 171.080921619000037, 7.212864398000022 ], [ 171.081062917000054, 7.212819422000052 ], [ 171.081345156000111, 7.212841911000055 ], [ 171.081620242000099, 7.213119086000063 ], [ 171.081873147000124, 7.213516201000061 ], [ 171.081977243000097, 7.213883508000038 ], [ 171.081932529000028, 7.214123205000021 ], [ 171.081716825000058, 7.21434808600003 ], [ 171.081501480000043, 7.214595279000036 ], [ 171.081151989000091, 7.214835152000035 ], [ 171.080460522000067, 7.21519478700003 ], [ 171.079449615000044, 7.215509623000059 ], [ 171.078728457000125, 7.21616891900004 ], [ 171.077244645000064, 7.217158045000076 ], [ 171.076899448000063, 7.217260134000071 ], [ 171.076200826000104, 7.217387390000056 ], [ 171.075353394000103, 7.217979401000036 ], [ 171.074944523000113, 7.218196788000057 ], [ 171.074431556000036, 7.218354204000036 ], [ 171.074141448000091, 7.218114332000027 ], [ 171.074007663000089, 7.21820428500007 ], [ 171.074156473000016, 7.218481461000067 ], [ 171.074074555000038, 7.218526436000047 ], [ 171.074148960000116, 7.218691351000075 ], [ 171.073855630000025, 7.21894532400006 ], [ 171.073160230000099, 7.219358323000051 ], [ 171.0731305380001, 7.219470585000067 ], [ 171.07332370600011, 7.219822901000043 ], [ 171.073673195000083, 7.219845390000046 ], [ 171.074055236000049, 7.219929274000037 ], [ 171.074520627000084, 7.219942837000076 ], [ 171.075189561000116, 7.219867878000059 ], [ 171.075405262000118, 7.220077590000074 ], [ 171.075620966000088, 7.220152551000069 ], [ 171.075985123000123, 7.220160046000046 ], [ 171.076446222000072, 7.220542347000048 ], [ 171.076706280000053, 7.220632120000062 ], [ 171.077092974000038, 7.220579650000047 ], [ 171.077702523000085, 7.220302473000061 ], [ 171.078007297000113, 7.220197528000028 ], [ 171.078371454000035, 7.220197528000028 ], [ 171.080319226000029, 7.219515563000073 ], [ 171.080891929000018, 7.219185914000036 ], [ 171.08159055200008, 7.218466467000042 ], [ 171.082140721000087, 7.217851967000058 ], [ 171.082393627000101, 7.217282444000034 ], [ 171.082519901000069, 7.216705604000026 ], [ 171.082661198000096, 7.215561915000023 ], [ 171.082675867000034, 7.214445534000049 ] ] ], [ [ [ 171.068050596000035, 7.22105921900004 ], [ 171.068050596000035, 7.220371186000023 ], [ 171.067382381000016, 7.22029943800004 ], [ 171.066771042000028, 7.220356908000042 ], [ 171.066116777000047, 7.220471490000023 ], [ 171.065548007000075, 7.22050022600007 ], [ 171.065106941000067, 7.22051450400005 ], [ 171.064538170000105, 7.220213411000032 ], [ 171.063841338000088, 7.219640140000024 ], [ 171.063215691000096, 7.219453809000072 ], [ 171.062507767000056, 7.219236780000074 ], [ 171.061879975000124, 7.218803258000037 ], [ 171.060803960000044, 7.217889091000075 ], [ 171.059760500000039, 7.21724639200005 ], [ 171.058935603000123, 7.216673122000032 ], [ 171.058594341000116, 7.216515345000062 ], [ 171.058110708000072, 7.21595635400007 ], [ 171.057812015000081, 7.215540676000046 ], [ 171.057470752000086, 7.215597968000054 ], [ 171.057086922000053, 7.215483384000038 ], [ 171.056859414000087, 7.215497663000065 ], [ 171.056688783000027, 7.215770021000026 ], [ 171.056688783000027, 7.216085392000025 ], [ 171.05693060100009, 7.216314736000072 ], [ 171.057186367000099, 7.216630107000071 ], [ 171.057427826000094, 7.217188745000044 ], [ 171.057375598000021, 7.217646719000072 ], [ 171.057541938000099, 7.217991715000039 ], [ 171.05819620300008, 7.218579444000056 ], [ 171.058622602000014, 7.219038134000073 ], [ 171.058821850000072, 7.219253199000036 ], [ 171.0595469430001, 7.219525378000071 ], [ 171.059845636000091, 7.219683153000062 ], [ 171.06020120800008, 7.220012802000042 ], [ 171.060400098000059, 7.220442755000022 ], [ 171.060371839000027, 7.220743847000051 ], [ 171.060386147000031, 7.220958913000061 ], [ 171.060599346000117, 7.221216815000048 ], [ 171.061367366000013, 7.221603934000029 ], [ 171.061993014000109, 7.221861835000027 ], [ 171.062860477000072, 7.221976595000058 ], [ 171.063571262000096, 7.222105637000027 ], [ 171.06438184700005, 7.222406548000038 ], [ 171.06482255800006, 7.222549867000055 ], [ 171.065533698000081, 7.222478298000055 ], [ 171.066329977000123, 7.222306245000027 ], [ 171.067097994000051, 7.221947862000036 ], [ 171.067695027000013, 7.221775809000064 ], [ 171.067993721000107, 7.221431880000068 ], [ 171.068050596000035, 7.22105921900004 ] ] ], [ [ [ 171.216086862000111, 7.158823561000077 ], [ 171.216042863000098, 7.15859064700004 ], [ 171.215965955000115, 7.158346667000046 ], [ 171.215910866000058, 7.158302228000025 ], [ 171.215690869000014, 7.158302228000025 ], [ 171.215360696000062, 7.158390930000053 ], [ 171.214997613000037, 7.158390930000053 ], [ 171.214700351000033, 7.158335603000069 ], [ 171.214337268000122, 7.158224589000042 ], [ 171.21417236000002, 7.158158018000051 ], [ 171.213720923000096, 7.158158018000051 ], [ 171.213292017000072, 7.158246721000069 ], [ 171.212807668000096, 7.158269031000032 ], [ 171.212389498000107, 7.158257964000029 ], [ 171.211894416000064, 7.158246721000069 ], [ 171.211454425000056, 7.158291161000022 ], [ 171.211168251000117, 7.158235654000066 ], [ 171.210782990000098, 7.158213525000065 ], [ 171.210144823000064, 7.158158018000051 ], [ 171.209484474000078, 7.158013984000036 ], [ 171.208890307000047, 7.157869775000052 ], [ 171.208670311000105, 7.157792137000058 ], [ 171.208428137000055, 7.157625796000048 ], [ 171.208076143000085, 7.157448387000045 ], [ 171.207713061000049, 7.157204408000041 ], [ 171.20729489100006, 7.15694918500003 ], [ 171.206986896000103, 7.157015758000057 ], [ 171.206711808000023, 7.157015758000057 ], [ 171.206304727000088, 7.15707126500007 ], [ 171.205974553000033, 7.157182099000067 ], [ 171.205699471000116, 7.157270802000028 ], [ 171.20553420400006, 7.157381816000054 ], [ 171.205435118000082, 7.157514782000021 ], [ 171.205446205000044, 7.157658992000052 ], [ 171.205567472000098, 7.157902971000055 ], [ 171.205754201000104, 7.158213525000065 ], [ 171.205974553000033, 7.158513011000025 ], [ 171.206260371000099, 7.158912265000026 ], [ 171.206590543000061, 7.159189440000034 ], [ 171.206931807000046, 7.159355783000024 ], [ 171.207338888000095, 7.159522125000024 ], [ 171.207734881000079, 7.15965527000003 ], [ 171.208043233000012, 7.159899249000034 ], [ 171.208197053000049, 7.160021150000034 ], [ 171.208395227000096, 7.160187491000045 ], [ 171.208626313000082, 7.160220867000021 ], [ 171.208923575000085, 7.160309572000074 ], [ 171.209330657000123, 7.160431649000031 ], [ 171.209748829000091, 7.160509108000042 ], [ 171.210123001000056, 7.160620122000068 ], [ 171.210342998000101, 7.160631186000046 ], [ 171.210584813000082, 7.160575680000022 ], [ 171.210815900000057, 7.160475912000038 ], [ 171.211090985000055, 7.160442716000034 ], [ 171.21149842300008, 7.160475912000038 ], [ 171.212136590000114, 7.160509108000042 ], [ 171.212631671000054, 7.160453780000068 ], [ 171.213346748000049, 7.160365077000051 ], [ 171.213996005000013, 7.160209802000054 ], [ 171.214579443000048, 7.159987953000041 ], [ 171.215228701000115, 7.159721841000021 ], [ 171.21587759800002, 7.159389159000057 ], [ 171.216053954000017, 7.159156245000077 ], [ 171.216086862000111, 7.158823561000077 ] ] ], [ [ [ 171.286418005000087, 7.148936055000036 ], [ 171.286418005000087, 7.148718134000035 ], [ 171.286362199000109, 7.148472191000053 ], [ 171.286222690000045, 7.148226069000032 ], [ 171.286083182000084, 7.148113630000068 ], [ 171.285880714000086, 7.148113630000068 ], [ 171.285594897000124, 7.148211969000045 ], [ 171.285357730000101, 7.148472191000053 ], [ 171.284820797000066, 7.148788455000044 ], [ 171.284576475000108, 7.148971214000028 ], [ 171.284234857000115, 7.149196098000061 ], [ 171.28365571300003, 7.149442219000036 ], [ 171.283251491000101, 7.149568761000069 ], [ 171.282846912000082, 7.149667102000024 ], [ 171.282456287000059, 7.149737421000054 ], [ 171.282135413000105, 7.149786681000023 ], [ 171.2818213380001, 7.149842902000046 ], [ 171.281542318000106, 7.149927322000053 ], [ 171.281221446000018, 7.149948383000037 ], [ 171.280991435000033, 7.149948383000037 ], [ 171.280705617000081, 7.149920183000063 ], [ 171.280496354000093, 7.149842902000046 ], [ 171.28021018000004, 7.149702261000073 ], [ 171.279959061000113, 7.149561622000022 ], [ 171.279847454000105, 7.149519502000032 ], [ 171.279784854000013, 7.149519502000032 ], [ 171.279729050000014, 7.149589822000053 ], [ 171.279721897000059, 7.149709400000063 ], [ 171.279777699000078, 7.149814702000072 ], [ 171.279868560000068, 7.149941244000047 ], [ 171.279910412000049, 7.150088845000028 ], [ 171.279903258000104, 7.150278745000037 ], [ 171.279931161000036, 7.150595009000028 ], [ 171.280000915000073, 7.150820071000055 ], [ 171.280133627000055, 7.151136335000047 ], [ 171.28030104000004, 7.151347292000025 ], [ 171.280510304000018, 7.15143867300003 ], [ 171.280817226000067, 7.15153005600007 ], [ 171.281193901000051, 7.151572177000048 ], [ 171.281500466000011, 7.151572177000048 ], [ 171.28172368200012, 7.151558076000072 ], [ 171.282051709000029, 7.151487756000051 ], [ 171.282400482000071, 7.151417435000042 ], [ 171.282700249000072, 7.151368354000056 ], [ 171.282916668000098, 7.151368354000056 ], [ 171.283125931000086, 7.151361214000076 ], [ 171.283453603000112, 7.151298033000046 ], [ 171.283648914000082, 7.15124877300002 ], [ 171.284004486000072, 7.151072974000044 ], [ 171.284360415000037, 7.150904312000023 ], [ 171.284723139000107, 7.150623209000059 ], [ 171.284939201000043, 7.15048256700004 ], [ 171.285183522000125, 7.150334967000049 ], [ 171.285462185000029, 7.15022252600005 ], [ 171.285643546000074, 7.150117044000069 ], [ 171.285887867000042, 7.149906083000076 ], [ 171.286083182000084, 7.149653001000047 ], [ 171.286250593000091, 7.149449180000033 ], [ 171.286368997000068, 7.149182177000057 ], [ 171.286418005000087, 7.148936055000036 ] ] ], [ [ [ 171.344527737000021, 7.123429220000048 ], [ 171.344527737000021, 7.123278228000061 ], [ 171.344423999000014, 7.123161861000028 ], [ 171.34423941700004, 7.123092253000038 ], [ 171.343927845000053, 7.123127058000023 ], [ 171.343674225000086, 7.123092253000038 ], [ 171.343374455000117, 7.122906280000052 ], [ 171.343074690000094, 7.122662301000048 ], [ 171.342936253000062, 7.122441343000048 ], [ 171.342659382000079, 7.12229035200005 ], [ 171.342325272000039, 7.122278750000021 ], [ 171.342163583000115, 7.122278750000021 ], [ 171.341921409000065, 7.122371737000037 ], [ 171.341760079000096, 7.122545933000026 ], [ 171.341621643000053, 7.122755107000046 ], [ 171.341437060000089, 7.122987665000039 ], [ 171.341102952000028, 7.123068872000033 ], [ 171.341068613000061, 7.123068872000033 ], [ 171.340745236000089, 7.123068872000033 ], [ 171.340445468000098, 7.122987665000039 ], [ 171.34004196300009, 7.122836496000048 ], [ 171.339742196000088, 7.122650520000036 ], [ 171.339419177000082, 7.122360136000054 ], [ 171.339073264000035, 7.122034771000074 ], [ 171.338658312000121, 7.121581437000032 ], [ 171.338300595000078, 7.121081697000022 ], [ 171.338185409000062, 7.12076793500006 ], [ 171.338139265000109, 7.120674947000055 ], [ 171.338046974000122, 7.120698329000049 ], [ 171.337966130000041, 7.12079131400003 ], [ 171.337943236000115, 7.121035293000034 ], [ 171.337943236000115, 7.121337458000028 ], [ 171.337931789000095, 7.12162801900007 ], [ 171.338012274000107, 7.122046372000057 ], [ 171.338104568000062, 7.12239493900006 ], [ 171.338266254000018, 7.122638920000043 ], [ 171.338496625000062, 7.122999266000022 ], [ 171.338762050000014, 7.123196842000027 ], [ 171.339038566000113, 7.123301431000073 ], [ 171.339246400000093, 7.123452422000071 ], [ 171.339407729000072, 7.123661598000069 ], [ 171.339661352000121, 7.123893977000023 ], [ 171.339972565000039, 7.124138135000067 ], [ 171.340307032000055, 7.124289127000054 ], [ 171.340676195000015, 7.124405317000026 ], [ 171.341030336000017, 7.124444046000065 ], [ 171.341102952000028, 7.124451901000043 ], [ 171.341564049000112, 7.124498304000042 ], [ 171.342013701000042, 7.124544885000034 ], [ 171.34240575900003, 7.124661077000042 ], [ 171.342682633000095, 7.124847050000028 ], [ 171.343039992000058, 7.125032844000032 ], [ 171.343351562000066, 7.125044625000044 ], [ 171.343651331000046, 7.124986441000033 ], [ 171.34380121300012, 7.124847050000028 ], [ 171.343951095000079, 7.124672677000035 ], [ 171.344020135000051, 7.12447510100003 ], [ 171.344147126000053, 7.124254324000049 ], [ 171.344273758000099, 7.124068351000062 ], [ 171.344412195000018, 7.123731383000063 ], [ 171.344527737000021, 7.123429220000048 ] ] ], [ [ [ 171.312043794000033, 7.128426249000029 ], [ 171.311940056000026, 7.128159065000034 ], [ 171.311766920000082, 7.127914908000037 ], [ 171.311559444000068, 7.127670929000033 ], [ 171.311340520000044, 7.127450152000051 ], [ 171.311259677000066, 7.127531537000038 ], [ 171.311213531000021, 7.127717334000067 ], [ 171.310959910000065, 7.128205473000037 ], [ 171.310556405000057, 7.128821398000071 ], [ 171.309956513000088, 7.12964650300006 ], [ 171.309587706000116, 7.130134641000041 ], [ 171.30931083300004, 7.130552993000038 ], [ 171.308930223000061, 7.13106433300004 ], [ 171.308492020000017, 7.131552470000031 ], [ 171.308134660000064, 7.13183125300003 ], [ 171.307673561000115, 7.132191600000056 ], [ 171.307154514000104, 7.13249376400006 ], [ 171.306554979000111, 7.132714541000041 ], [ 171.306070632000115, 7.13281912900004 ], [ 171.305620980000072, 7.132888914000034 ], [ 171.30534410700011, 7.132795928000064 ], [ 171.305148078000116, 7.132772547000059 ], [ 171.30507903900002, 7.13283073100007 ], [ 171.305055787000015, 7.132888914000034 ], [ 171.305067234000035, 7.133005104000063 ], [ 171.305240369000103, 7.133063109000034 ], [ 171.305471096000019, 7.133202677000043 ], [ 171.305574835000016, 7.133283886000072 ], [ 171.30578231100003, 7.133411856000066 ], [ 171.305978339000035, 7.133469861000037 ], [ 171.306278107000026, 7.133644233000041 ], [ 171.306589319000068, 7.133841809000046 ], [ 171.306866195000111, 7.133865009000033 ], [ 171.307108369000048, 7.133841809000046 ], [ 171.307431387000065, 7.133702240000048 ], [ 171.307765853000092, 7.133469861000037 ], [ 171.308065619000104, 7.133225881000044 ], [ 171.308457679000071, 7.132912115000067 ], [ 171.308988174000092, 7.132447182000021 ], [ 171.309403125000017, 7.132121815000062 ], [ 171.30977228900008, 7.131680260000053 ], [ 171.310060252000085, 7.131354896000062 ], [ 171.310302426000021, 7.131029350000063 ], [ 171.310498454000026, 7.130634379000071 ], [ 171.310636893000037, 7.130390221000027 ], [ 171.311040753000043, 7.130041653000035 ], [ 171.311236784000016, 7.129867281000031 ], [ 171.311294376000092, 7.129704687000071 ], [ 171.311409562000108, 7.12948373200004 ], [ 171.311524747000021, 7.129239751000057 ], [ 171.311663182000075, 7.128972571000077 ], [ 171.311824871000113, 7.128798198000027 ], [ 171.312020900000107, 7.128623825000034 ], [ 171.312043794000033, 7.128426249000029 ] ] ], [ [ [ 171.318293828000037, 7.12322004300006 ], [ 171.318224789000055, 7.123034069000028 ], [ 171.318109247000052, 7.122906280000052 ], [ 171.318086353000012, 7.122766889000047 ], [ 171.318097801000022, 7.122604117000037 ], [ 171.318005510000035, 7.122545933000026 ], [ 171.317901770000049, 7.122557713000049 ], [ 171.317820926000081, 7.122685501000035 ], [ 171.317671042000029, 7.122801691000063 ], [ 171.317428869000082, 7.122976064000056 ], [ 171.317117655000061, 7.123103854000021 ], [ 171.317071508000026, 7.123301431000073 ], [ 171.316886927000041, 7.123626795000064 ], [ 171.316702344000078, 7.123905755000067 ], [ 171.316483422000033, 7.124103153000021 ], [ 171.316229800000087, 7.124172939000061 ], [ 171.315918227000111, 7.124184540000044 ], [ 171.315549423000107, 7.124207742000067 ], [ 171.315341947000093, 7.124219522000033 ], [ 171.315249654000013, 7.124277526000071 ], [ 171.315111218000084, 7.124405317000026 ], [ 171.314880491000054, 7.124568089000036 ], [ 171.314707714000065, 7.124637872000051 ], [ 171.314465539000025, 7.124684276000039 ], [ 171.314246257000036, 7.124649474000023 ], [ 171.314084927000067, 7.124707480000041 ], [ 171.314131074000102, 7.124847050000028 ], [ 171.314131074000102, 7.125009645000034 ], [ 171.314165414000058, 7.125184017000038 ], [ 171.314246257000036, 7.125346609000076 ], [ 171.314384694000069, 7.125509383000065 ], [ 171.314707714000065, 7.12563717200004 ], [ 171.314949888000115, 7.125683754000022 ], [ 171.315180257000065, 7.125718558000074 ], [ 171.315422432000105, 7.125788344000057 ], [ 171.315641712000115, 7.125927735000062 ], [ 171.316010520000077, 7.125962538000067 ], [ 171.316344986000104, 7.125881330000027 ], [ 171.316668002000029, 7.125706956000045 ], [ 171.316967771000122, 7.125509383000065 ], [ 171.317175247000023, 7.125346609000076 ], [ 171.317325130000086, 7.125044625000044 ], [ 171.317440315000113, 7.124777264000045 ], [ 171.317509713000049, 7.124521507000054 ], [ 171.317590557000017, 7.124242724000055 ], [ 171.317832731000067, 7.123998565000022 ], [ 171.318016957000054, 7.12381276900004 ], [ 171.318155392000108, 7.123603592000052 ], [ 171.318282381000017, 7.12338281500007 ], [ 171.318293828000037, 7.12322004300006 ] ] ], [ [ [ 171.247301267000012, 7.147951213000056 ], [ 171.247284455000113, 7.147763277000024 ], [ 171.247259058000054, 7.147660831000053 ], [ 171.247098085000061, 7.147592650000036 ], [ 171.246894900000029, 7.14760960600006 ], [ 171.246640564000018, 7.147754887000076 ], [ 171.24641198300003, 7.147857333000047 ], [ 171.246157645000039, 7.147899989000052 ], [ 171.245954463000089, 7.147899989000052 ], [ 171.245725881000112, 7.147985303000041 ], [ 171.245564908000119, 7.147968347000074 ], [ 171.245293759000106, 7.148045093000064 ], [ 171.245107388000065, 7.148156105000055 ], [ 171.244912432000092, 7.148224463000076 ], [ 171.244751460000089, 7.148378134000041 ], [ 171.244454913000027, 7.148446312000033 ], [ 171.244209517000058, 7.148540190000062 ], [ 171.243895800000018, 7.148617115000036 ], [ 171.243734828000015, 7.148745262000034 ], [ 171.243531644000086, 7.148898933000055 ], [ 171.243336687000124, 7.149035466000043 ], [ 171.242921735000095, 7.149172004000036 ], [ 171.242667758000039, 7.149197704000073 ], [ 171.242422005000094, 7.149180570000055 ], [ 171.242227049000121, 7.149274450000064 ], [ 171.242176253000025, 7.149445252000021 ], [ 171.24229501700006, 7.14961605700006 ], [ 171.242396606000057, 7.149855040000034 ], [ 171.242752177000057, 7.15000870800003 ], [ 171.242989345000069, 7.15000870800003 ], [ 171.243260494000083, 7.149931964000075 ], [ 171.243531644000086, 7.149829516000068 ], [ 171.243971993000059, 7.149692802000061 ], [ 171.244429514000103, 7.149581789000024 ], [ 171.244937830000026, 7.149479342000063 ], [ 171.245539510000071, 7.149274450000064 ], [ 171.24606463900011, 7.149069556000029 ], [ 171.24653038800011, 7.148924453000063 ], [ 171.246877730000051, 7.148839141000053 ], [ 171.247114898000063, 7.148608549000073 ], [ 171.247208262000072, 7.148352431000035 ], [ 171.247301267000012, 7.147951213000056 ] ] ], [ [ [ 171.347744688000034, 7.124277526000071 ], [ 171.347675649000053, 7.123905755000067 ], [ 171.347479621000048, 7.123580214000071 ], [ 171.347191301000066, 7.123371036000037 ], [ 171.34706466800003, 7.123347834000072 ], [ 171.346902979000106, 7.123406018000026 ], [ 171.346753096000043, 7.12344082200002 ], [ 171.346557068000038, 7.123406018000026 ], [ 171.346372485000074, 7.12332463100006 ], [ 171.346061273000032, 7.123243246000072 ], [ 171.345784397000102, 7.123243246000072 ], [ 171.345542222000063, 7.12332463100006 ], [ 171.345334747000038, 7.123371036000037 ], [ 171.345173417000069, 7.123487405000049 ], [ 171.345115824000118, 7.123684802000071 ], [ 171.345150164000074, 7.123928960000057 ], [ 171.345231009000031, 7.124161337000032 ], [ 171.345392338000124, 7.124358913000037 ], [ 171.345565475000058, 7.124451901000043 ], [ 171.34585379400005, 7.124684276000039 ], [ 171.34616500900006, 7.124905056000046 ], [ 171.346499473000108, 7.125102630000072 ], [ 171.34678779300009, 7.125125833000027 ], [ 171.347110812000096, 7.125091029000032 ], [ 171.347352630000046, 7.124986441000033 ], [ 171.347537211000031, 7.124765665000041 ], [ 171.347664202000033, 7.124533285000041 ], [ 171.347744688000034, 7.124277526000071 ] ] ], [ [ [ 171.330032677000077, 7.120919105000041 ], [ 171.32990604400004, 7.120779714000037 ], [ 171.329779055000017, 7.120582138000032 ], [ 171.329721465000034, 7.120407764000049 ], [ 171.329583025000034, 7.120407764000049 ], [ 171.329456037000114, 7.12053555600005 ], [ 171.329283260000125, 7.120663345000025 ], [ 171.329052531000116, 7.120686725000041 ], [ 171.328706619000059, 7.120686725000041 ], [ 171.328429747000087, 7.120674947000055 ], [ 171.32816467900011, 7.120605341000044 ], [ 171.327933950000102, 7.120500752000055 ], [ 171.327749369000117, 7.120372962000033 ], [ 171.32764563000012, 7.120454170000073 ], [ 171.32762273700007, 7.120570360000045 ], [ 171.32764563000012, 7.120721530000026 ], [ 171.327703222000082, 7.120942308000053 ], [ 171.327784066000049, 7.121186284000032 ], [ 171.327899252000066, 7.121395462000066 ], [ 171.328049492000105, 7.121488449000026 ], [ 171.328256969000108, 7.121674423000059 ], [ 171.328510591000054, 7.121941783000068 ], [ 171.328741319000073, 7.122034771000074 ], [ 171.328925543000082, 7.122069574000022 ], [ 171.329294707000031, 7.122081175000062 ], [ 171.329525434000061, 7.121988187000056 ], [ 171.329675317000124, 7.12186039900007 ], [ 171.329813753000053, 7.121651222000025 ], [ 171.32990604400004, 7.121418844000061 ], [ 171.329997979000041, 7.121128282000029 ], [ 171.330032677000077, 7.120919105000041 ] ] ], [ [ [ 171.238808344000063, 7.151252166000063 ], [ 171.238808344000063, 7.151039774000026 ], [ 171.238797256000112, 7.150896101000058 ], [ 171.238745744000084, 7.150758317000054 ], [ 171.238637357000016, 7.150695134000046 ], [ 171.238586203000068, 7.150683713000035 ], [ 171.238461002000122, 7.150809896000055 ], [ 171.238335443000096, 7.150953572000049 ], [ 171.238050699000041, 7.151217718000055 ], [ 171.237777047000122, 7.151435998000068 ], [ 171.237532011000098, 7.151665699000034 ], [ 171.237327040000082, 7.151809374000038 ], [ 171.237030491000041, 7.15202176300005 ], [ 171.236762561000091, 7.152153837000071 ], [ 171.236557590000075, 7.15234909000003 ], [ 171.236546142000066, 7.152458319000061 ], [ 171.236580482000022, 7.152555947000053 ], [ 171.236677066000084, 7.152670708000073 ], [ 171.236870948000046, 7.152768335000076 ], [ 171.237059108000039, 7.15277422500003 ], [ 171.237332403000096, 7.152722468000036 ], [ 171.237588887000015, 7.152619129000072 ], [ 171.237902248000069, 7.152452609000022 ], [ 171.238215967000087, 7.152263066000046 ], [ 171.238472450000017, 7.152073521000034 ], [ 171.238597650000088, 7.151907001000041 ], [ 171.238711762000094, 7.151683010000056 ], [ 171.238762915000052, 7.151493466000034 ], [ 171.238808344000063, 7.151252166000063 ] ] ], [ [ [ 171.248919224000019, 7.147951213000056 ], [ 171.248919224000019, 7.147788976000072 ], [ 171.248877012000094, 7.14760960600006 ], [ 171.248775420000015, 7.147421847000032 ], [ 171.24867382900004, 7.147310835000042 ], [ 171.248538253000106, 7.14724265600006 ], [ 171.248402679000037, 7.14724265600006 ], [ 171.248267104000092, 7.147268177000058 ], [ 171.248148342000036, 7.147310835000042 ], [ 171.248029938000059, 7.147310835000042 ], [ 171.247928347000084, 7.147310835000042 ], [ 171.247843567000018, 7.147362057000066 ], [ 171.247707993000063, 7.147507160000032 ], [ 171.247631799000033, 7.147660831000053 ], [ 171.247665780000034, 7.147780409000063 ], [ 171.247682594000025, 7.147942646000047 ], [ 171.247733390000121, 7.148138973000073 ], [ 171.247843567000018, 7.148343867000051 ], [ 171.248004540000125, 7.148463445000061 ], [ 171.248233120000123, 7.148540190000062 ], [ 171.24843666300012, 7.14855732500007 ], [ 171.248648432000095, 7.148506102000056 ], [ 171.248766836000073, 7.14839508700004 ], [ 171.248843030000103, 7.148241418000055 ], [ 171.248902410000028, 7.148122016000059 ], [ 171.248919224000019, 7.147951213000056 ] ] ], [ [ [ 171.352138171000092, 7.124242724000055 ], [ 171.352138171000092, 7.124045147000061 ], [ 171.352022987000055, 7.123917357000039 ], [ 171.351895997000042, 7.12370818100004 ], [ 171.351653823000106, 7.12355701000007 ], [ 171.351503938000064, 7.12355701000007 ], [ 171.351423452000063, 7.123591991000069 ], [ 171.351261765000118, 7.123731383000063 ], [ 171.351261765000118, 7.123835971000062 ], [ 171.351250318000098, 7.124045147000061 ], [ 171.35129646300004, 7.124242724000055 ], [ 171.351331159000097, 7.124370513000031 ], [ 171.351365860000101, 7.124568089000036 ], [ 171.351423452000063, 7.124730861000046 ], [ 171.351446347000092, 7.124881854000023 ], [ 171.35151574300005, 7.125009645000034 ], [ 171.351642377000076, 7.125032844000032 ], [ 171.351723219000064, 7.125009645000034 ], [ 171.351780812000015, 7.124916656000039 ], [ 171.351849850000121, 7.124847050000028 ], [ 171.351953946000094, 7.124707480000041 ], [ 171.352057683000112, 7.124591292000048 ], [ 171.352115277000053, 7.124405317000026 ], [ 171.352138171000092, 7.124242724000055 ] ] ] ] } },
{ "type": "Feature", "properties": { "ADM0_EN": "Republic of the Marshall Islands", "ADM0_PCODE": "MH", "ADM1_EN": "Majuro", "ADM1_PCODE": "MH15", "ADM2_EN": "Ajeltake", "ADM2_PCODE": "MH1517", "Shape_Leng": 0.18525331915000001, "Shape_Area": 9.810667e-05, "ADM0_EN_2": "Republic of the Marshall Islands", "ADM0_PCODE_2": "MH", "ADM1_EN_2": "Majuro", "ADM1_PCODE_2": "MH15", "ADM2_EN_2": "Ajeltake", "ADM2_PCODE_2": "MH1517", "Shape_Leng_2": 0.18525331915000001, "Shape_Area_2": 9.810667e-05, "xcoord": 171.19370079064277, "ycoord": 7.0651995925000506 }, "geometry": { "type": "MultiPolygon", "coordinates": [ [ [ [ 171.250924585000121, 7.058649001000049 ], [ 171.250853757000073, 7.058602953000047 ], [ 171.2508144090001, 7.058582072000036 ], [ 171.250744654000073, 7.058567971000059 ], [ 171.250634477000062, 7.058524066000075 ], [ 171.250506414000029, 7.058461065000074 ], [ 171.250323264000031, 7.058379500000058 ], [ 171.250161217000027, 7.058288655000069 ], [ 171.249968766000052, 7.058209409000028 ], [ 171.249714071000085, 7.058081439000034 ], [ 171.249547374000031, 7.057978994000052 ], [ 171.249428970000054, 7.057904391000022 ], [ 171.24932022400003, 7.057874049000077 ], [ 171.248845532000018, 7.057676294000032 ], [ 171.246878805000051, 7.056868325000039 ], [ 171.245489073000044, 7.056393575000072 ], [ 171.24538748100008, 7.05631932600005 ], [ 171.245348132000117, 7.056105510000066 ], [ 171.245408228000088, 7.055881163000038 ], [ 171.245340619000103, 7.055778181000051 ], [ 171.245242964000113, 7.055719819000046 ], [ 171.245045862000097, 7.055698938000035 ], [ 171.244925668000064, 7.05571999700004 ], [ 171.244722484000022, 7.055620050000073 ], [ 171.244638421000104, 7.055526705000034 ], [ 171.24453647100006, 7.055564008000033 ], [ 171.244103277000022, 7.055508324000073 ], [ 171.243862530000115, 7.055580784000028 ], [ 171.243762730000071, 7.055594884000072 ], [ 171.24366292600007, 7.055662529000074 ], [ 171.243628229000024, 7.05573017200004 ], [ 171.243447938000031, 7.055762831000038 ], [ 171.243249047000063, 7.055746592000048 ], [ 171.24295965400006, 7.055686086000037 ], [ 171.242163018000042, 7.055456742000047 ], [ 171.24153057400008, 7.055262559000028 ], [ 171.241338480000081, 7.055183493000072 ], [ 171.241134937000083, 7.055113350000056 ], [ 171.240854131000106, 7.055032143000062 ], [ 171.240628410000113, 7.055007514000067 ], [ 171.240215962000093, 7.054913635000048 ], [ 171.239741988000105, 7.054777991000037 ], [ 171.239246907000052, 7.054641454000034 ], [ 171.239202909000028, 7.054599334000045 ], [ 171.239084501000093, 7.054578451000054 ], [ 171.238715339000123, 7.054486893000046 ], [ 171.238303964000124, 7.054362135000076 ], [ 171.238063221000061, 7.054322515000024 ], [ 171.238007416000073, 7.054338935000033 ], [ 171.237773827000069, 7.05429717100003 ], [ 171.237627879000115, 7.054245947000027 ], [ 171.237238682000111, 7.05418312300003 ], [ 171.236824088000049, 7.054078357000037 ], [ 171.236425949000022, 7.05399465000005 ], [ 171.236307902000021, 7.053955208000048 ], [ 171.236194865000016, 7.053937002000055 ], [ 171.235939096000038, 7.053890061000061 ], [ 171.235624662000077, 7.053850798000042 ], [ 171.23553237100009, 7.053759952000064 ], [ 171.235358162000011, 7.053661967000039 ], [ 171.23515068800009, 7.05372443400006 ], [ 171.235018331000106, 7.053765842000075 ], [ 171.234883114000013, 7.053776371000026 ], [ 171.234506796000119, 7.053734607000024 ], [ 171.234149078000087, 7.053678922000074 ], [ 171.233808891000081, 7.053604497000038 ], [ 171.233533805000093, 7.053440477000038 ], [ 171.233260150000092, 7.05337229600002 ], [ 171.232900645000086, 7.05334606100007 ], [ 171.232766502000118, 7.053313936000052 ], [ 171.23193230600009, 7.053169369000045 ], [ 171.231622521000077, 7.053085661000068 ], [ 171.231196122000028, 7.053066921000038 ], [ 171.230979346000026, 7.053077453000071 ], [ 171.230510380000055, 7.053093156000045 ], [ 171.230291098000066, 7.053140813000027 ], [ 171.228729663000081, 7.053236298000058 ], [ 171.228316857000095, 7.053348738000068 ], [ 171.227858979000075, 7.053418523000062 ], [ 171.227664381000068, 7.053469924000069 ], [ 171.227192553000123, 7.053554523000059 ], [ 171.226896002000103, 7.053599678000069 ], [ 171.226775095000107, 7.053617168000073 ], [ 171.226550449000115, 7.053722293000021 ], [ 171.226309706000052, 7.053873998000029 ], [ 171.225962362000018, 7.053962704000071 ], [ 171.225733066000089, 7.054063006000035 ], [ 171.225045532000081, 7.054207930000075 ], [ 171.224864886000091, 7.054282536000073 ], [ 171.224633444000119, 7.054340897000031 ], [ 171.224471397000116, 7.054366599000048 ], [ 171.224253548000092, 7.054401759000029 ], [ 171.224140151000029, 7.054450840000072 ], [ 171.223782075000031, 7.054531155000063 ], [ 171.222881344000029, 7.054706242000066 ], [ 171.222769378000066, 7.054721770000072 ], [ 171.222456733000058, 7.05480119200007 ], [ 171.222102236000069, 7.05495307700005 ], [ 171.221496262000073, 7.055185812000047 ], [ 171.221414345000085, 7.055207408000058 ], [ 171.22116931100004, 7.055345014000068 ], [ 171.220864891000019, 7.055413014000067 ], [ 171.220555466000064, 7.055515641000056 ], [ 171.220152318000032, 7.055711788000053 ], [ 171.220006729000033, 7.055849394000063 ], [ 171.219858632000069, 7.056021983000051 ], [ 171.219638996000072, 7.056145310000034 ], [ 171.219444040000099, 7.056248114000027 ], [ 171.219240497000101, 7.056388041000048 ], [ 171.218953252000119, 7.05648138600003 ], [ 171.218659565000053, 7.056621491000044 ], [ 171.218415603000039, 7.056698594000068 ], [ 171.218228873000044, 7.056784797000034 ], [ 171.217476236000039, 7.057087140000021 ], [ 171.217085251000071, 7.057247056000051 ], [ 171.216820898000037, 7.057463907000056 ], [ 171.216578009000045, 7.057585273000029 ], [ 171.216439215000037, 7.057613294000021 ], [ 171.216315087000112, 7.057646490000025 ], [ 171.215623977000064, 7.057858521000071 ], [ 171.214635246000057, 7.058301863000054 ], [ 171.21431580400008, 7.058390565000025 ], [ 171.213421870000047, 7.05873592100005 ], [ 171.213241223000068, 7.058780538000065 ], [ 171.213155728000061, 7.058852646000048 ], [ 171.21295254600011, 7.05889922700004 ], [ 171.212935731000016, 7.058866745000046 ], [ 171.211849703000098, 7.059200678000025 ], [ 171.211643657000081, 7.05923333800007 ], [ 171.211353906000113, 7.059357023000075 ], [ 171.211138917000085, 7.059483029000035 ], [ 171.210939669000027, 7.059504089000029 ], [ 171.210680324000123, 7.059564772000044 ], [ 171.210206349000032, 7.059697381000035 ], [ 171.209992791000104, 7.059781801000042 ], [ 171.209839689000091, 7.059772700000053 ], [ 171.209022305000076, 7.060029531000055 ], [ 171.208476070000074, 7.060169635000022 ], [ 171.208042876000036, 7.060272438000027 ], [ 171.207612184000027, 7.060435922000067 ], [ 171.207406138000124, 7.060559431000058 ], [ 171.20716539600005, 7.060678474000042 ], [ 171.206730053000115, 7.060774141000024 ], [ 171.206341216000055, 7.060860523000031 ], [ 171.205841126000109, 7.060977426000022 ], [ 171.205530985000109, 7.061004376000028 ], [ 171.204768690000037, 7.061082727000041 ], [ 171.204629896000029, 7.061138770000071 ], [ 171.204507556000067, 7.06110146900005 ], [ 171.204326550000019, 7.061141269000075 ], [ 171.204127302000074, 7.061213553000073 ], [ 171.203939501000036, 7.06131635600002 ], [ 171.20393914400006, 7.061370257000021 ], [ 171.20383254300009, 7.061439506000056 ], [ 171.203351414000053, 7.061724535000053 ], [ 171.202937177000081, 7.061824840000043 ], [ 171.202518291000047, 7.061906583000052 ], [ 171.202309741000022, 7.061904441000024 ], [ 171.202175239000098, 7.062000106000028 ], [ 171.20209439600012, 7.062004745000024 ], [ 171.202017486000045, 7.062044545000049 ], [ 171.201985291000028, 7.062081848000048 ], [ 171.201918041000113, 7.062091129000066 ], [ 171.201836840000055, 7.062123791000033 ], [ 171.2017001910001, 7.062170015000049 ], [ 171.20159430800004, 7.062165911000022 ], [ 171.201501300000018, 7.062198573000046 ], [ 171.201165763000063, 7.062247653000043 ], [ 171.200875654000015, 7.062348316000055 ], [ 171.200834517000089, 7.062389902000064 ], [ 171.200728274000085, 7.062390080000057 ], [ 171.200708957000074, 7.06242756000006 ], [ 171.200595560000124, 7.062466646000075 ], [ 171.200424572000088, 7.062506805000055 ], [ 171.200355174000038, 7.062593010000057 ], [ 171.20027433100006, 7.062599970000065 ], [ 171.199966336000102, 7.062721335000049 ], [ 171.199689105000061, 7.062783445000036 ], [ 171.198984404000043, 7.062931581000043 ], [ 171.198368770000116, 7.063001366000037 ], [ 171.197925201000089, 7.063124517000062 ], [ 171.197498087000099, 7.063304957000071 ], [ 171.197164336000014, 7.06348504400006 ], [ 171.196993349000081, 7.063547332000041 ], [ 171.196373781000034, 7.063762577000034 ], [ 171.19605076400012, 7.06383039800005 ], [ 171.195767093000086, 7.063939447000052 ], [ 171.195612917000062, 7.064012446000049 ], [ 171.195499520000112, 7.06401958500004 ], [ 171.19538827100007, 7.06405688500007 ], [ 171.194901417000096, 7.064183248000063 ], [ 171.19447609000008, 7.064336917000048 ], [ 171.194332648000113, 7.064353339000036 ], [ 171.194233203000067, 7.064386179000053 ], [ 171.194033595000064, 7.064428120000059 ], [ 171.193929499000092, 7.06449344400005 ], [ 171.193505246000086, 7.064592678000054 ], [ 171.193228017000024, 7.064633549000064 ], [ 171.193003370000042, 7.064715294000052 ], [ 171.1927300750001, 7.064747953000051 ], [ 171.19251401300005, 7.064798462000056 ], [ 171.191729897000073, 7.064969800000028 ], [ 171.191665149000073, 7.064932679000037 ], [ 171.191528144000017, 7.064990861000069 ], [ 171.191375041000015, 7.064993540000046 ], [ 171.191227305000098, 7.065047082000035 ], [ 171.191111403000036, 7.065067964000036 ], [ 171.191050594000103, 7.065147566000064 ], [ 171.190912156000081, 7.065243051000039 ], [ 171.190573755000059, 7.065338894000035 ], [ 171.190504357000123, 7.065406360000054 ], [ 171.190330865000078, 7.065455083000074 ], [ 171.190002122000124, 7.065513802000055 ], [ 171.189249842000095, 7.065679608000039 ], [ 171.189064545000065, 7.06568906800004 ], [ 171.189036287000022, 7.065731011000025 ], [ 171.188756551000097, 7.065756710000073 ], [ 171.188496849000103, 7.065803473000074 ], [ 171.188310479000052, 7.065835420000042 ], [ 171.187762812000074, 7.066034600000023 ], [ 171.187565711000047, 7.06614436600006 ], [ 171.187329617000046, 7.06634729700005 ], [ 171.187264513000059, 7.066461699000058 ], [ 171.187153620000117, 7.066550225000071 ], [ 171.187072776000036, 7.066613227000062 ], [ 171.186894276000089, 7.066725132000045 ], [ 171.186857073000056, 7.066788135000024 ], [ 171.186709336000035, 7.066906288000041 ], [ 171.186683939000091, 7.06688130200007 ], [ 171.186565534000124, 7.066895402000057 ], [ 171.186466446000054, 7.066960368000025 ], [ 171.186425308000025, 7.066937343000063 ], [ 171.18619994800008, 7.067070310000076 ], [ 171.18599891000008, 7.067077270000027 ], [ 171.185970293000082, 7.067152231000023 ], [ 171.185655858000018, 7.067296620000036 ], [ 171.185581810000031, 7.06729679700004 ], [ 171.185113201000036, 7.067505260000075 ], [ 171.184650673000078, 7.067737818000069 ], [ 171.184164534000047, 7.067973408000057 ], [ 171.183942392000063, 7.068019991000028 ], [ 171.183801094000046, 7.068101735000027 ], [ 171.183680185000071, 7.068111372000033 ], [ 171.183675536000123, 7.068164916000057 ], [ 171.183601845000112, 7.068190439000034 ], [ 171.18354389600006, 7.068248803000074 ], [ 171.183448744000088, 7.068325904000062 ], [ 171.183471638000015, 7.068400685000029 ], [ 171.183337493000067, 7.068459404000066 ], [ 171.18331674500007, 7.068596655000022 ], [ 171.183247350000102, 7.068706062000047 ], [ 171.183057760000111, 7.068878292000022 ], [ 171.182979418000059, 7.068897033000042 ], [ 171.182830965000107, 7.068985737000048 ], [ 171.182275073000028, 7.069245957000021 ], [ 171.182135920000064, 7.069289149000042 ], [ 171.181628676000059, 7.069497968000064 ], [ 171.181235546000039, 7.069623974000024 ], [ 171.180617412000061, 7.06987616300006 ], [ 171.180613117000121, 7.069959691000065 ], [ 171.1805494460001, 7.070016448000047 ], [ 171.180211761000123, 7.070153518000041 ], [ 171.180062950000092, 7.070203136000032 ], [ 171.179249143000106, 7.070538495000051 ], [ 171.178677511000046, 7.070794076000027 ], [ 171.17823394200002, 7.070973267000056 ], [ 171.177884451000068, 7.071114444000045 ], [ 171.177244852000058, 7.071337185000061 ], [ 171.176794845000018, 7.071532083000022 ], [ 171.17663780700002, 7.071658089000039 ], [ 171.176391340000123, 7.071766069000034 ], [ 171.176269715000103, 7.071819967000067 ], [ 171.176186725000093, 7.071849953000026 ], [ 171.175684132000015, 7.072010762000048 ], [ 171.175580395000111, 7.072057701000062 ], [ 171.175347880000118, 7.072100893000027 ], [ 171.175148273000104, 7.072190846000069 ], [ 171.174840994000078, 7.072252063000064 ], [ 171.174779823000108, 7.072299003000069 ], [ 171.174683598000115, 7.07233844600006 ], [ 171.174548023000057, 7.072342196000022 ], [ 171.174358433000066, 7.072403413000075 ], [ 171.174269003000063, 7.072482656000034 ], [ 171.174047576000021, 7.07261580200003 ], [ 171.173908066000081, 7.072784999000021 ], [ 171.173568951000107, 7.073061998000071 ], [ 171.173450905000095, 7.07311482700004 ], [ 171.173047398000108, 7.073267068000064 ], [ 171.172722236000027, 7.073407530000054 ], [ 171.172475766000048, 7.073544243000072 ], [ 171.172265072000073, 7.073623489000056 ], [ 171.171896622000077, 7.073789473000033 ], [ 171.171825436000063, 7.073882818000072 ], [ 171.171293154000068, 7.074187837000068 ], [ 171.170954037000115, 7.074379342000043 ], [ 171.170835991000104, 7.074519806000069 ], [ 171.170597036000117, 7.074649024000053 ], [ 171.170525850000104, 7.074609580000072 ], [ 171.170285823000086, 7.074804121000057 ], [ 171.170292620000055, 7.074890683000035 ], [ 171.170015032000038, 7.07502882600005 ], [ 171.16989662800006, 7.075127881000071 ], [ 171.16980004200002, 7.075156794000065 ], [ 171.169664466000086, 7.075261025000032 ], [ 171.169557153000028, 7.075293507000026 ], [ 171.169310685000028, 7.075430223000069 ], [ 171.168685037000046, 7.075712396000029 ], [ 171.168133795000017, 7.075954946000024 ], [ 171.167888045000041, 7.076040259000024 ], [ 171.16747809900005, 7.076182508000045 ], [ 171.166979443000059, 7.076239441000041 ], [ 171.167011278000018, 7.076427021000029 ], [ 171.167137911000054, 7.076589081000066 ], [ 171.167199080000046, 7.076662614000043 ], [ 171.167265973000099, 7.076783264000028 ], [ 171.167350752000061, 7.076951390000033 ], [ 171.167317126000057, 7.077256053000042 ], [ 171.167885539000054, 7.077078468000025 ], [ 171.168043291000117, 7.077052946000038 ], [ 171.168223940000075, 7.077023854000061 ], [ 171.168433920000098, 7.076990122000041 ], [ 171.168491155000083, 7.077016892000074 ], [ 171.168632096000124, 7.077059014000042 ], [ 171.168807736000076, 7.07702438900003 ], [ 171.169108933000075, 7.076962994000041 ], [ 171.169219110000085, 7.076920514000051 ], [ 171.169454130000076, 7.076833059000023 ], [ 171.169744954000066, 7.076731149000068 ], [ 171.169977828000015, 7.076632629000073 ], [ 171.170037208000053, 7.07662870300004 ], [ 171.1702103450001, 7.076617102000057 ], [ 171.170451444000037, 7.076527327000065 ], [ 171.170597752000049, 7.076461112000061 ], [ 171.17085566500009, 7.076331714000048 ], [ 171.170987665000098, 7.076263894000022 ], [ 171.171248798000079, 7.076153951000038 ], [ 171.17153246700002, 7.076006707000033 ], [ 171.171665895000046, 7.076002779000021 ], [ 171.171777147000057, 7.075953877000074 ], [ 171.171918086000119, 7.07589176700003 ], [ 171.171996068000112, 7.075854287000027 ], [ 171.172192098000096, 7.075745414000039 ], [ 171.17226650300006, 7.075713824000047 ], [ 171.172534791000089, 7.075599598000053 ], [ 171.172676089000106, 7.075538202000075 ], [ 171.172782689000087, 7.075457530000051 ], [ 171.172999823000055, 7.075319387000036 ], [ 171.173194061000117, 7.07522158200004 ], [ 171.173491683000066, 7.07507808500003 ], [ 171.173819353000113, 7.074934768000048 ], [ 171.174074764000125, 7.074800909000032 ], [ 171.174169558000017, 7.074724163000042 ], [ 171.174269003000063, 7.074697392000076 ], [ 171.174411017000011, 7.074607438000044 ], [ 171.17460346900009, 7.074511240000049 ], [ 171.175062063000041, 7.07427457600005 ], [ 171.175354676000097, 7.074117695000041 ], [ 171.175678768000012, 7.074052194000046 ], [ 171.176067249000084, 7.073887101000025 ], [ 171.176143799000101, 7.073810177000041 ], [ 171.176338041000122, 7.073664539000049 ], [ 171.17645608700002, 7.073616885000035 ], [ 171.176605611000014, 7.073554240000021 ], [ 171.176787690000083, 7.073476423000045 ], [ 171.176911817000018, 7.073397536000073 ], [ 171.177065638000045, 7.073299729000041 ], [ 171.177234480000038, 7.073202995000031 ], [ 171.177454475000104, 7.073077166000076 ], [ 171.177618669000026, 7.073009703000025 ], [ 171.178006075000098, 7.072840861000032 ], [ 171.178190657000073, 7.072749659000067 ], [ 171.178399206000108, 7.072651319000045 ], [ 171.1786159830001, 7.072557798000048 ], [ 171.178849931000059, 7.072469272000035 ], [ 171.179003033000072, 7.072393419000036 ], [ 171.179161501000067, 7.072309177000022 ], [ 171.179226965000112, 7.072289367000053 ], [ 171.179323547000081, 7.072260095000047 ], [ 171.179645494000056, 7.072163182000054 ], [ 171.179779996000093, 7.072086972000022 ], [ 171.17998460900003, 7.071971138000038 ], [ 171.180037908000031, 7.071894572000076 ], [ 171.180132704000016, 7.071894572000076 ], [ 171.180191728000068, 7.071856377000074 ], [ 171.180279369000118, 7.071802654000066 ], [ 171.180394912000111, 7.071740901000055 ], [ 171.180716499000027, 7.071560283000053 ], [ 171.181116069000041, 7.071291854000037 ], [ 171.1812151580001, 7.071318623000025 ], [ 171.181371479000063, 7.071291673000076 ], [ 171.181436584000039, 7.071218675000068 ], [ 171.181600417000027, 7.071168701000033 ], [ 171.181779276000043, 7.071053583000037 ], [ 171.181916639000065, 7.071022706000065 ], [ 171.182011792000026, 7.070935253000073 ], [ 171.182286163000072, 7.07075784400007 ], [ 171.182486842000117, 7.070647724000025 ], [ 171.182621343000051, 7.070573656000022 ], [ 171.18270111400011, 7.070562233000032 ], [ 171.182765146000065, 7.070549382000024 ], [ 171.182812006000063, 7.070523681000054 ], [ 171.182869598000025, 7.07048388100003 ], [ 171.183023775000038, 7.070404994000057 ], [ 171.183340712000017, 7.070262924000076 ], [ 171.183512775000054, 7.070199745000025 ], [ 171.183572871000024, 7.070181181000066 ], [ 171.18389159700007, 7.070061423000027 ], [ 171.18426863000002, 7.069909539000037 ], [ 171.184504009000079, 7.069811911000045 ], [ 171.184575911000024, 7.069792814000039 ], [ 171.184643161000054, 7.069765329000063 ], [ 171.184709697000017, 7.06972838300004 ], [ 171.184803061000025, 7.069674305000035 ], [ 171.184872458000086, 7.069629863000046 ], [ 171.185010179000074, 7.06956436300004 ], [ 171.185307799000043, 7.069398913000043 ], [ 171.185497389000034, 7.069293969000057 ], [ 171.185871205000012, 7.069121023000037 ], [ 171.186317277000057, 7.068925411000066 ], [ 171.18661132200009, 7.068801726000061 ], [ 171.186714344000052, 7.06874711200004 ], [ 171.186861365000027, 7.068668224000021 ], [ 171.187060614000075, 7.06855435500006 ], [ 171.187312804000044, 7.068458691000046 ], [ 171.187481647000027, 7.06841442700005 ], [ 171.187625092000076, 7.068411929000035 ], [ 171.187747074000072, 7.068371594000041 ], [ 171.187844730000052, 7.068341430000032 ], [ 171.187951687000123, 7.068311625000035 ], [ 171.188040044000104, 7.068264863000024 ], [ 171.188165243000071, 7.068183120000072 ], [ 171.188241437000102, 7.068115478000038 ], [ 171.188287942000102, 7.068085136000036 ], [ 171.188369500000022, 7.068036591000066 ], [ 171.188477532000093, 7.067980191000061 ], [ 171.188579840000102, 7.067911656000035 ], [ 171.188706828000022, 7.067824023000071 ], [ 171.188864224000099, 7.06774709900003 ], [ 171.189007670000024, 7.067714437000063 ], [ 171.189121065000109, 7.067702657000041 ], [ 171.189238753000041, 7.067704978000052 ], [ 171.189297062000037, 7.06773282100005 ], [ 171.189394361000041, 7.067688558000043 ], [ 171.189563561000114, 7.067590574000064 ], [ 171.189755296000044, 7.067555949000052 ], [ 171.190027877000034, 7.067453859000068 ], [ 171.190216395000107, 7.067385146000049 ], [ 171.190445691000036, 7.067389786000035 ], [ 171.190848481000103, 7.06724039900007 ], [ 171.190906073000065, 7.067252001000043 ], [ 171.190991926000038, 7.067263602000025 ], [ 171.19108493400006, 7.067226299000026 ], [ 171.191362522000077, 7.067202921000046 ], [ 171.191543527000022, 7.067153659000041 ], [ 171.19163581600003, 7.067104756000049 ], [ 171.19172345800007, 7.06710707700006 ], [ 171.191783555000029, 7.067123317000039 ], [ 171.191875130000085, 7.067093156000055 ], [ 171.191918415000032, 7.06708833600004 ], [ 171.191974217000052, 7.067057996000074 ], [ 171.192080460000057, 7.067055674000073 ], [ 171.192323709000107, 7.066964651000035 ], [ 171.192527606000112, 7.066955192000023 ], [ 171.192652449000093, 7.066889870000068 ], [ 171.192781585000034, 7.066860419000022 ], [ 171.193006590000095, 7.066808838000043 ], [ 171.19313787100009, 7.066768146000072 ], [ 171.193434419000027, 7.066670876000046 ], [ 171.193599686000084, 7.066616798000041 ], [ 171.193652984000096, 7.066584136000074 ], [ 171.193688757000018, 7.066577353000071 ], [ 171.193777828000066, 7.066560755000069 ], [ 171.193914476000032, 7.066511673000036 ], [ 171.194028231000061, 7.066453310000043 ], [ 171.194141628000125, 7.066392628000074 ], [ 171.194243217000121, 7.066327840000042 ], [ 171.194303674000025, 7.066294644000038 ], [ 171.194377719000045, 7.06624110100006 ], [ 171.194486466000058, 7.066222363000065 ], [ 171.194701454000096, 7.066097961000025 ], [ 171.194969385000036, 7.065960890000042 ], [ 171.195248047000064, 7.065825781000058 ], [ 171.195324597000081, 7.06581168200006 ], [ 171.195478058000049, 7.065734046000046 ], [ 171.195827905000101, 7.065562169000032 ], [ 171.196048976000043, 7.065430810000066 ], [ 171.196294726000019, 7.065275179000025 ], [ 171.196389522000118, 7.065251798000077 ], [ 171.196457131000102, 7.065156134000063 ], [ 171.196554071000037, 7.065132752000068 ], [ 171.196646719000114, 7.065062789000024 ], [ 171.196790165000039, 7.065016206000053 ], [ 171.196977967000066, 7.064918044000024 ], [ 171.197237312000084, 7.06477579500006 ], [ 171.197325309000121, 7.064701014000036 ], [ 171.197475909000104, 7.064619450000066 ], [ 171.197531355000024, 7.064572866000049 ], [ 171.197631515000012, 7.064556448000076 ], [ 171.197716295000077, 7.064542526000025 ], [ 171.197800001000019, 7.064542526000025 ], [ 171.197892291000016, 7.06453074500007 ], [ 171.197946308000041, 7.064490945000045 ], [ 171.198042889000021, 7.064419374000067 ], [ 171.198158790000093, 7.064383856000063 ], [ 171.198362690000067, 7.064315144000034 ], [ 171.198627042000112, 7.064230010000074 ], [ 171.198888176000082, 7.064168970000026 ], [ 171.199101017000089, 7.064089728000056 ], [ 171.199201894000112, 7.064076341000032 ], [ 171.199406868000096, 7.064033506000044 ], [ 171.199747055000103, 7.063983532000066 ], [ 171.199835055000108, 7.063970503000064 ], [ 171.199921264000068, 7.06391196200002 ], [ 171.199977425000043, 7.063887154000042 ], [ 171.200364832000105, 7.063706534000062 ], [ 171.200725411000121, 7.063526449000051 ], [ 171.201192591000108, 7.063304957000071 ], [ 171.201322799000081, 7.063273724000055 ], [ 171.201573917000019, 7.06320161900004 ], [ 171.202009617000044, 7.063067760000024 ], [ 171.202324766000061, 7.063006364000046 ], [ 171.202484307000077, 7.062901596000074 ], [ 171.202527948000125, 7.062899279000021 ], [ 171.202650647000041, 7.062910879000071 ], [ 171.202692855000123, 7.06284555600007 ], [ 171.202808399000105, 7.062826815000051 ], [ 171.2029679420001, 7.062796473000049 ], [ 171.203147516000058, 7.062729902000058 ], [ 171.203373236000061, 7.062649407000038 ], [ 171.203544939000039, 7.062539644000026 ], [ 171.203695180000068, 7.062489136000067 ], [ 171.203871178000099, 7.062430060000054 ], [ 171.204049320000081, 7.062395077000076 ], [ 171.204194195000014, 7.062375981000059 ], [ 171.204405963000113, 7.062348139000051 ], [ 171.204641343000048, 7.062280495000039 ], [ 171.204991905000043, 7.062173051000059 ], [ 171.205317071000081, 7.06209487700005 ], [ 171.205607895000071, 7.062042227000063 ], [ 171.205714493000073, 7.061932640000066 ], [ 171.205870459000039, 7.061907118000022 ], [ 171.206066128000089, 7.061890519000031 ], [ 171.206179884000107, 7.061876598000026 ], [ 171.206247135000012, 7.06184625800006 ], [ 171.20651792600006, 7.061831978000043 ], [ 171.206720753000013, 7.061770405000061 ], [ 171.20700978900004, 7.061685627000031 ], [ 171.207133916000089, 7.061652251000055 ], [ 171.207207962000098, 7.061647611000069 ], [ 171.20765296400009, 7.061469312000042 ], [ 171.20796990000008, 7.06136508000003 ], [ 171.208053250000034, 7.06130921700003 ], [ 171.208466412000121, 7.061197132000075 ], [ 171.208840584000086, 7.061066308000022 ], [ 171.209162531000061, 7.060907464000024 ], [ 171.209548150000046, 7.060767715000054 ], [ 171.209950582000033, 7.060648848000028 ], [ 171.2102431940001, 7.060563893000051 ], [ 171.210546895000107, 7.060461803000067 ], [ 171.210619871000063, 7.060461803000067 ], [ 171.210806241000114, 7.060450022000055 ], [ 171.210962562000077, 7.060458768000046 ], [ 171.211084188000086, 7.060463944000048 ], [ 171.21133923900004, 7.060372742000027 ], [ 171.211417937000078, 7.060314380000023 ], [ 171.211556731000087, 7.060195514000043 ], [ 171.211906221000049, 7.060062548000076 ], [ 171.211959522000029, 7.060032206000074 ], [ 171.21201747200007, 7.060016144000031 ], [ 171.21214267400012, 7.059966706000068 ], [ 171.212244265000095, 7.059894599000074 ], [ 171.212288263000119, 7.059889960000021 ], [ 171.212665655000023, 7.059747891000029 ], [ 171.21298867500002, 7.05964044600006 ], [ 171.21312854100006, 7.059602787000074 ], [ 171.213153582000018, 7.059604395000065 ], [ 171.213274848000083, 7.059612427000047 ], [ 171.213392536000015, 7.059623313000031 ], [ 171.213505933000079, 7.059649192000052 ], [ 171.213568534000046, 7.059646873000077 ], [ 171.213693733000014, 7.059609571000067 ], [ 171.213920886000096, 7.059609392000027 ], [ 171.213992427000107, 7.059590651000065 ], [ 171.214050736000104, 7.059513550000077 ], [ 171.214311868000095, 7.059408783000038 ], [ 171.214399510000021, 7.059429665000039 ], [ 171.214469624000117, 7.059429665000039 ], [ 171.214532223000106, 7.059406105000051 ], [ 171.214688189000071, 7.059319543000072 ], [ 171.214772968000034, 7.059273138000037 ], [ 171.214874918000078, 7.059205495000072 ], [ 171.215027662000011, 7.059128571000031 ], [ 171.215134263000095, 7.059072529000048 ], [ 171.215208309000104, 7.059018808000076 ], [ 171.215395754000042, 7.058958303000054 ], [ 171.215460501000052, 7.058911543000022 ], [ 171.215562449000117, 7.058897620000039 ], [ 171.215631489000089, 7.058861926000077 ], [ 171.215729145000068, 7.058811239000022 ], [ 171.215967743000078, 7.058745915000031 ], [ 171.216082928000105, 7.058719144000065 ], [ 171.216227087000107, 7.058668813000054 ], [ 171.216301135000094, 7.058600990000059 ], [ 171.216500742000107, 7.058519603000036 ], [ 171.216564772000083, 7.058498544000031 ], [ 171.216619861000027, 7.058497295000052 ], [ 171.216689974000019, 7.058497652000028 ], [ 171.216760086000022, 7.058505682000032 ], [ 171.216810167000062, 7.058509968000067 ], [ 171.216856672000063, 7.058496045000027 ], [ 171.216862036000066, 7.058465703000024 ], [ 171.216930718000071, 7.058462671000029 ], [ 171.217002978000096, 7.058467847000031 ], [ 171.217039822000061, 7.058446428000025 ], [ 171.217079171000023, 7.058423582000046 ], [ 171.217100632000097, 7.058381105000024 ], [ 171.217100632000097, 7.058345767000048 ], [ 171.217086683000048, 7.058317566000028 ], [ 171.21708417800005, 7.058266522000054 ], [ 171.21709562500007, 7.058171393000066 ], [ 171.217125675000034, 7.058138910000025 ], [ 171.217272338000043, 7.058033073000047 ], [ 171.21735246500009, 7.057985063000046 ], [ 171.217543129000092, 7.057863698000062 ], [ 171.217621828000119, 7.057824610000068 ], [ 171.217706606000093, 7.057781954000063 ], [ 171.217767061000018, 7.057727341000032 ], [ 171.217807841000081, 7.057705921000036 ], [ 171.218111541000098, 7.057569923000074 ], [ 171.218206695000049, 7.057586164000043 ], [ 171.218320091000123, 7.057551003000071 ], [ 171.218348709000111, 7.057536190000064 ], [ 171.218431341000041, 7.05749282000005 ], [ 171.218557973000088, 7.057429996000053 ], [ 171.218630947000065, 7.057396263000044 ], [ 171.218746133000081, 7.057344683000053 ], [ 171.218801222000025, 7.057323801000052 ], [ 171.219038031000082, 7.057242952000024 ], [ 171.219172172000071, 7.057144967000056 ], [ 171.219494119000046, 7.057007362000036 ], [ 171.219683709000037, 7.056890814000042 ], [ 171.219850406000091, 7.056846373000042 ], [ 171.220193099000085, 7.056666645000064 ], [ 171.220445288000064, 7.056603642000027 ], [ 171.220494298000062, 7.056572230000029 ], [ 171.220548669000095, 7.056544566000071 ], [ 171.220630587000073, 7.056522078000057 ], [ 171.22069354600012, 7.056533502000036 ], [ 171.220790486000055, 7.05647067700005 ], [ 171.220850583000015, 7.056491559000051 ], [ 171.220894940000107, 7.056486740000025 ], [ 171.22100368700012, 7.056421595000074 ], [ 171.221045181000022, 7.056414634000021 ], [ 171.221096334000094, 7.056395714000075 ], [ 171.221181829000102, 7.056344492000051 ], [ 171.221227974000044, 7.056337532000043 ], [ 171.221265534000054, 7.056339495000032 ], [ 171.221302380000111, 7.056293091000043 ], [ 171.221594278000111, 7.056195463000051 ], [ 171.222154463000038, 7.056045721000032 ], [ 171.222367305000034, 7.055938456000035 ], [ 171.222429904000023, 7.055933637000066 ], [ 171.222483205000117, 7.055905615000029 ], [ 171.222564048000095, 7.055898656000068 ], [ 171.222684599000104, 7.055856533000053 ], [ 171.222953244000109, 7.055781928000044 ], [ 171.223017992000109, 7.055777289000048 ], [ 171.223080592000088, 7.055742308000049 ], [ 171.223156787000107, 7.055756229000053 ], [ 171.223348524000016, 7.055723924000063 ], [ 171.223395383000025, 7.05571875000004 ], [ 171.223530243000027, 7.055663065000033 ], [ 171.223626827000089, 7.055623083000057 ], [ 171.223673329000121, 7.05561915800007 ], [ 171.22374022200006, 7.055613626000024 ], [ 171.223807474000068, 7.055602023000063 ], [ 171.223877228000106, 7.05559256500004 ], [ 171.22396737300005, 7.055534202000047 ], [ 171.223995633000072, 7.055527242000039 ], [ 171.224065031000123, 7.05551510600003 ], [ 171.224143013000116, 7.055513320000045 ], [ 171.224205973000039, 7.055488690000061 ], [ 171.224280733000114, 7.055462811000041 ], [ 171.224368017000074, 7.055433897000057 ], [ 171.224502160000043, 7.055426757000021 ], [ 171.224648467000065, 7.055403200000057 ], [ 171.224752563000038, 7.055331093000063 ], [ 171.224844855000015, 7.055303073000061 ], [ 171.224868462000018, 7.055275051000024 ], [ 171.224955747000081, 7.055249529000037 ], [ 171.225050899000053, 7.055277372000035 ], [ 171.225116003000039, 7.055272554000055 ], [ 171.225178603000018, 7.05524203300007 ], [ 171.225215448000085, 7.055209729000069 ], [ 171.225270537000029, 7.055207231000054 ], [ 171.225338503000103, 7.055239891000042 ], [ 171.225410047000082, 7.055209551000075 ], [ 171.225428649000037, 7.055190810000056 ], [ 171.225516647000063, 7.055148867000071 ], [ 171.225564939000037, 7.055141906000074 ], [ 171.22561573400003, 7.055141906000074 ], [ 171.225662595000017, 7.055132449000041 ], [ 171.225803537000047, 7.055081046000055 ], [ 171.22584324200011, 7.055055346000074 ], [ 171.225927664000096, 7.055022684000051 ], [ 171.225986688000035, 7.05499252200002 ], [ 171.226114033000044, 7.05498306100003 ], [ 171.226234226000088, 7.054945760000066 ], [ 171.226287527000068, 7.054917739000075 ], [ 171.226394126000059, 7.054903639000031 ], [ 171.2265998150001, 7.054829035000068 ], [ 171.226646676000087, 7.054861518000052 ], [ 171.226746836000075, 7.054807082000025 ], [ 171.226836625000033, 7.054744972000037 ], [ 171.226925337000011, 7.054719628000043 ], [ 171.227150699000049, 7.05466001700006 ], [ 171.227209007000056, 7.05464680800003 ], [ 171.227308810000068, 7.05464680800003 ], [ 171.227408255000114, 7.054628068000056 ], [ 171.227454759000125, 7.054600048000054 ], [ 171.227670104000026, 7.054551680000031 ], [ 171.227837874000102, 7.054516342000056 ], [ 171.227943757000048, 7.054494924000039 ], [ 171.228000993000023, 7.054487963000042 ], [ 171.228100439000059, 7.054450662000022 ], [ 171.228188435000106, 7.054438882000056 ], [ 171.228362288000085, 7.054378200000031 ], [ 171.228452431000051, 7.054361779000033 ], [ 171.228565828000114, 7.054347858000028 ], [ 171.228700688000117, 7.054310735000058 ], [ 171.228732525000055, 7.054303418000075 ], [ 171.228804426000124, 7.054301096000074 ], [ 171.228869172000032, 7.054310379000071 ], [ 171.229073071000016, 7.054244876000041 ], [ 171.229199703000063, 7.054223816000047 ], [ 171.229236189000062, 7.054215070000055 ], [ 171.2293070180001, 7.054198294000059 ], [ 171.229392870000083, 7.054193476000023 ], [ 171.229489812000111, 7.054170094000028 ], [ 171.229534884000032, 7.054167595000024 ], [ 171.229573160000086, 7.054165454000042 ], [ 171.229638266000052, 7.054139753000072 ], [ 171.229726262000099, 7.054123333000064 ], [ 171.229807107000056, 7.054095492000044 ], [ 171.230114743000058, 7.054086031000054 ], [ 171.230298968000056, 7.054065506000029 ], [ 171.230661694000105, 7.054039092000039 ], [ 171.230714993000106, 7.054029631000049 ], [ 171.230735027000037, 7.054030347000037 ], [ 171.230771870000012, 7.054031595000026 ], [ 171.230961102000037, 7.054038022000043 ], [ 171.231169294000097, 7.054045160000044 ], [ 171.23123368500012, 7.054029454000045 ], [ 171.231277324000075, 7.054031773000077 ], [ 171.231401811000069, 7.054040696000072 ], [ 171.231492672000059, 7.054038556000023 ], [ 171.231573872000013, 7.054052477000027 ], [ 171.231599986000106, 7.054029096000022 ], [ 171.231629677000114, 7.054022314000065 ], [ 171.231658651000089, 7.054024813000069 ], [ 171.231733772000098, 7.054031595000026 ], [ 171.231784926000046, 7.05400125400007 ], [ 171.231893313000114, 7.053998754000077 ], [ 171.231955914000082, 7.054014996000035 ], [ 171.232027458000061, 7.054020886000046 ], [ 171.232097570000064, 7.054017317000046 ], [ 171.232164463000117, 7.053987154000026 ], [ 171.232273210000017, 7.05404747800003 ], [ 171.232342606000088, 7.054059260000031 ], [ 171.232405207000056, 7.054063899000028 ], [ 171.232435970000097, 7.054023921000066 ], [ 171.232488913000111, 7.053991615000029 ], [ 171.232555448000085, 7.054005360000076 ], [ 171.232599089000018, 7.054042482000057 ], [ 171.232622700000093, 7.054086924000046 ], [ 171.232708552000076, 7.054107984000041 ], [ 171.232832322000036, 7.05410994500005 ], [ 171.232857363000107, 7.054079963000049 ], [ 171.233007604000022, 7.054075143000034 ], [ 171.233195046000105, 7.054058724000072 ], [ 171.233285907000095, 7.054049264000071 ], [ 171.233343857000023, 7.05401196300005 ], [ 171.23336460500002, 7.053977160000045 ], [ 171.233400735000032, 7.053976981000062 ], [ 171.233442228000058, 7.054000183000028 ], [ 171.233533447000013, 7.053941999000074 ], [ 171.23364899000012, 7.053937358000042 ], [ 171.233762028000115, 7.05393950000007 ], [ 171.23378492400002, 7.053953422000063 ], [ 171.233824988000038, 7.053948783000067 ], [ 171.233846092000022, 7.053920940000069 ], [ 171.233887229000061, 7.053918617000022 ], [ 171.233934448000014, 7.053927722000026 ], [ 171.233994187000121, 7.053916119000064 ], [ 171.234102576000055, 7.053916119000064 ], [ 171.234262475000037, 7.053925401000072 ], [ 171.234508227000106, 7.054022849000035 ], [ 171.234570111000039, 7.05404623000004 ], [ 171.234626274000107, 7.054097631000047 ], [ 171.234706402000029, 7.054079250000029 ], [ 171.234713199000112, 7.054129401000068 ], [ 171.234831959000076, 7.054169737000052 ], [ 171.234845555000106, 7.054183480000063 ], [ 171.234870952000051, 7.054229883000062 ], [ 171.23494285400011, 7.054267543000037 ], [ 171.235012608000034, 7.054356068000061 ], [ 171.235073063000073, 7.054405149000047 ], [ 171.235138167000059, 7.054428353000048 ], [ 171.235219370000095, 7.054428353000048 ], [ 171.235341709000068, 7.054433171000028 ], [ 171.235432210000113, 7.054446914000039 ], [ 171.235502322000116, 7.054462442000045 ], [ 171.235592825000026, 7.05447868400006 ], [ 171.235652207000044, 7.054490997000073 ], [ 171.235730905000082, 7.054528299000026 ], [ 171.235784920000015, 7.054514199000039 ], [ 171.235835716000111, 7.05447921800004 ], [ 171.235860038000055, 7.054431922000049 ], [ 171.235896167000078, 7.054341790000024 ], [ 171.236119384000062, 7.054358212000068 ], [ 171.236213107000026, 7.054380341000069 ], [ 171.236330080000016, 7.054485822000061 ], [ 171.236371932000111, 7.054544005000025 ], [ 171.236429885000121, 7.054637171000024 ], [ 171.236472094000078, 7.054649307000034 ], [ 171.236620548000019, 7.054656089000048 ], [ 171.236806202000025, 7.054618608000055 ], [ 171.236924248000037, 7.054555607000054 ], [ 171.237031922000028, 7.054497959000059 ], [ 171.237148180000077, 7.05444994800007 ], [ 171.237224730000094, 7.054429780000021 ], [ 171.237393574000066, 7.054429603000074 ], [ 171.237502678000055, 7.054466903000048 ], [ 171.237576726000043, 7.054455123000025 ], [ 171.23762394400012, 7.054462083000033 ], [ 171.23778169600007, 7.054489212000021 ], [ 171.237962702000118, 7.054522230000032 ], [ 171.238088617000017, 7.054545791000066 ], [ 171.238144422000119, 7.054527051000036 ], [ 171.23819736400003, 7.054525801000068 ], [ 171.238326143000108, 7.05453383400004 ], [ 171.238366922000068, 7.054540436000025 ], [ 171.238445262000027, 7.054557213000066 ], [ 171.238498205000042, 7.054557213000066 ], [ 171.238553651000075, 7.054580415000032 ], [ 171.238639860000035, 7.054592194000065 ], [ 171.238713551000046, 7.054603796000038 ], [ 171.238790459000029, 7.054641633000074 ], [ 171.238913156000081, 7.054701424000029 ], [ 171.239005450000036, 7.054745684000068 ], [ 171.23906554600012, 7.054789947000074 ], [ 171.239133153000012, 7.054790128000036 ], [ 171.239195396000014, 7.054806369000062 ], [ 171.239264794000064, 7.054827251000063 ], [ 171.239334548000102, 7.054855094000061 ], [ 171.239427196000065, 7.054894715000046 ], [ 171.239454382000076, 7.054900962000033 ], [ 171.239508399000101, 7.05491345400003 ], [ 171.239623584000014, 7.054935587000045 ], [ 171.23993801600011, 7.054991093000069 ], [ 171.24018448400011, 7.055038926000066 ], [ 171.240330433000054, 7.055078546000061 ], [ 171.240534332000038, 7.055143691000069 ], [ 171.240601224000102, 7.055164574000059 ], [ 171.240642720000096, 7.055194737000022 ], [ 171.240731434000054, 7.055239177000033 ], [ 171.240791530000024, 7.055239177000033 ], [ 171.240836244000093, 7.055244711000057 ], [ 171.240912797000078, 7.055259701000068 ], [ 171.240966455000034, 7.055276658000025 ], [ 171.241006875000039, 7.055299683000044 ], [ 171.241185019000113, 7.05533448500006 ], [ 171.241219717000035, 7.055360007000047 ], [ 171.241280172000074, 7.055394989000035 ], [ 171.24132846200007, 7.055402307000065 ], [ 171.241369960000043, 7.055413014000067 ], [ 171.241467614000044, 7.055443892000028 ], [ 171.241613563000101, 7.055478695000033 ], [ 171.241726960000051, 7.055497435000063 ], [ 171.241810667000095, 7.055529919000037 ], [ 171.241898307000042, 7.055541520000077 ], [ 171.241993460000117, 7.055583462000072 ], [ 171.242095410000047, 7.055606666000074 ], [ 171.242288219000102, 7.055663065000033 ], [ 171.242611953000051, 7.055763010000021 ], [ 171.242836241000077, 7.055834759000049 ], [ 171.242900988000088, 7.055888302000028 ], [ 171.242969311000024, 7.055889730000047 ], [ 171.24301975100002, 7.055890623000039 ], [ 171.243072692000055, 7.055906508000021 ], [ 171.243121343000098, 7.055920785000069 ], [ 171.24334849100012, 7.056105510000066 ], [ 171.243508392000081, 7.056237227000054 ], [ 171.243670081000118, 7.056356451000056 ], [ 171.243728744000123, 7.056386792000069 ], [ 171.243816387000038, 7.056396072000041 ], [ 171.243954106000047, 7.056449260000022 ], [ 171.243958758000076, 7.056376975000035 ], [ 171.244039246000057, 7.056323789000032 ], [ 171.244132609000076, 7.056323789000032 ], [ 171.244117584000037, 7.056381973000043 ], [ 171.244261029000086, 7.056412136000063 ], [ 171.244355466000115, 7.056442300000072 ], [ 171.244356183000036, 7.056502981000051 ], [ 171.244599073000018, 7.056587043000036 ], [ 171.244719622000048, 7.056633447000024 ], [ 171.244947846000059, 7.056693596000059 ], [ 171.245221142000105, 7.056766414000037 ], [ 171.245270864000076, 7.056786939000062 ], [ 171.245398212000055, 7.056810320000068 ], [ 171.245609265000098, 7.056882425000026 ], [ 171.245706565000091, 7.056882425000026 ], [ 171.245778824000013, 7.056859045000067 ], [ 171.245899016000067, 7.056837984000026 ], [ 171.246061062000081, 7.056821564000074 ], [ 171.246211303000109, 7.056851728000026 ], [ 171.246294293000119, 7.056890277000036 ], [ 171.246405544000027, 7.056940431000044 ], [ 171.246540046000064, 7.057000755000047 ], [ 171.246599785000058, 7.05703341800006 ], [ 171.246697441000038, 7.057086782000056 ], [ 171.246745375000046, 7.057156031000034 ], [ 171.246685995000121, 7.057247591000021 ], [ 171.246799033000116, 7.057333440000036 ], [ 171.246785798000019, 7.057385198000077 ], [ 171.246885599000052, 7.057429638000031 ], [ 171.246912788000031, 7.057436420000045 ], [ 171.24698683400004, 7.057633998000028 ], [ 171.246991484000091, 7.057719844000076 ], [ 171.246850545000029, 7.057952759000045 ], [ 171.246845895000092, 7.058048601000053 ], [ 171.246790807000025, 7.058156937000035 ], [ 171.246891683000058, 7.058200663000036 ], [ 171.246947128000102, 7.058030397000039 ], [ 171.246983614000101, 7.057958291000034 ], [ 171.247065532000079, 7.057795696000028 ], [ 171.247154962000081, 7.057618112000057 ], [ 171.247291252000082, 7.057594909000045 ], [ 171.247386763000122, 7.057564033000062 ], [ 171.247449362000111, 7.057461586000045 ], [ 171.247495509000032, 7.057419108000033 ], [ 171.247575995000034, 7.057345398000052 ], [ 171.247735180000063, 7.057398761000059 ], [ 171.248119724000048, 7.057557072000066 ], [ 171.24848101900011, 7.057708421000029 ], [ 171.248846965000098, 7.057876014000044 ], [ 171.249025465000045, 7.058001840000031 ], [ 171.24909307300004, 7.05799255900007 ], [ 171.24918071500008, 7.058029683000029 ], [ 171.249261559000047, 7.058046101000059 ], [ 171.249319507000109, 7.058092507000026 ], [ 171.249476904000062, 7.058204413000055 ], [ 171.249553813000034, 7.058209053000041 ], [ 171.249667210000098, 7.058220653000035 ], [ 171.249770948000105, 7.058269377000045 ], [ 171.24983819800002, 7.058378785000059 ], [ 171.249894004000112, 7.058434829000021 ], [ 171.24997806600004, 7.058446606000075 ], [ 171.250091104000035, 7.058448928000075 ], [ 171.250201639000124, 7.058522817000039 ], [ 171.25037119700005, 7.058604916000036 ], [ 171.250510349000024, 7.05869576300006 ], [ 171.250640201000124, 7.058709683000075 ], [ 171.250758248000125, 7.058781789000022 ], [ 171.250850539000112, 7.058827300000075 ], [ 171.250924585000121, 7.058649001000049 ] ] ] ] } },
{ "type": "Feature", "properties": { "ADM0_EN": "Republic of the Marshall Islands", "ADM0_PCODE": "MH", "ADM1_EN": "Majuro", "ADM1_PCODE": "MH15", "ADM2_EN": "Ajeltake - Woja", "ADM2_PCODE": "MH1518", "Shape_Leng": 0.20975837632, "Shape_Area": 0.00010908665, "ADM0_EN_2": "Republic of the Marshall Islands", "ADM0_PCODE_2": "MH", "ADM1_EN_2": "Majuro", "ADM1_PCODE_2": "MH15", "ADM2_EN_2": "Ajeltake - Woja", "ADM2_PCODE_2": "MH1518", "Shape_Leng_2": 0.20975837632, "Shape_Area_2": 0.00010908665, "xcoord": 171.12095121199792, "ycoord": 7.0934604330000468 }, "geometry": { "type": "MultiPolygon", "coordinates": [ [ [ [ 171.147516763000112, 7.084423019000042 ], [ 171.147552892000022, 7.084402671000021 ], [ 171.14773389700008, 7.084291480000047 ], [ 171.147489577000101, 7.084424981000041 ], [ 171.147516763000112, 7.084423019000042 ] ] ], [ [ [ 171.147516763000112, 7.084423019000042 ], [ 171.147362945000054, 7.084510472000034 ], [ 171.147157257000117, 7.084592215000043 ], [ 171.147049226000036, 7.084598282000059 ], [ 171.146951571000045, 7.08456258800004 ], [ 171.146816710000053, 7.084629697000025 ], [ 171.146739085000036, 7.08467734900006 ], [ 171.146678632000089, 7.084746420000045 ], [ 171.146602438000059, 7.084748920000038 ], [ 171.146534830000064, 7.08469876700002 ], [ 171.146406052000088, 7.084707334000029 ], [ 171.146340588000044, 7.084804962000021 ], [ 171.146156721000125, 7.084854221000057 ], [ 171.145969278000052, 7.084856720000062 ], [ 171.145846581000114, 7.084973980000029 ], [ 171.145777543000122, 7.08498415300005 ], [ 171.145568635000018, 7.085019135000039 ], [ 171.145422328000109, 7.085061792000033 ], [ 171.145296055000017, 7.085132112000053 ], [ 171.145233813000118, 7.085165130000064 ], [ 171.145121489000076, 7.085113906000061 ], [ 171.145006661000025, 7.085152993000065 ], [ 171.144885754000029, 7.085250620000068 ], [ 171.144769136000036, 7.085253476000048 ], [ 171.144669335000117, 7.085237237000058 ], [ 171.144578832000093, 7.085320585000034 ], [ 171.144491190000053, 7.085283461000074 ], [ 171.144383875000017, 7.085274536000043 ], [ 171.144282285000031, 7.085318621000056 ], [ 171.144168172000036, 7.085342536000041 ], [ 171.144079101000102, 7.08542142400006 ], [ 171.143993249000118, 7.08543570300003 ], [ 171.143943526000044, 7.08544783800005 ], [ 171.143848731000048, 7.085418213000025 ], [ 171.143795789000023, 7.08543945200006 ], [ 171.143757871000048, 7.085516730000052 ], [ 171.143713871000045, 7.085541005000039 ], [ 171.143667010000058, 7.08550370200004 ], [ 171.143591533000063, 7.085516730000052 ], [ 171.143566133000036, 7.08557330800005 ], [ 171.143516411000064, 7.085585445000049 ], [ 171.143463112000063, 7.085565992000056 ], [ 171.143282106000015, 7.085621318000051 ], [ 171.143219506000037, 7.085669332000066 ], [ 171.143104322000113, 7.085723410000071 ], [ 171.143027055000061, 7.085755892000066 ], [ 171.142933331000108, 7.085792480000066 ], [ 171.142805269000064, 7.085826748000045 ], [ 171.142643939000095, 7.085924732000024 ], [ 171.142508721000013, 7.086047704000066 ], [ 171.142408561000025, 7.086046454000041 ], [ 171.142050843000106, 7.086214402000053 ], [ 171.141746783000031, 7.086290612000028 ], [ 171.141507471000068, 7.08633969400006 ], [ 171.141379765000124, 7.086358970000049 ], [ 171.141132943000116, 7.086456062000025 ], [ 171.140992357000073, 7.086511034000068 ], [ 171.140974115000063, 7.086463914000035 ], [ 171.140911514000095, 7.086456062000025 ], [ 171.14086644300005, 7.086525670000071 ], [ 171.140818866000018, 7.086559044000069 ], [ 171.140802053000016, 7.086522455000022 ], [ 171.140736234000087, 7.086523705000047 ], [ 171.140682574000039, 7.086574929000051 ], [ 171.140627846000029, 7.086600629000031 ], [ 171.140552367000055, 7.086628649000033 ], [ 171.140497634000099, 7.08659848700006 ], [ 171.140385669000125, 7.086643643000059 ], [ 171.140357052000013, 7.086709144000054 ], [ 171.140284437000105, 7.086743411000043 ], [ 171.140203591000045, 7.086744124000063 ], [ 171.139981449000061, 7.086814981000032 ], [ 171.139733911000121, 7.086901721000061 ], [ 171.13950461200011, 7.087020410000036 ], [ 171.139229528000101, 7.087127496000051 ], [ 171.138848559000053, 7.087261712000043 ], [ 171.138536987000066, 7.087385754000024 ], [ 171.13826369100002, 7.087529072000052 ], [ 171.138063726000041, 7.087567266000065 ], [ 171.137865193000039, 7.087600998000028 ], [ 171.137686336000115, 7.087636873000065 ], [ 171.137517851000098, 7.087671497000031 ], [ 171.13735294300011, 7.087737713000024 ], [ 171.13716299500004, 7.087845513000048 ], [ 171.13685392900004, 7.087920116000021 ], [ 171.136666484000102, 7.087993293000068 ], [ 171.136366361000114, 7.088086102000034 ], [ 171.136166396000021, 7.088109303000067 ], [ 171.136057650000112, 7.088145356000041 ], [ 171.135869848000084, 7.088178017000075 ], [ 171.13559869900007, 7.088246019000053 ], [ 171.135463838000078, 7.08825726200007 ], [ 171.135339354000052, 7.08832330000007 ], [ 171.135017051000091, 7.088448591000031 ], [ 171.134659689000046, 7.088601547000053 ], [ 171.13447868500009, 7.088656875000027 ], [ 171.134205390000034, 7.088744329000065 ], [ 171.134058009000114, 7.088776454000026 ], [ 171.133863769000072, 7.088811793000048 ], [ 171.133652716000029, 7.088881399000059 ], [ 171.13342306200002, 7.088959573000068 ], [ 171.133246708000115, 7.089001515000064 ], [ 171.132807788000036, 7.089185349000047 ], [ 171.13224724600002, 7.089385600000071 ], [ 171.132017591000022, 7.089463595000041 ], [ 171.131906340000114, 7.08947876700006 ], [ 171.131711026000062, 7.089574251000045 ], [ 171.131654150000031, 7.089563720000058 ], [ 171.13158511000006, 7.089573895000058 ], [ 171.131524657000114, 7.089602451000076 ], [ 171.131447748000028, 7.089675627000076 ], [ 171.131240273000117, 7.089761832000022 ], [ 171.131209867000052, 7.089735418000032 ], [ 171.131146191000084, 7.089757727000062 ], [ 171.131113639000091, 7.089806630000055 ], [ 171.131031722000102, 7.089837506000038 ], [ 171.130949090000058, 7.089857852000023 ], [ 171.130917969000052, 7.089915502000053 ], [ 171.130822458000011, 7.089887660000045 ], [ 171.130756639000083, 7.08988873100003 ], [ 171.130692248000059, 7.089941202000034 ], [ 171.130629291000105, 7.089948699000047 ], [ 171.130565259000036, 7.08993031600005 ], [ 171.13048870700004, 7.089947806000055 ], [ 171.130402140000115, 7.089992069000061 ], [ 171.130356709000012, 7.090005990000066 ], [ 171.130307703000085, 7.090114326000048 ], [ 171.130251541000121, 7.090088982000054 ], [ 171.130105950000029, 7.090101654000023 ], [ 171.130094861000089, 7.090180899000075 ], [ 171.130031902000042, 7.090125214000068 ], [ 171.129953921000038, 7.090187860000071 ], [ 171.129860200000053, 7.090168763000065 ], [ 171.129820848000122, 7.090235513000039 ], [ 171.12975932300003, 7.090238369000076 ], [ 171.128716220000115, 7.090631734000056 ], [ 171.128226505000043, 7.090817173000062 ], [ 171.128100587000063, 7.090816817000075 ], [ 171.127972883000098, 7.090891599000031 ], [ 171.127748952000047, 7.090926223000054 ], [ 171.127517152000109, 7.090983158000029 ], [ 171.127277838000055, 7.09108810400005 ], [ 171.12692620200005, 7.091141825000022 ], [ 171.126875764000033, 7.091184125000041 ], [ 171.126658986000052, 7.091226423000023 ], [ 171.126601036000125, 7.091261048000035 ], [ 171.126401430000101, 7.091339936000054 ], [ 171.125773994000042, 7.091530728000066 ], [ 171.125184834000038, 7.091669941000021 ], [ 171.124604260000069, 7.091786665000029 ], [ 171.123717479000106, 7.091984063000041 ], [ 171.123585123000112, 7.092001553000046 ], [ 171.123498555000083, 7.092045816000052 ], [ 171.123333291000108, 7.092071517000022 ], [ 171.12312939100002, 7.09209293300006 ], [ 171.123036385000091, 7.09215522300002 ], [ 171.122893299000111, 7.092188957000076 ], [ 171.122644684000079, 7.092249995000032 ], [ 171.122553825000068, 7.09223696600003 ], [ 171.122460818000036, 7.092299255000057 ], [ 171.122351354000102, 7.092309785000054 ], [ 171.122231522000106, 7.092306574000077 ], [ 171.122044435000021, 7.092364755000062 ], [ 171.121660962000078, 7.092492904000039 ], [ 171.12152538600003, 7.09251931700004 ], [ 171.121395178000057, 7.092517354000051 ], [ 171.121198793000076, 7.092587318000028 ], [ 171.121055345000059, 7.092580357000031 ], [ 171.120827124000016, 7.092669062000027 ], [ 171.120584948000101, 7.092712252000069 ], [ 171.120363878000035, 7.092808633000061 ], [ 171.120165346000022, 7.09295391400002 ], [ 171.119997936000118, 7.093166301000053 ], [ 171.119772216000115, 7.093276065000055 ], [ 171.119522172000075, 7.093270711000059 ], [ 171.119182698000031, 7.093374585000049 ], [ 171.119114373000116, 7.093521829000053 ], [ 171.118985951000013, 7.093571090000069 ], [ 171.118941952000114, 7.093539677000024 ], [ 171.11730289400009, 7.094105094000042 ], [ 171.117174830000067, 7.094027815000061 ], [ 171.117042117000096, 7.094060476000038 ], [ 171.116964136000092, 7.094178807000048 ], [ 171.116554191000091, 7.094337831000075 ], [ 171.115906364000011, 7.094612509000058 ], [ 171.114701931000013, 7.095048174000055 ], [ 171.114634322000029, 7.094998201000067 ], [ 171.114494454000123, 7.095023009000045 ], [ 171.114278037000076, 7.095065308000073 ], [ 171.114272314000118, 7.095164541000031 ], [ 171.113805492000097, 7.09532802700005 ], [ 171.11368243700008, 7.095333739000068 ], [ 171.113455646000034, 7.095473665000043 ], [ 171.11322098200003, 7.095524531000024 ], [ 171.112950905000048, 7.095603061000077 ], [ 171.112550977000069, 7.095735314000024 ], [ 171.112234040000089, 7.096054969000022 ], [ 171.112052320000089, 7.096125467000036 ], [ 171.111740390000023, 7.096320364000064 ], [ 171.11129324400008, 7.096582193000074 ], [ 171.111005280000086, 7.096725154000069 ], [ 171.110960565000028, 7.09670873500005 ], [ 171.110873283000046, 7.096727474000033 ], [ 171.110822130000088, 7.096799937000071 ], [ 171.110680116000026, 7.096788514000025 ], [ 171.110642557000119, 7.096850802000063 ], [ 171.110059834000026, 7.097098531000029 ], [ 171.10933688800003, 7.097426752000047 ], [ 171.108676543000115, 7.097666446000062 ], [ 171.108491604000051, 7.09770499800004 ], [ 171.108397166000032, 7.097812442000077 ], [ 171.10825550900006, 7.097801020000077 ], [ 171.108202209000069, 7.097893115000034 ], [ 171.108094536000067, 7.097884012000065 ], [ 171.107957531000125, 7.097915067000031 ], [ 171.107919970000012, 7.097977178000065 ], [ 171.107460303000039, 7.098148516000037 ], [ 171.106847892000019, 7.098380361000068 ], [ 171.106382502000088, 7.098554554000032 ], [ 171.1055053770001, 7.098892056000068 ], [ 171.104634696000062, 7.099156203000064 ], [ 171.103436700000088, 7.099406608000038 ], [ 171.102783507000026, 7.099486746000025 ], [ 171.102293438000061, 7.099505128000033 ], [ 171.101788697000075, 7.099578661000066 ], [ 171.101439924000033, 7.099638452000022 ], [ 171.101399143000094, 7.099709664000045 ], [ 171.100644718000012, 7.099874398000054 ], [ 171.100061996000022, 7.099954894000064 ], [ 171.099779757000078, 7.099983273000021 ], [ 171.099014957000122, 7.10003770700007 ], [ 171.098928389000093, 7.099985769000057 ], [ 171.098773140000048, 7.100025214000027 ], [ 171.098547779000114, 7.100049130000059 ], [ 171.098391100000072, 7.100093036000032 ], [ 171.098245149000036, 7.100232248000054 ], [ 171.09808668200003, 7.100224931000071 ], [ 171.097733257000073, 7.100338800000031 ], [ 171.097323312000071, 7.100457131000041 ], [ 171.096960588000115, 7.100638641000046 ], [ 171.096374645000083, 7.100839431000054 ], [ 171.096114587000102, 7.100876017000076 ], [ 171.09588171300004, 7.101018981000038 ], [ 171.095707505000064, 7.101152660000025 ], [ 171.095529003000024, 7.10128491100005 ], [ 171.095451020000041, 7.101403422000033 ], [ 171.095304356000042, 7.101446078000038 ], [ 171.095097239000097, 7.101587967000057 ], [ 171.094889048000027, 7.101648649000026 ], [ 171.094732725000085, 7.101788933000023 ], [ 171.094512370000075, 7.101911013000063 ], [ 171.094291658000088, 7.102048083000057 ], [ 171.094154653000032, 7.102190509000025 ], [ 171.094021583000085, 7.102349533000051 ], [ 171.093825911000067, 7.102445197000065 ], [ 171.093644905000019, 7.102612074000035 ], [ 171.093429560000118, 7.102609220000033 ], [ 171.093131225000093, 7.102738079000062 ], [ 171.092660826000042, 7.102966354000046 ], [ 171.092221907000066, 7.103205871000057 ], [ 171.092059504000076, 7.103293325000038 ], [ 171.091902824000044, 7.103393095000058 ], [ 171.091832354000076, 7.103392560000032 ], [ 171.091788354000073, 7.10347269600004 ], [ 171.091578733000119, 7.103578532000029 ], [ 171.091470700000059, 7.103488222000067 ], [ 171.091228168000043, 7.10365777800007 ], [ 171.091204918000017, 7.103735594000057 ], [ 171.091161275000104, 7.103744876000064 ], [ 171.090933411000037, 7.103762722000056 ], [ 171.090672277000067, 7.103900330000045 ], [ 171.090662260000045, 7.104053641000064 ], [ 171.090512734000072, 7.104049537000037 ], [ 171.090160026000035, 7.104244792000031 ], [ 171.090090627000109, 7.104214272000036 ], [ 171.089891379000051, 7.104278167000075 ], [ 171.089123004000044, 7.10457961700007 ], [ 171.089055395000059, 7.104585329000031 ], [ 171.088660116000028, 7.104704015000038 ], [ 171.088532053000108, 7.10479396900007 ], [ 171.087894603000109, 7.10490016500006 ], [ 171.087407391000056, 7.10498012100004 ], [ 171.086837547000073, 7.105024919000073 ], [ 171.086471604000053, 7.105048121000038 ], [ 171.086174340000071, 7.105035450000059 ], [ 171.086009790000048, 7.105030988000067 ], [ 171.085895679000032, 7.105039913000041 ], [ 171.085828071000037, 7.105004930000064 ], [ 171.085701437000012, 7.105034556000021 ], [ 171.085585539000022, 7.104951564000032 ], [ 171.085392726000123, 7.10499743400004 ], [ 171.085254650000024, 7.105002789000025 ], [ 171.084996735000118, 7.105075606000071 ], [ 171.08467943900007, 7.10518733300006 ], [ 171.084385396000016, 7.105332974000021 ], [ 171.084152165000091, 7.105490926000073 ], [ 171.083962932000077, 7.105624249000073 ], [ 171.083821276000094, 7.10576506600006 ], [ 171.083656369000096, 7.105831283000043 ], [ 171.083280049000109, 7.105911420000041 ], [ 171.083109418000049, 7.105965499000035 ], [ 171.082959891000087, 7.106072942000026 ], [ 171.082778888000121, 7.106183955000063 ], [ 171.08267550700009, 7.106303178000076 ], [ 171.08255030700002, 7.106399199000066 ], [ 171.082471608000105, 7.106421153000042 ], [ 171.082481982000104, 7.106490759000053 ], [ 171.082401139000012, 7.106547337000052 ], [ 171.082296328000098, 7.106544482000061 ], [ 171.082137143000068, 7.106623011000067 ], [ 171.081919651000021, 7.106862530000058 ], [ 171.081733996000025, 7.107027800000026 ], [ 171.081515431000071, 7.107145238000044 ], [ 171.08124642700011, 7.107290165000052 ], [ 171.080953100000102, 7.107461324000042 ], [ 171.080690178000054, 7.107603392000044 ], [ 171.080507741000019, 7.107718867000074 ], [ 171.080313502000081, 7.107865755000034 ], [ 171.080060594000088, 7.107980873000031 ], [ 171.079827005000084, 7.108097955000062 ], [ 171.079334429000028, 7.108373881000034 ], [ 171.07879248800009, 7.108661767000058 ], [ 171.077869933000102, 7.109013190000042 ], [ 171.07783809700004, 7.108976244000075 ], [ 171.077771562000066, 7.108951794000063 ], [ 171.077637060000029, 7.10898873900004 ], [ 171.077549420000082, 7.10907833400006 ], [ 171.077424219000022, 7.109118670000043 ], [ 171.077202792000094, 7.10917435600004 ], [ 171.076999250000085, 7.109221472000058 ], [ 171.07671558200002, 7.109310178000044 ], [ 171.076489147000075, 7.109379249000028 ], [ 171.076405082000065, 7.109389065000073 ], [ 171.076211915000044, 7.109450104000075 ], [ 171.075904278000053, 7.109535059000052 ], [ 171.075639925000019, 7.109570040000051 ], [ 171.075403116000075, 7.109640361000061 ], [ 171.075242143000082, 7.109667668000043 ], [ 171.07511157700003, 7.109680519000051 ], [ 171.075058277000039, 7.109661066000058 ], [ 171.074936295000043, 7.109692300000063 ], [ 171.074823257000048, 7.109726925000075 ], [ 171.074640822000106, 7.109715857000026 ], [ 171.074456238000039, 7.109739417000071 ], [ 171.074548173000039, 7.110599325000067 ], [ 171.074706282000079, 7.110565949000033 ], [ 171.074793567000029, 7.11054720900006 ], [ 171.07493093100004, 7.110486885000057 ], [ 171.074977790000048, 7.110538641000062 ], [ 171.075026440000102, 7.110571659000072 ], [ 171.075087967000059, 7.110553813000024 ], [ 171.075147707000042, 7.110570412000072 ], [ 171.075224616000014, 7.110593612000059 ], [ 171.075313687000062, 7.110570412000072 ], [ 171.075378078000085, 7.110517938000044 ], [ 171.075453196000012, 7.110504909000042 ], [ 171.075530106000087, 7.110543280000059 ], [ 171.075588414000094, 7.110534359000042 ], [ 171.075673909000102, 7.110479388000044 ], [ 171.075726137000061, 7.110488310000051 ], [ 171.075764053000057, 7.110578263000036 ], [ 171.075861352000061, 7.110573445000057 ], [ 171.075933967000083, 7.110595041000067 ], [ 171.0760387790001, 7.110542033000058 ], [ 171.076087788000109, 7.110448511000072 ], [ 171.076194386000111, 7.110376047000045 ], [ 171.076363945000026, 7.110311440000032 ], [ 171.076783546000115, 7.110125464000021 ], [ 171.077094763000105, 7.109960729000022 ], [ 171.077210305000108, 7.109947344000034 ], [ 171.077302596000095, 7.109859534000066 ], [ 171.07753582700002, 7.109757444000024 ], [ 171.077707531000101, 7.109713896000073 ], [ 171.07798369000011, 7.109632508000061 ], [ 171.078209050000055, 7.109593601000029 ], [ 171.07841294900004, 7.109586997000065 ], [ 171.078697336000118, 7.109468310000068 ], [ 171.079038239000056, 7.109319458000073 ], [ 171.079325127000061, 7.109221830000024 ], [ 171.079492541000036, 7.109201127000063 ], [ 171.079548343000056, 7.109273054000028 ], [ 171.07966174000012, 7.109223437000026 ], [ 171.079828436000071, 7.109152582000036 ], [ 171.080056302000116, 7.109079049000059 ], [ 171.080174348000014, 7.109086723000075 ], [ 171.080611836000116, 7.108907353000063 ], [ 171.080987083000082, 7.108801694000022 ], [ 171.081240346000072, 7.108589126000027 ], [ 171.081300084000077, 7.108632496000041 ], [ 171.081433870000069, 7.108554680000054 ], [ 171.081570519000024, 7.108483110000066 ], [ 171.081744370000024, 7.108475793000025 ], [ 171.081865635000099, 7.10841885800005 ], [ 171.082107453000049, 7.108335151000063 ], [ 171.082344619000082, 7.108193976000052 ], [ 171.082639021000091, 7.10804833900005 ], [ 171.083062200000086, 7.107782762000056 ], [ 171.083360894000066, 7.107638730000076 ], [ 171.083582678000084, 7.107567875000029 ], [ 171.083933956000124, 7.107362089000048 ], [ 171.084208684000032, 7.107214488000068 ], [ 171.084363574000122, 7.10713435200006 ], [ 171.084567474000096, 7.107016379000072 ], [ 171.08474883700012, 7.106945879000023 ], [ 171.084996735000118, 7.106859315000065 ], [ 171.085114782000119, 7.106811306000054 ], [ 171.085263949000023, 7.106774718000054 ], [ 171.085363396000048, 7.106750267000052 ], [ 171.085529017000113, 7.106765438000025 ], [ 171.085649568000122, 7.106682801000034 ], [ 171.085821631000044, 7.106624261000036 ], [ 171.08592787300006, 7.106566791000034 ], [ 171.086020163000057, 7.106478980000077 ], [ 171.08621977100006, 7.106344407000051 ], [ 171.086365360000059, 7.106331736000072 ], [ 171.086509163000073, 7.106267841000033 ], [ 171.086601096000095, 7.106306571000061 ], [ 171.086688380000055, 7.106232144000046 ], [ 171.086777094000013, 7.10620894300007 ], [ 171.086912668000082, 7.106182530000069 ], [ 171.087029999000038, 7.106164500000034 ], [ 171.087157704000106, 7.106089719000067 ], [ 171.087522576000083, 7.106040995000058 ], [ 171.087816262000047, 7.105966035000051 ], [ 171.088070956000024, 7.105902318000062 ], [ 171.088255539000102, 7.105838065000057 ], [ 171.088362495000069, 7.105861983000068 ], [ 171.088667270000087, 7.105770958000051 ], [ 171.088877609000065, 7.105634957000063 ], [ 171.089027851000083, 7.105609077000054 ], [ 171.089348722000068, 7.105473077000056 ], [ 171.089590897000107, 7.105374201000075 ], [ 171.089787284000067, 7.105304239000077 ], [ 171.089941103000115, 7.105269256000042 ], [ 171.090038402000118, 7.105264436000027 ], [ 171.090278429000023, 7.105129329000022 ], [ 171.090466590000119, 7.105041160000042 ], [ 171.090607529000067, 7.105026882000061 ], [ 171.090694812000038, 7.104952457000024 ], [ 171.090767071000073, 7.104821812000068 ], [ 171.090865800000074, 7.104821454000046 ], [ 171.091004953000038, 7.10472132700005 ], [ 171.091239975000121, 7.104599785000062 ], [ 171.091555122000045, 7.104466818000049 ], [ 171.091840224000066, 7.104317789000049 ], [ 171.092184347000057, 7.104160015000048 ], [ 171.092530974000056, 7.103952623000055 ], [ 171.09294986000009, 7.103685263000045 ], [ 171.093217077000077, 7.103544979000048 ], [ 171.093378764000022, 7.10343182400004 ], [ 171.093439577000026, 7.10344699500007 ], [ 171.09355190000008, 7.103370784000049 ], [ 171.093630240000039, 7.103317419000064 ], [ 171.093699994000076, 7.103225145000067 ], [ 171.093788709000023, 7.103161251000074 ], [ 171.093882429000018, 7.103177671000026 ], [ 171.093986168000015, 7.103046134000067 ], [ 171.094118166000044, 7.10298794800002 ], [ 171.094587492000073, 7.102734154000075 ], [ 171.094772073000058, 7.102674363000062 ], [ 171.094969890000016, 7.102651162000029 ], [ 171.095173432000024, 7.102533186000073 ], [ 171.095415607000064, 7.102434312000071 ], [ 171.095663504000072, 7.10229206300005 ], [ 171.095892801000105, 7.102158204000034 ], [ 171.096222259000115, 7.102040587000033 ], [ 171.096449410000105, 7.101941353000029 ], [ 171.096679064000114, 7.101919045000045 ], [ 171.096821792000014, 7.101844440000036 ], [ 171.097001368000065, 7.101793754000028 ], [ 171.097143022000068, 7.101749311000049 ], [ 171.097347995000064, 7.101697730000069 ], [ 171.097535081000046, 7.101588324000033 ], [ 171.097705713000096, 7.101585469000042 ], [ 171.097786200000087, 7.101481595000052 ], [ 171.097937513000034, 7.10143197900004 ], [ 171.098075948000087, 7.101396640000075 ], [ 171.09819614200012, 7.101384860000053 ], [ 171.098332790000086, 7.101313290000064 ], [ 171.098454414000116, 7.101297048000049 ], [ 171.098579615000062, 7.101312397000072 ], [ 171.098737013000118, 7.101309184000058 ], [ 171.098846472000105, 7.10129865600004 ], [ 171.098959868000065, 7.101304723000055 ], [ 171.099061818000109, 7.101245825000035 ], [ 171.099120842000048, 7.10116604600006 ], [ 171.099238173000117, 7.101092332000064 ], [ 171.099351212000101, 7.101113572000031 ], [ 171.099469973000055, 7.101091263000058 ], [ 171.099567273000048, 7.101045572000032 ], [ 171.099643110000102, 7.101058245000047 ], [ 171.099727174000122, 7.100992744000052 ], [ 171.099881706000019, 7.100983463000034 ], [ 171.100028013000042, 7.100996491000046 ], [ 171.100111362000121, 7.101016836000042 ], [ 171.100220822000097, 7.100950444000034 ], [ 171.100452982000093, 7.100878516000023 ], [ 171.100640425000051, 7.100772679000045 ], [ 171.100851479000085, 7.100699148000047 ], [ 171.10096451600009, 7.100731274000054 ], [ 171.100984548000042, 7.10081462200003 ], [ 171.10112334400003, 7.100834967000026 ], [ 171.101268932000039, 7.10076661100004 ], [ 171.101339403000111, 7.100696291000077 ], [ 171.101389126000072, 7.100601162000032 ], [ 171.101443141000118, 7.100632751000035 ], [ 171.101483563000102, 7.100688080000054 ], [ 171.101564050000093, 7.100702359000024 ], [ 171.101650618000122, 7.100698790000024 ], [ 171.101677804000019, 7.100598663000028 ], [ 171.10193214100002, 7.100557970000068 ], [ 171.10192570300012, 7.100606873000061 ], [ 171.102009409000061, 7.100612049000063 ], [ 171.10204267600011, 7.100529235000067 ], [ 171.102080951000062, 7.100567430000069 ], [ 171.102209731000016, 7.100614548000067 ], [ 171.102398962000052, 7.100536909000027 ], [ 171.102519155000095, 7.100469266000061 ], [ 171.102766337000048, 7.100342011000066 ], [ 171.103007439000066, 7.100193518000026 ], [ 171.103355140000076, 7.100147115000027 ], [ 171.103722874000027, 7.100063764000026 ], [ 171.10407272000009, 7.100014504000058 ], [ 171.104422211000042, 7.099980415000061 ], [ 171.104665101000023, 7.099881180000068 ], [ 171.104759896000019, 7.099952038000026 ], [ 171.104901195000025, 7.09992276600002 ], [ 171.105024248000063, 7.099917055000049 ], [ 171.105213839000044, 7.099935795000022 ], [ 171.105424893000077, 7.099937044000058 ], [ 171.105519330000106, 7.09998166500003 ], [ 171.105693895000059, 7.100000047000037 ], [ 171.10590745200011, 7.099951146000024 ], [ 171.106212585000094, 7.099920269000052 ], [ 171.10640253300005, 7.099919913000065 ], [ 171.106518075000054, 7.099850840000045 ], [ 171.106606076000048, 7.099772489000031 ], [ 171.106763828000112, 7.099667901000032 ], [ 171.106881160000057, 7.099621674000048 ], [ 171.106913710000072, 7.099661118000029 ], [ 171.107089709000093, 7.099634346000073 ], [ 171.107303623000121, 7.099530295000022 ], [ 171.107565830000112, 7.09940321800002 ], [ 171.107799420000106, 7.099286136000046 ], [ 171.10794536800006, 7.099202787000024 ], [ 171.108180386000072, 7.099081063000028 ], [ 171.108406823000109, 7.099011993000033 ], [ 171.108621095000103, 7.098930608000046 ], [ 171.108806751000088, 7.098876529000052 ], [ 171.108955562000119, 7.098786039000061 ], [ 171.10904606400004, 7.09884547300004 ], [ 171.109140502000059, 7.098834585000077 ], [ 171.109174486000029, 7.098740528000064 ], [ 171.109195591000116, 7.098682343000064 ], [ 171.109250320000115, 7.098641651000037 ], [ 171.109335816000112, 7.098586858000033 ], [ 171.109484982000026, 7.098494407000032 ], [ 171.109613761000105, 7.098384465000038 ], [ 171.109688525000024, 7.098432296000055 ], [ 171.109743611000113, 7.098391605000074 ], [ 171.109784036000065, 7.098304507000023 ], [ 171.10988455200004, 7.098377325000058 ], [ 171.10997648700004, 7.09836019200003 ], [ 171.110063054000079, 7.098284337000052 ], [ 171.110180027000069, 7.098245252000027 ], [ 171.110268024000106, 7.098219015000041 ], [ 171.110353878000069, 7.098164044000043 ], [ 171.11042184400003, 7.09815672700006 ], [ 171.110435438000081, 7.098259708000057 ], [ 171.110503047000066, 7.098309862000065 ], [ 171.110591045000092, 7.098316643000032 ], [ 171.110685839000098, 7.098305756000059 ], [ 171.110760245000051, 7.098211340000034 ], [ 171.110745221000116, 7.098092475000044 ], [ 171.110816764000106, 7.098054636000029 ], [ 171.110853967000025, 7.098063203000038 ], [ 171.110944111000094, 7.098050710000052 ], [ 171.110982386000046, 7.097977178000065 ], [ 171.111075751000044, 7.097950762000039 ], [ 171.111177344000112, 7.097952369000041 ], [ 171.111320430000092, 7.097982531000071 ], [ 171.111407712000073, 7.098007519000021 ], [ 171.111538639000059, 7.097963435000054 ], [ 171.111827674000097, 7.097862238000062 ], [ 171.112086660000045, 7.097744264000028 ], [ 171.112223666000091, 7.09765770100006 ], [ 171.112411467000015, 7.097524913000029 ], [ 171.11268047100009, 7.097413367000058 ], [ 171.11293373400008, 7.097350185000039 ], [ 171.113183064000054, 7.097273974000075 ], [ 171.113406636000036, 7.09712797800006 ], [ 171.113619836000112, 7.097053910000056 ], [ 171.113899213000082, 7.096963601000027 ], [ 171.113994367000032, 7.096922550000045 ], [ 171.114124932000095, 7.096830634000071 ], [ 171.11434814900008, 7.096793690000027 ], [ 171.114446162000036, 7.096773700000028 ], [ 171.114582454000015, 7.096702131000029 ], [ 171.114594972000077, 7.096625564000021 ], [ 171.114676890000055, 7.096594687000049 ], [ 171.114936595000017, 7.096446548000074 ], [ 171.115000626000096, 7.096464935000029 ], [ 171.115121533000092, 7.096422992000043 ], [ 171.115153011000075, 7.096363556000028 ], [ 171.115341530000023, 7.096300911000071 ], [ 171.115758626000115, 7.096078348000049 ], [ 171.115885975000083, 7.096145458000024 ], [ 171.116022623000049, 7.096018203000028 ], [ 171.116347071000064, 7.095810633000042 ], [ 171.116932298000052, 7.09559110400005 ], [ 171.117551866000099, 7.095366935000072 ], [ 171.118051236000042, 7.09515454700005 ], [ 171.118504465000115, 7.095001056000058 ], [ 171.118955904000018, 7.094852205000052 ], [ 171.119273914000019, 7.094710316000032 ], [ 171.119579763000047, 7.094588950000059 ], [ 171.119909579000023, 7.094456341000068 ], [ 171.120238321000102, 7.09435389500004 ], [ 171.120472625000048, 7.094221642000036 ], [ 171.120740555000111, 7.094112056000029 ], [ 171.120820327000047, 7.094192015000033 ], [ 171.121004908000032, 7.094127762000028 ], [ 171.120964843000024, 7.094027458000028 ], [ 171.121091476000061, 7.094002827000054 ], [ 171.121282499000017, 7.093986052000048 ], [ 171.121356544000037, 7.094018177000066 ], [ 171.121466722000036, 7.09397748400005 ], [ 171.121491404000039, 7.093895385000053 ], [ 171.121601937000037, 7.093813283000031 ], [ 171.121875951000106, 7.093737075000035 ], [ 171.121940697000014, 7.093776340000034 ], [ 171.122126710000089, 7.093697274000021 ], [ 171.122358868000106, 7.093584476000046 ], [ 171.122570996000036, 7.093540570000073 ], [ 171.122904029000097, 7.09339903700004 ], [ 171.123302883000065, 7.093256254000039 ], [ 171.123516799000072, 7.093207886000073 ], [ 171.123790451000104, 7.093105262000051 ], [ 171.12385198100003, 7.093158269000071 ], [ 171.123943555000096, 7.093141135000053 ], [ 171.124002221000069, 7.093076525000072 ], [ 171.124118838000072, 7.09308866300006 ], [ 171.124296266000101, 7.093057251000062 ], [ 171.124481205000052, 7.093018698000037 ], [ 171.124692258000096, 7.092964085000062 ], [ 171.124873977000107, 7.092934460000038 ], [ 171.125077520000104, 7.092831476000072 ], [ 171.125319335000086, 7.092732601000023 ], [ 171.125654518000033, 7.092571614000065 ], [ 171.125894544000062, 7.092492189000041 ], [ 171.126074477000088, 7.09242633100007 ], [ 171.126184296000019, 7.092456494000032 ], [ 171.126225433000059, 7.09238528000003 ], [ 171.126424681000117, 7.092321388000073 ], [ 171.126651118000041, 7.092181460000063 ], [ 171.12703637900006, 7.092048851000072 ], [ 171.127378715000077, 7.09189536100007 ], [ 171.127608368000097, 7.091761501000065 ], [ 171.127787943000044, 7.091710634000037 ], [ 171.12796215100002, 7.091632639000068 ], [ 171.128153529000087, 7.091576063000048 ], [ 171.128252618000033, 7.091566603000047 ], [ 171.128343120000068, 7.091538939000031 ], [ 171.128406435000102, 7.091475937000041 ], [ 171.128492286000096, 7.091446665000035 ], [ 171.128587797000023, 7.091461300000049 ], [ 171.128712999000072, 7.091420965000054 ], [ 171.128754495000067, 7.091301920000035 ], [ 171.12938443500002, 7.091075252000053 ], [ 171.129551131000085, 7.091107558000033 ], [ 171.129705665000074, 7.091042413000025 ], [ 171.129961432000073, 7.090933542000073 ], [ 171.130197168000109, 7.090852510000047 ], [ 171.130353847000038, 7.090808607000042 ], [ 171.130428253000105, 7.090769875000035 ], [ 171.130536284000073, 7.09076380700003 ], [ 171.130603892000067, 7.090743104000069 ], [ 171.130689030000099, 7.09075899000004 ], [ 171.130705841000122, 7.090684028000055 ], [ 171.131110421000017, 7.090497697000046 ], [ 171.131343651000066, 7.090395608000051 ], [ 171.131358675000115, 7.090451829000074 ], [ 171.1314523960001, 7.090470926000023 ], [ 171.131527519000088, 7.090457898000068 ], [ 171.131594769000117, 7.090411493000033 ], [ 171.13160442800006, 7.090328857000031 ], [ 171.131951055000059, 7.090177150000045 ], [ 171.132362072000092, 7.090028657000062 ], [ 171.13253163100012, 7.089945665000073 ], [ 171.132597451000038, 7.090018484000041 ], [ 171.132685093000077, 7.089984752000021 ], [ 171.132734456000094, 7.089931744000069 ], [ 171.132821740000054, 7.089913004000039 ], [ 171.132950161000053, 7.089863921000074 ], [ 171.133061768000061, 7.089833760000033 ], [ 171.133100400000103, 7.08985285600005 ], [ 171.133213798000043, 7.089803238000059 ], [ 171.133252074000097, 7.089710787000058 ], [ 171.133384070000034, 7.089652604000037 ], [ 171.133461339000064, 7.089675806000059 ], [ 171.133552915000109, 7.089658850000035 ], [ 171.133587256000055, 7.08960548500005 ], [ 171.133636261000106, 7.089567647000024 ], [ 171.133698863000063, 7.089575323000076 ], [ 171.133811543000093, 7.089500185000077 ], [ 171.13381297300009, 7.089455029000021 ], [ 171.133937461000073, 7.089388992000067 ], [ 171.134093424000071, 7.08931956400005 ], [ 171.134160319000102, 7.089384530000075 ], [ 171.134249389000047, 7.089361328000052 ], [ 171.134319860000119, 7.089306 ], [ 171.134350266000069, 7.089221045000045 ], [ 171.134516603000066, 7.089165360000038 ], [ 171.134555238000075, 7.089169284000036 ], [ 171.134643953000023, 7.089161253000043 ], [ 171.13464466500011, 7.089096822000045 ], [ 171.134782028000018, 7.089085043000068 ], [ 171.1348546480001, 7.089106639000022 ], [ 171.13497519800012, 7.089079868000056 ], [ 171.135010610000108, 7.088996519000034 ], [ 171.135060692000025, 7.088969212000052 ], [ 171.135117568000055, 7.088964748000024 ], [ 171.135171227000114, 7.088913348000062 ], [ 171.13523060600005, 7.088930123000068 ], [ 171.135288915000046, 7.088880509000035 ], [ 171.135435579000045, 7.088776454000026 ], [ 171.135520358000122, 7.088838566000049 ], [ 171.135626243000047, 7.088796266000031 ], [ 171.13576002800005, 7.088774313000044 ], [ 171.1358022390001, 7.088713631000076 ], [ 171.135901683000043, 7.088689178000038 ], [ 171.136142429000074, 7.088643311000055 ], [ 171.136326296000107, 7.088642062000076 ], [ 171.136474748000069, 7.088607259000071 ], [ 171.13650658600011, 7.088672580000036 ], [ 171.136565967000024, 7.088689178000038 ], [ 171.136595656000054, 7.08864937900006 ], [ 171.136679362000109, 7.088654732000066 ], [ 171.136837115000048, 7.088626711000074 ], [ 171.136990576000017, 7.08860136900006 ], [ 171.137251710000101, 7.088519624000071 ], [ 171.137520355000106, 7.088430564000021 ], [ 171.137796156000036, 7.088364171000023 ], [ 171.138129191000075, 7.088200327000038 ], [ 171.138397120000036, 7.088208359000021 ], [ 171.138620336000031, 7.08820925200007 ], [ 171.138746251000043, 7.088145892000057 ], [ 171.139027776000034, 7.08806432800003 ], [ 171.139356876000079, 7.087977229000046 ], [ 171.139918849000082, 7.087848548000068 ], [ 171.140420368000036, 7.087757882000062 ], [ 171.140608169000075, 7.087858721000032 ], [ 171.140687584000034, 7.087956883000061 ], [ 171.140764851000085, 7.087933326000041 ], [ 171.140806345000101, 7.087817314000063 ], [ 171.140935123000077, 7.087793934000047 ], [ 171.140984489000061, 7.087863898000023 ], [ 171.141098602000056, 7.087865324000063 ], [ 171.141164063000019, 7.08775752400004 ], [ 171.141254564000064, 7.087830164000025 ], [ 171.141381913000032, 7.087778763000074 ], [ 171.141582592000077, 7.087713974000053 ], [ 171.14205728200011, 7.087478205000025 ], [ 171.142772002000015, 7.087117144000047 ], [ 171.143146175000084, 7.086937061000071 ], [ 171.143229880000035, 7.086990783000033 ], [ 171.143350432000034, 7.08694259400005 ], [ 171.143425551000064, 7.086814445000073 ], [ 171.143771106000031, 7.086618120000026 ], [ 171.144203229000027, 7.086453385000027 ], [ 171.144574539000018, 7.086312565000071 ], [ 171.14483352600007, 7.086245994000024 ], [ 171.144999150000103, 7.086231536000071 ], [ 171.145147602000065, 7.086153362000061 ], [ 171.145308932000034, 7.086039494000033 ], [ 171.145695267000065, 7.085984880000069 ], [ 171.145825476000027, 7.085894033000045 ], [ 171.145982872000104, 7.085871011000052 ], [ 171.1462332750001, 7.08579551400004 ], [ 171.146510148000061, 7.085695031000057 ], [ 171.146584553000025, 7.085710738000046 ], [ 171.146705102000055, 7.085726087000069 ], [ 171.146774500000106, 7.085613110000054 ], [ 171.147109322000119, 7.08551084000004 ], [ 171.147484568000095, 7.085359850000032 ], [ 171.14770778500008, 7.085297381000032 ], [ 171.147989665000068, 7.08526222200004 ], [ 171.148369919000061, 7.085239912000077 ], [ 171.148603151000088, 7.085244552000063 ], [ 171.148679703000084, 7.085301487000038 ], [ 171.148819568000022, 7.085358421000024 ], [ 171.148992348000093, 7.085323797000058 ], [ 171.149090361000049, 7.085227062000058 ], [ 171.149210913000047, 7.085178873000075 ], [ 171.149315364000017, 7.085159418000046 ], [ 171.149410161000105, 7.085182620000069 ], [ 171.149529280000024, 7.085185833000025 ], [ 171.149654840000039, 7.085076069000024 ], [ 171.149750349000101, 7.085065003000068 ], [ 171.149841924000043, 7.084954347000064 ], [ 171.150066571000025, 7.084886705000031 ], [ 171.150388158000055, 7.08471036800006 ], [ 171.150657521000085, 7.084566872000039 ], [ 171.150936182000123, 7.084461212000065 ], [ 171.15121699000008, 7.084287197000037 ], [ 171.151503164000019, 7.084144236000043 ], [ 171.151677015000018, 7.084011806000035 ], [ 171.151855157000114, 7.083927920000065 ], [ 171.152019350000046, 7.08395254900006 ], [ 171.152245428000015, 7.08383350500003 ], [ 171.152552348000086, 7.083697862000065 ], [ 171.152774849000025, 7.083589167000071 ], [ 171.153033836000077, 7.083459058000074 ], [ 171.153230581000116, 7.083358038000029 ], [ 171.153340400000047, 7.083323414000063 ], [ 171.153355423000107, 7.08319580400007 ], [ 171.153458089000083, 7.083187772000031 ], [ 171.153614054000059, 7.083026070000074 ], [ 171.153864098000099, 7.082967350000047 ], [ 171.154015771000104, 7.082896138000024 ], [ 171.154232546000117, 7.082756212000049 ], [ 171.154525159000059, 7.082580768000071 ], [ 171.154823495000073, 7.082436379000058 ], [ 171.154867494000086, 7.082315728000026 ], [ 171.15503955600002, 7.082254688000035 ], [ 171.155087491000018, 7.082308053000077 ], [ 171.155397273000062, 7.082179371000052 ], [ 171.155685237000057, 7.082048367000027 ], [ 171.156015051000054, 7.081944313000065 ], [ 171.156250786000101, 7.081846151000036 ], [ 171.156414620000078, 7.081773333000058 ], [ 171.156487597000023, 7.081713721000028 ], [ 171.156673965000095, 7.081626267000047 ], [ 171.156881443000088, 7.081511861000024 ], [ 171.157093926000016, 7.081363012000054 ], [ 171.157210183000075, 7.081441898000037 ], [ 171.157313565000095, 7.081393353000067 ], [ 171.157364717000064, 7.081267883000066 ], [ 171.157412294000096, 7.081198811000036 ], [ 171.157476325000061, 7.08116472200004 ], [ 171.157547512000065, 7.081173468000031 ], [ 171.157725655000036, 7.081077091000054 ], [ 171.157759996000095, 7.080987852000021 ], [ 171.15786266300006, 7.081046570000069 ], [ 171.158050820000085, 7.080953941000075 ], [ 171.158185322000122, 7.080882192000047 ], [ 171.158270458000061, 7.080884512000068 ], [ 171.158405319000053, 7.080876123000053 ], [ 171.158434649000014, 7.080794738000066 ], [ 171.158484731000044, 7.080830433000074 ], [ 171.15863640300006, 7.080822580000074 ], [ 171.158704012000044, 7.080714601000068 ], [ 171.158826707000117, 7.080639105000046 ], [ 171.158995193000123, 7.080591988000037 ], [ 171.159112524000079, 7.080598948000045 ], [ 171.159205889000077, 7.080546653000056 ], [ 171.159362569000109, 7.080477047000045 ], [ 171.159722790000046, 7.080320699000026 ], [ 171.159820446000026, 7.080350684000052 ], [ 171.159958169000106, 7.080303031000028 ], [ 171.160085873000071, 7.080171136000047 ], [ 171.160189252000123, 7.08012259000003 ], [ 171.160240765000026, 7.080170242000065 ], [ 171.160316242000022, 7.080151681000075 ], [ 171.160331982000116, 7.080076720000022 ], [ 171.160605637000117, 7.079969277000032 ], [ 171.160880720000023, 7.079810432000045 ], [ 171.160999841000034, 7.079877182000075 ], [ 171.161111805000019, 7.079820246000054 ], [ 171.161246666000125, 7.079748500000051 ], [ 171.16124237300005, 7.079648908000024 ], [ 171.161331803000053, 7.079623923000042 ], [ 171.161758918000032, 7.079376730000035 ], [ 171.162250778000043, 7.079124361000027 ], [ 171.162445017000096, 7.079062786000065 ], [ 171.162651779000043, 7.079029054000046 ], [ 171.162781989000109, 7.078938208000068 ], [ 171.162943319000078, 7.07882433900005 ], [ 171.163142568000012, 7.078764728000067 ], [ 171.16337472400005, 7.078613201000053 ], [ 171.163634429000012, 7.078512361000037 ], [ 171.163899854000078, 7.078396171000065 ], [ 171.164414611000097, 7.078128989000049 ], [ 171.164879285000097, 7.077935877000073 ], [ 171.165211246000013, 7.077746154000067 ], [ 171.165381520000096, 7.077687257000036 ], [ 171.16560008600004, 7.077669229000037 ], [ 171.165930615000093, 7.077566427000022 ], [ 171.165966743000013, 7.077636390000066 ], [ 171.166052597000089, 7.077621575000023 ], [ 171.166116629000044, 7.077511813000058 ], [ 171.166350933000103, 7.077480220000041 ], [ 171.166470768000067, 7.077465050000058 ], [ 171.166511548000017, 7.07742007500002 ], [ 171.166542670000013, 7.077444168000056 ], [ 171.166705789000048, 7.077415256000052 ], [ 171.166785560000108, 7.077397228000052 ], [ 171.166819184000019, 7.077409544000034 ], [ 171.166871770000057, 7.077434710000034 ], [ 171.16695654800003, 7.07742739300005 ], [ 171.167030953000108, 7.077374919000022 ], [ 171.16715758600003, 7.077365281000027 ], [ 171.167317126000057, 7.077256053000042 ], [ 171.167350752000061, 7.076951390000033 ], [ 171.167265973000099, 7.076783264000028 ], [ 171.167199080000046, 7.076662614000043 ], [ 171.167137911000054, 7.076589081000066 ], [ 171.167011278000018, 7.076427021000029 ], [ 171.166979443000059, 7.076239441000041 ], [ 171.166592034000018, 7.076301375000071 ], [ 171.166580228000043, 7.07634777800007 ], [ 171.166304429000093, 7.076413993000074 ], [ 171.166278317000092, 7.076389186000029 ], [ 171.166220723000038, 7.076408818000061 ], [ 171.166052239000123, 7.076443442000027 ], [ 171.166020400000093, 7.076517511000077 ], [ 171.16584118500009, 7.076536073000057 ], [ 171.16574674900005, 7.076508945000057 ], [ 171.165646946000038, 7.076436839000053 ], [ 171.16558112600012, 7.076438088000032 ], [ 171.165453421000052, 7.076457184000049 ], [ 171.165304251000066, 7.076493951000032 ], [ 171.165120028000047, 7.076613888000054 ], [ 171.164986242000055, 7.076747390000037 ], [ 171.164893233000043, 7.07686536500006 ], [ 171.164784131000033, 7.076916587000028 ], [ 171.163413717000026, 7.077296747000048 ], [ 171.163360775000115, 7.077262123000025 ], [ 171.163261687000045, 7.077271402000065 ], [ 171.163135771000043, 7.077326908000032 ], [ 171.163053855000044, 7.077317093000033 ], [ 171.162974082000119, 7.077328515000033 ], [ 171.162913986000035, 7.077397586000075 ], [ 171.162680039000065, 7.077474153000026 ], [ 171.162566999000092, 7.077452914000048 ], [ 171.16207406500007, 7.077576777000047 ], [ 171.162001807000024, 7.077651562000028 ], [ 171.16185478400007, 7.077668693000021 ], [ 171.161713845000122, 7.077682972000048 ], [ 171.161605813000051, 7.077689040000053 ], [ 171.16149599400012, 7.077770427000075 ], [ 171.161447702000032, 7.077889649000042 ], [ 171.161528189000023, 7.077959614000065 ], [ 171.161463085000037, 7.077986387000067 ], [ 171.161351477000039, 7.078072233000057 ], [ 171.161170472000094, 7.07818342500002 ], [ 171.160912916000029, 7.078296938000051 ], [ 171.16059955500009, 7.07838474700003 ], [ 171.160497249000059, 7.078347269000062 ], [ 171.160409965000099, 7.078421871000046 ], [ 171.16031195100004, 7.078441682000062 ], [ 171.160182457000019, 7.078480414000069 ], [ 171.160095532000014, 7.078484160000073 ], [ 171.160002168000119, 7.078505578000033 ], [ 171.159926331000065, 7.078589462000025 ], [ 171.159808998000017, 7.078622479000046 ], [ 171.159708481000052, 7.078621232000046 ], [ 171.159568972000102, 7.078534491000028 ], [ 171.159470241000122, 7.078584645000035 ], [ 171.159409072000017, 7.078628193000043 ], [ 171.15936686100008, 7.078703868000048 ], [ 171.159286375000079, 7.078689589000021 ], [ 171.159218765000105, 7.078750986000045 ], [ 171.159091061000026, 7.078770082000062 ], [ 171.159019159000081, 7.078885735000028 ], [ 171.158100542000057, 7.079213243000027 ], [ 171.157996089000108, 7.079195396000046 ], [ 171.157674859000053, 7.079346388000033 ], [ 171.157666275000111, 7.079439554000032 ], [ 171.157609398000091, 7.079388151000046 ], [ 171.157491349000111, 7.07938047600004 ], [ 171.157402996000087, 7.079444373000058 ], [ 171.157380814000021, 7.079547710000043 ], [ 171.15730605300007, 7.07960143400004 ], [ 171.157228070000087, 7.07971976500005 ], [ 171.157032041000093, 7.079830421000054 ], [ 171.156838518000086, 7.079947323000056 ], [ 171.156501188000107, 7.080142935000026 ], [ 171.156217160000097, 7.080302494000023 ], [ 171.156115213000021, 7.080305708000026 ], [ 171.156045814000095, 7.080386738000072 ], [ 171.155985004000058, 7.080415114000061 ], [ 171.155636228000049, 7.080586453000024 ], [ 171.155591157000117, 7.080544511000028 ], [ 171.15553177400011, 7.080583598000032 ], [ 171.155384753000021, 7.080697109000027 ], [ 171.155170481000027, 7.08077564000007 ], [ 171.155106450000062, 7.080868805000023 ], [ 171.15501344300003, 7.080931096000029 ], [ 171.154960144000029, 7.080911641000057 ], [ 171.154887884000118, 7.080930738000063 ], [ 171.15473084700011, 7.081141878000039 ], [ 171.154550198000038, 7.081293584000036 ], [ 171.154231116000119, 7.081480808000038 ], [ 171.15385586900004, 7.081683024000029 ], [ 171.153599746000054, 7.081751379000025 ], [ 171.153356138000049, 7.081799032000049 ], [ 171.15330498600008, 7.081912188000047 ], [ 171.153226644000029, 7.081934141000033 ], [ 171.153008796000108, 7.082021595000072 ], [ 171.152833157000032, 7.082104230000027 ], [ 171.152662526000086, 7.082158311000057 ], [ 171.152307670000027, 7.082332505000068 ], [ 171.152268323000044, 7.082287705000056 ], [ 171.152177104000089, 7.082289671000069 ], [ 171.152099121000106, 7.082352316000026 ], [ 171.152037594000035, 7.082355172000064 ], [ 171.151904522000109, 7.082458511000027 ], [ 171.151854084000092, 7.08244512300007 ], [ 171.151772525000069, 7.082476002000021 ], [ 171.151658413000064, 7.082540789000063 ], [ 171.151666642000123, 7.082629848000067 ], [ 171.151492074000089, 7.082723015000056 ], [ 171.151467392000086, 7.082693744000039 ], [ 171.151384759000052, 7.082643235000035 ], [ 171.15128066300008, 7.082681072000071 ], [ 171.151201251000089, 7.082788873000027 ], [ 171.151070684000047, 7.082857765000028 ], [ 171.150915077000036, 7.082967886000063 ], [ 171.15070223400005, 7.083041956000045 ], [ 171.150276194000071, 7.083190092000052 ], [ 171.149933142000123, 7.083317882000074 ], [ 171.149720658000092, 7.08337695900002 ], [ 171.149582579000025, 7.083437998000022 ], [ 171.149515330000099, 7.083499394000057 ], [ 171.149454160000118, 7.083542944000044 ], [ 171.149348276000069, 7.083585242000026 ], [ 171.149286390000043, 7.083603088000075 ], [ 171.149211269000034, 7.083616118000066 ], [ 171.149161904000039, 7.083668948000025 ], [ 171.149123271000121, 7.083720707000055 ], [ 171.149081776000116, 7.083695542000044 ], [ 171.149012736000032, 7.083705713000029 ], [ 171.148914366000099, 7.083755688000053 ], [ 171.148858560000122, 7.083826544000033 ], [ 171.148787732000073, 7.083841180000036 ], [ 171.148708320000082, 7.083837433000042 ], [ 171.14866432000008, 7.083930418000023 ], [ 171.148626402000104, 7.083883479000065 ], [ 171.148517297000012, 7.083879018000061 ], [ 171.148464713000067, 7.083940771000073 ], [ 171.14840282800003, 7.083902934000037 ], [ 171.148287645000096, 7.083957189000046 ], [ 171.148212167000111, 7.084040896000033 ], [ 171.148148134000053, 7.084078376000036 ], [ 171.148013991000084, 7.084059638000042 ], [ 171.147882351000021, 7.084173505000024 ], [ 171.147741766000081, 7.084284162000074 ], [ 171.147644468000067, 7.084400531000028 ], [ 171.147582582000041, 7.08441855600006 ], [ 171.147516763000112, 7.084423019000042 ] ] ] ] } },
{ "type": "Feature", "properties": { "ADM0_EN": "Republic of the Marshall Islands", "ADM0_PCODE": "MH", "ADM1_EN": "Majuro", "ADM1_PCODE": "MH15", "ADM2_EN": "Bridge - Batkan", "ADM2_PCODE": "MH1512", "Shape_Leng": 0.05315776195, "Shape_Area": 2.611573e-05, "ADM0_EN_2": "Republic of the Marshall Islands", "ADM0_PCODE_2": "MH", "ADM1_EN_2": "Majuro", "ADM1_PCODE_2": "MH15", "ADM2_EN_2": "Bridge - Batkan", "ADM2_PCODE_2": "MH1512", "Shape_Leng_2": 0.05315776195, "Shape_Area_2": 2.611573e-05, "xcoord": 171.34365761949462, "ycoord": 7.081692392500031 }, "geometry": { "type": "MultiPolygon", "coordinates": [ [ [ [ 171.353815865000115, 7.083072116000039 ], [ 171.353692095000042, 7.083056590000069 ], [ 171.353646665000042, 7.082976810000048 ], [ 171.353596941000092, 7.082961282000042 ], [ 171.353520748000051, 7.082965031000072 ], [ 171.353468522000071, 7.082987697000021 ], [ 171.353464945000042, 7.082962175000034 ], [ 171.353425953000055, 7.082930764000025 ], [ 171.35333902800005, 7.082957535000048 ], [ 171.353293597000061, 7.082927193000046 ], [ 171.353255679000085, 7.082919519000029 ], [ 171.3530893410001, 7.082856873000026 ], [ 171.353026740000018, 7.082841168000073 ], [ 171.352958058000013, 7.082831886000065 ], [ 171.352921215000038, 7.082832064000058 ], [ 171.352883653000049, 7.082851161000065 ], [ 171.352815688000078, 7.082851161000065 ], [ 171.352626098000087, 7.082801723000046 ], [ 171.352603204000047, 7.082816715000035 ], [ 171.352558131000023, 7.082779057000039 ], [ 171.352466556000081, 7.082767456000056 ], [ 171.352413612000078, 7.082771204000039 ], [ 171.352201487000116, 7.082702846000075 ], [ 171.352133162000086, 7.082683749000068 ], [ 171.351958240000044, 7.082657155000049 ], [ 171.35191674400005, 7.082672327000068 ], [ 171.351681724000059, 7.08261913900003 ], [ 171.351651674000095, 7.082615392000037 ], [ 171.351632001000098, 7.082588799000064 ], [ 171.351605530000029, 7.082600042000024 ], [ 171.35157583900002, 7.08259647400007 ], [ 171.351556165000034, 7.082585050000034 ], [ 171.351526117000049, 7.08259629500003 ], [ 171.351492491000045, 7.082585229000074 ], [ 171.351468882000063, 7.082565954000074 ], [ 171.351423811000018, 7.082569702000058 ], [ 171.351378737000118, 7.082562207000024 ], [ 171.351356201000044, 7.082539539000038 ], [ 171.351306480000062, 7.082531687000028 ], [ 171.351268560000108, 7.082524012000022 ], [ 171.351219194000123, 7.082531687000028 ], [ 171.351169830000117, 7.082516516000055 ], [ 171.351147653000112, 7.082518658000026 ], [ 171.351131911000039, 7.082520264000038 ], [ 171.351064305000023, 7.082491886000071 ], [ 171.351040695000052, 7.082485996000059 ], [ 171.351003133000063, 7.082489922000036 ], [ 171.350992045000112, 7.082474751000063 ], [ 171.350908338000067, 7.08247082500003 ], [ 171.350874355000087, 7.082451907000063 ], [ 171.35081247200003, 7.082451907000063 ], [ 171.350733773000115, 7.082451907000063 ], [ 171.350710879000076, 7.08244441100004 ], [ 171.35068083200008, 7.082447445000071 ], [ 171.3506729610001, 7.082448159000023 ], [ 171.35064684800011, 7.082436915000073 ], [ 171.350624310000057, 7.082417816000032 ], [ 171.350593549000109, 7.082406394000031 ], [ 171.350563143000045, 7.082425133000072 ], [ 171.35053667000011, 7.082394972000031 ], [ 171.35053202000006, 7.082410320000065 ], [ 171.350502687000017, 7.082417638000038 ], [ 171.35048766400007, 7.082399077000048 ], [ 171.350486232000094, 7.082402647000038 ], [ 171.350430429000085, 7.082379801000059 ], [ 171.350399666000044, 7.082387298000071 ], [ 171.350377485000081, 7.082387298000071 ], [ 171.350370333000114, 7.082379980000042 ], [ 171.350346365000064, 7.082379801000059 ], [ 171.350320251000085, 7.082394972000031 ], [ 171.350305586000104, 7.082391402000042 ], [ 171.350298074000079, 7.082380159000024 ], [ 171.350274822000074, 7.082376053000075 ], [ 171.350252286000114, 7.082387298000071 ], [ 171.350218304000123, 7.082360883000035 ], [ 171.350206141000058, 7.082368378000069 ], [ 171.350161426000113, 7.082360883000035 ], [ 171.350119573000029, 7.082338037000056 ], [ 171.350058760000024, 7.08231894000005 ], [ 171.349997591000033, 7.082341962000044 ], [ 171.349960031000023, 7.082360883000035 ], [ 171.349930341000118, 7.082345891000045 ], [ 171.349911382000073, 7.082330720000073 ], [ 171.349869529000102, 7.082311445000073 ], [ 171.349758994000013, 7.082296273000054 ], [ 171.349724653000067, 7.082311445000073 ], [ 171.349713563000023, 7.082311445000073 ], [ 171.349690669000097, 7.08231537100005 ], [ 171.349672427000087, 7.082311623000066 ], [ 171.349663841000051, 7.082300199000031 ], [ 171.349648816000013, 7.082319120000022 ], [ 171.349630930000103, 7.082319298000073 ], [ 171.349627354000063, 7.082300914000029 ], [ 171.349614476000056, 7.082300377000024 ], [ 171.349603387000116, 7.082311623000066 ], [ 171.349486770000112, 7.082296631000077 ], [ 171.349479260000066, 7.082270394000034 ], [ 171.349433828000087, 7.082261292000055 ], [ 171.34937194400004, 7.082258436000075 ], [ 171.349354058000017, 7.082262899000057 ], [ 171.349307913000075, 7.082266110000035 ], [ 171.349239587000056, 7.082260399000063 ], [ 171.34921311700009, 7.082258436000075 ], [ 171.349187363000055, 7.082253796000032 ], [ 171.349162679000074, 7.082252188000041 ], [ 171.349122971000043, 7.082258436000075 ], [ 171.349122615000056, 7.082239696000045 ], [ 171.34907325000006, 7.082245228000033 ], [ 171.34894840700008, 7.082250939000062 ], [ 171.348944829000061, 7.082228810000061 ], [ 171.34893230900002, 7.082216671000026 ], [ 171.348905123000122, 7.082220956000072 ], [ 171.348890814000015, 7.082239160000029 ], [ 171.348868635000031, 7.082213282000055 ], [ 171.3488496760001, 7.082209176000049 ], [ 171.348842166000054, 7.08219418300007 ], [ 171.34881891200007, 7.082186331000059 ], [ 171.348792440000125, 7.082182404000037 ], [ 171.348720184000058, 7.08216348600007 ], [ 171.348697647000108, 7.08216348600007 ], [ 171.348686555000086, 7.082152242000063 ], [ 171.348666167000033, 7.082152242000063 ], [ 171.348654720000013, 7.082164199000033 ], [ 171.348647208000102, 7.082198111000025 ], [ 171.348625032000086, 7.082205428000066 ], [ 171.348603209000089, 7.082205428000066 ], [ 171.348592119000045, 7.082183119000035 ], [ 171.348580672000026, 7.082156526000063 ], [ 171.348560999000028, 7.08214831500004 ], [ 171.348552772000062, 7.082132252000065 ], [ 171.348532023000075, 7.082122079000044 ], [ 171.348490173000073, 7.082115298000076 ], [ 171.348470855000073, 7.082111726000051 ], [ 171.348453326000026, 7.082132609000041 ], [ 171.348456187000124, 7.082146709000028 ], [ 171.348446887000023, 7.082156169000029 ], [ 171.34842363700011, 7.082149564000076 ], [ 171.348396808000075, 7.082142782000062 ], [ 171.348386432000098, 7.08212243600002 ], [ 171.34836103400005, 7.08212618400006 ], [ 171.348358531000031, 7.082134750000023 ], [ 171.348348873000077, 7.082122079000044 ], [ 171.348324189000095, 7.082115475000023 ], [ 171.348307377000083, 7.082125469000061 ], [ 171.348291280000012, 7.082122258000027 ], [ 171.348277687000063, 7.082092809000073 ], [ 171.348270891000084, 7.082078172000024 ], [ 171.348253362000037, 7.082064073000026 ], [ 171.348232973000108, 7.08205711200003 ], [ 171.348208646000103, 7.082057469000063 ], [ 171.348205070000063, 7.08207085500004 ], [ 171.348178956000083, 7.08207085500004 ], [ 171.348167868000019, 7.082057291000069 ], [ 171.348154633000036, 7.082064073000026 ], [ 171.348133884000049, 7.082057291000069 ], [ 171.348114209000073, 7.082063894000044 ], [ 171.34810419400003, 7.082050866000031 ], [ 171.348093463000055, 7.082043547000069 ], [ 171.348059479000085, 7.082040157000051 ], [ 171.34805089300005, 7.082056219000037 ], [ 171.348050538000052, 7.082048009000061 ], [ 171.348037657000077, 7.082061039000052 ], [ 171.348014048000095, 7.082062109000049 ], [ 171.347982928000079, 7.08206014700005 ], [ 171.347969334000027, 7.082056219000037 ], [ 171.347947873000066, 7.082059254000058 ], [ 171.347919969000031, 7.082053544000075 ], [ 171.347901367000077, 7.082051759000024 ], [ 171.347892426000044, 7.082044440000061 ], [ 171.347869532000118, 7.082040337000024 ], [ 171.347868100000028, 7.082022487000074 ], [ 171.347861661000024, 7.082015884000043 ], [ 171.347836621000056, 7.082016956000075 ], [ 171.347819450000088, 7.082018563000076 ], [ 171.347817662000011, 7.082027306000043 ], [ 171.347781175000023, 7.082027306000043 ], [ 171.347770085000093, 7.082019633000073 ], [ 171.347742183000037, 7.082016063000026 ], [ 171.34773825000002, 7.082010352000054 ], [ 171.347714998000015, 7.082010352000054 ], [ 171.347706054000014, 7.082013921000055 ], [ 171.347693894000031, 7.082004998000059 ], [ 171.347691746000123, 7.081993932000046 ], [ 171.34765096600006, 7.081992146000061 ], [ 171.347632722000071, 7.081991612000024 ], [ 171.347620918000075, 7.081995717000041 ], [ 171.347615911000048, 7.081973586000061 ], [ 171.347604464000028, 7.08197055200003 ], [ 171.347586935000095, 7.081985721000024 ], [ 171.347554024000033, 7.081985721000024 ], [ 171.34752934200003, 7.081983223000066 ], [ 171.347524335000116, 7.081975905000036 ], [ 171.347506448000104, 7.081978047000064 ], [ 171.347501441000077, 7.081965910000065 ], [ 171.347457442000064, 7.081972871000062 ], [ 171.34739448400012, 7.081937352000068 ], [ 171.347381605000123, 7.081939675000058 ], [ 171.347371230000022, 7.081927002000043 ], [ 171.347343328000079, 7.081916829000022 ], [ 171.347333671000115, 7.081909511000049 ], [ 171.347328664000088, 7.081896839000024 ], [ 171.347301476000098, 7.081896660000041 ], [ 171.347294323000028, 7.081906478000064 ], [ 171.347277152000061, 7.08190397900006 ], [ 171.347254258000021, 7.081901482000035 ], [ 171.347174844000051, 7.081858110000042 ], [ 171.347152308000091, 7.081868282000073 ], [ 171.347117609000065, 7.081853290000026 ], [ 171.347117253000079, 7.081848294000054 ], [ 171.347094001000073, 7.081832587000065 ], [ 171.347024961000102, 7.081814383000051 ], [ 171.34698525400006, 7.081797072000029 ], [ 171.346982751000041, 7.08178207800006 ], [ 171.346954849000099, 7.081774047000067 ], [ 171.3469444750001, 7.081758876000038 ], [ 171.346944116000031, 7.081745669000043 ], [ 171.34691371200006, 7.081727820000026 ], [ 171.346906557000125, 7.081718184000067 ], [ 171.346908702000064, 7.081707830000028 ], [ 171.346892964000062, 7.081684273000064 ], [ 171.346862914000098, 7.081681773000071 ], [ 171.3468525400001, 7.081661427000029 ], [ 171.346827501000121, 7.081641260000026 ], [ 171.346835013000032, 7.081603243000075 ], [ 171.346835013000032, 7.081585039000061 ], [ 171.346804250000105, 7.081569153000032 ], [ 171.346793877000096, 7.081563978000077 ], [ 171.346778135000022, 7.081574153000076 ], [ 171.346752737000088, 7.081561480000062 ], [ 171.346733063000102, 7.081558982000047 ], [ 171.346725552000066, 7.081546486000036 ], [ 171.346689423000043, 7.081546130000049 ], [ 171.346659374000069, 7.08151311000006 ], [ 171.346631114000047, 7.081489910000073 ], [ 171.346598561000064, 7.081477416000041 ], [ 171.346598561000064, 7.081429405000051 ], [ 171.34658783000009, 7.081413166000061 ], [ 171.346572449000064, 7.081410665000021 ], [ 171.34656279100011, 7.081398172000036 ], [ 171.346555278000096, 7.081373006000035 ], [ 171.346554207000054, 7.081356765000066 ], [ 171.346533458000067, 7.081356945000039 ], [ 171.346518433000028, 7.081364619000055 ], [ 171.346487669000112, 7.081372292000026 ], [ 171.346477296000103, 7.081387998000025 ], [ 171.346469426000112, 7.081413700000041 ], [ 171.346454402000063, 7.081431369000029 ], [ 171.34644796300006, 7.081438151000043 ], [ 171.346440810000104, 7.081421552000052 ], [ 171.346438305000106, 7.081403705000071 ], [ 171.34643329700009, 7.081398350000029 ], [ 171.346435800000108, 7.081381037000028 ], [ 171.346455832000061, 7.081348019000075 ], [ 171.346458337000058, 7.081337488000031 ], [ 171.346434726000098, 7.081318570000064 ], [ 171.346422207000046, 7.081325888000038 ], [ 171.346402534000049, 7.081306077000022 ], [ 171.346402534000049, 7.081286089000059 ], [ 171.346376778000035, 7.081277698000065 ], [ 171.346361038000055, 7.081257175000076 ], [ 171.346337428000083, 7.081262350000031 ], [ 171.346327770000016, 7.081269667000072 ], [ 171.346312389000104, 7.081259674000023 ], [ 171.346303087000024, 7.081262170000059 ], [ 171.346298079000121, 7.081245039000066 ], [ 171.34627876400009, 7.081245039000066 ], [ 171.346276616000068, 7.081253960000026 ], [ 171.346265170000038, 7.081244859000037 ], [ 171.346264095000038, 7.081234150000057 ], [ 171.346246211000107, 7.081236828000044 ], [ 171.346227966000015, 7.081265386000041 ], [ 171.346232975000021, 7.081276449000029 ], [ 171.346253722000029, 7.081279484000049 ], [ 171.346231543000044, 7.081295370000021 ], [ 171.346216877000074, 7.081280733000028 ], [ 171.346209009000063, 7.081247357000052 ], [ 171.346201138000083, 7.081237007000027 ], [ 171.34617288000004, 7.081231652000042 ], [ 171.346149986000114, 7.081221480000067 ], [ 171.346101692000047, 7.081216303000076 ], [ 171.346068784000067, 7.081206128000076 ], [ 171.345971484000074, 7.08121648100007 ], [ 171.345953598000051, 7.081229332000021 ], [ 171.345928916000048, 7.081231831000025 ], [ 171.345852364000052, 7.081198633000042 ], [ 171.345778673000041, 7.081198633000042 ], [ 171.345756139000059, 7.081193635000034 ], [ 171.34573324400003, 7.081175789000042 ], [ 171.345653116000108, 7.081202025000039 ], [ 171.345645604000083, 7.081234686000073 ], [ 171.345597670000075, 7.081234686000073 ], [ 171.345562969000071, 7.081242717000066 ], [ 171.345539719000044, 7.081263063000051 ], [ 171.345496793000052, 7.081283232000033 ], [ 171.345450645000028, 7.081294834000062 ], [ 171.345425251000052, 7.081303577000028 ], [ 171.345410583000103, 7.081302684000036 ], [ 171.345326877000048, 7.081295190000048 ], [ 171.345296113000018, 7.081331777000059 ], [ 171.345285025000067, 7.081309824000073 ], [ 171.345241026000053, 7.08131232300002 ], [ 171.345227074000036, 7.081326424000054 ], [ 171.34520739800007, 7.081306792000021 ], [ 171.345181643000046, 7.08129804500004 ], [ 171.34516984000004, 7.081286445000046 ], [ 171.3451211900001, 7.081274843000074 ], [ 171.345101158000034, 7.081246109000062 ], [ 171.345081127000071, 7.081228795000072 ], [ 171.345048930000075, 7.081231475000038 ], [ 171.345039629000098, 7.081231652000042 ], [ 171.345039272000122, 7.081246646000068 ], [ 171.345034622000071, 7.081253784000069 ], [ 171.345020313000077, 7.081228795000072 ], [ 171.344985615000041, 7.081234508000023 ], [ 171.344968445000063, 7.081231652000042 ], [ 171.344936966000091, 7.081231652000042 ], [ 171.344905127000061, 7.08122005000007 ], [ 171.344789229000071, 7.081207914000061 ], [ 171.34470516500005, 7.081195064000042 ], [ 171.344661166000037, 7.081188461000067 ], [ 171.344647215000123, 7.081174182000041 ], [ 171.344610370000055, 7.081172218000063 ], [ 171.344589264000092, 7.08117114700002 ], [ 171.344566369000063, 7.081176860000028 ], [ 171.344529168000122, 7.08115686900004 ], [ 171.344468355000117, 7.081156690000057 ], [ 171.344422568000027, 7.081148125000027 ], [ 171.344402893000051, 7.081136700000059 ], [ 171.344376779000072, 7.081130811000037 ], [ 171.344350667000072, 7.081130811000037 ], [ 171.344263742000066, 7.081108144000041 ], [ 171.344255156000031, 7.081122422000021 ], [ 171.344232619000081, 7.081139557000029 ], [ 171.344196132000093, 7.08113116800007 ], [ 171.344193271000108, 7.081116890000033 ], [ 171.344158575000051, 7.081130811000037 ], [ 171.344141403000094, 7.081105111000056 ], [ 171.344109208000077, 7.081110823000074 ], [ 171.344057698000029, 7.081110823000074 ], [ 171.343716434000044, 7.081017119000023 ], [ 171.343715361000022, 7.081012659000066 ], [ 171.343701053000018, 7.081021227000065 ], [ 171.343662062000021, 7.081009625000036 ], [ 171.343632372000116, 7.081004091000068 ], [ 171.34360089200004, 7.081001237000066 ], [ 171.34356369000011, 7.080986780000046 ], [ 171.343520763000015, 7.080989634000048 ], [ 171.343503592000047, 7.08096411300005 ], [ 171.34347175500011, 7.080946444000062 ], [ 171.343450649000033, 7.080946444000062 ], [ 171.343436342000018, 7.080955188000075 ], [ 171.343424894000123, 7.080972323000026 ], [ 171.343379823000078, 7.080966791000037 ], [ 171.343359790000022, 7.080949477000047 ], [ 171.343345480000039, 7.080938056000036 ], [ 171.343334034000122, 7.080918067000027 ], [ 171.343307206000077, 7.080920564000053 ], [ 171.343284312000037, 7.080929310000045 ], [ 171.343275370000015, 7.080949477000047 ], [ 171.343247466000093, 7.080949477000047 ], [ 171.343126916000074, 7.080914852000035 ], [ 171.343095078000033, 7.080920564000053 ], [ 171.343075046000081, 7.080909142000053 ], [ 171.343051796000054, 7.080914852000035 ], [ 171.343034625000087, 7.080906286000072 ], [ 171.343017097000029, 7.080911999000023 ], [ 171.342991698000105, 7.080911999000023 ], [ 171.342923017000089, 7.080883264000022 ], [ 171.342876514000068, 7.080883264000022 ], [ 171.342811052000116, 7.08087166100006 ], [ 171.34278780000011, 7.080848639000067 ], [ 171.342745232000084, 7.080839714000035 ], [ 171.342715183000109, 7.08082722100005 ], [ 171.342596063000087, 7.080779746000076 ], [ 171.34260715400012, 7.080694433000076 ], [ 171.342695512000091, 7.080703001000074 ], [ 171.342699086000039, 7.080623934000073 ], [ 171.342533463000109, 7.080592164000052 ], [ 171.342531316000077, 7.080668376000062 ], [ 171.34259105600006, 7.080682477000039 ], [ 171.342574242000069, 7.080781172000059 ], [ 171.34255242200004, 7.080756543000064 ], [ 171.342532390000088, 7.08073048600005 ], [ 171.342434018000063, 7.080709961000025 ], [ 171.342385010000044, 7.080718705000038 ], [ 171.342351027000063, 7.080718705000038 ], [ 171.342310963000045, 7.080701573000056 ], [ 171.342310248000103, 7.080713709000065 ], [ 171.342269110000075, 7.080697109000027 ], [ 171.342242639000119, 7.080686580000076 ], [ 171.342217958000106, 7.08067158700004 ], [ 171.342129243000045, 7.080646780000052 ], [ 171.342099554000015, 7.080631965000066 ], [ 171.342054838000081, 7.08061215500004 ], [ 171.342030156000078, 7.080607156000042 ], [ 171.34198579800011, 7.080607156000042 ], [ 171.341946449000034, 7.080602160000069 ], [ 171.341901734000089, 7.080582350000043 ], [ 171.341852729000038, 7.080582350000043 ], [ 171.341818028000034, 7.080562538000038 ], [ 171.341787265000107, 7.08055986100004 ], [ 171.341763655000022, 7.080557717000033 ], [ 171.341719299000033, 7.080537728000024 ], [ 171.341674227000112, 7.080534338000064 ], [ 171.341655268000068, 7.080532911000034 ], [ 171.341610910000099, 7.080523093000068 ], [ 171.341502164000076, 7.080493288000071 ], [ 171.341473547000078, 7.080496143000062 ], [ 171.341437417000066, 7.080492575000051 ], [ 171.341409159000023, 7.080481864000035 ], [ 171.341398426000069, 7.080460269000071 ], [ 171.341390915000034, 7.080452775000026 ], [ 171.341364444000078, 7.080452597000033 ], [ 171.341350492000061, 7.080459911000048 ], [ 171.341317940000067, 7.080459911000048 ], [ 171.341260348000105, 7.080449025000064 ], [ 171.341238884000063, 7.080438140000069 ], [ 171.341198463000069, 7.080427250000071 ], [ 171.341155180000101, 7.08043082100005 ], [ 171.341141228000083, 7.08043439000005 ], [ 171.34111976500003, 7.080416543000069 ], [ 171.341072545000088, 7.080409226000029 ], [ 171.341014597000026, 7.080391021000025 ], [ 171.34093840200012, 7.080376563000073 ], [ 171.340930533000119, 7.080394590000026 ], [ 171.340905850000013, 7.080391021000025 ], [ 171.340885102000016, 7.080394590000026 ], [ 171.34088152400011, 7.080366211000069 ], [ 171.340862924000021, 7.080365677000032 ], [ 171.340858989000026, 7.080358358000069 ], [ 171.340807836000067, 7.080344080000032 ], [ 171.340792810000039, 7.080355323000049 ], [ 171.340785657000083, 7.080384415000026 ], [ 171.340768488000094, 7.080398337000076 ], [ 171.340743804000113, 7.080394947000059 ], [ 171.340729495000119, 7.080376920000049 ], [ 171.340721626000118, 7.080365677000032 ], [ 171.340692649000061, 7.080362107000042 ], [ 171.340641854000069, 7.080380312000045 ], [ 171.3405985710001, 7.080380312000045 ], [ 171.340580684000088, 7.080376741000066 ], [ 171.340544555000065, 7.080373172000066 ], [ 171.340494477000107, 7.080356038000048 ], [ 171.340475874000049, 7.080351397000072 ], [ 171.340456915000118, 7.080358894000028 ], [ 171.340428297000017, 7.080384059000039 ], [ 171.340418282000087, 7.080380848000061 ], [ 171.340413988000023, 7.080358536000062 ], [ 171.340396818000045, 7.080361215000039 ], [ 171.340373568000018, 7.080364962000033 ], [ 171.340357826000059, 7.080358715000045 ], [ 171.340341729000102, 7.080355503000021 ], [ 171.3403259910001, 7.080374422000034 ], [ 171.340294510000035, 7.080374601000074 ], [ 171.340263389000029, 7.080387094000059 ], [ 171.340213668000047, 7.080384772000059 ], [ 171.34016680600007, 7.080378705000044 ], [ 171.3401249530001, 7.080373709000071 ], [ 171.340084531000116, 7.080371566000053 ], [ 171.340058776000092, 7.080381025000065 ], [ 171.340014777000079, 7.080428679000022 ], [ 171.339964695000049, 7.080450631000076 ], [ 171.339948599000081, 7.080492218000074 ], [ 171.339932859000101, 7.080520417000059 ], [ 171.339908535000063, 7.080535945000065 ], [ 171.339887072000124, 7.080523628000037 ], [ 171.339864535000061, 7.080529696000042 ], [ 171.339843073000111, 7.080520417000059 ], [ 171.339830194000115, 7.080510957000058 ], [ 171.339823040000056, 7.08052327200005 ], [ 171.339761512000109, 7.080507746000023 ], [ 171.339752212000121, 7.080495429000052 ], [ 171.339717155000017, 7.080480439000041 ], [ 171.339707497000063, 7.080476154000053 ], [ 171.339682099000015, 7.080476154000053 ], [ 171.339678522000099, 7.080482222000057 ], [ 171.339638814000068, 7.080469907000065 ], [ 171.339629872000046, 7.080464018000043 ], [ 171.339635953000084, 7.080448132000072 ], [ 171.339538297000104, 7.080349970000043 ], [ 171.339500378000025, 7.080343545000062 ], [ 171.339484996000124, 7.080334265000033 ], [ 171.339481778000049, 7.080312669000023 ], [ 171.339466038000069, 7.080290180000077 ], [ 171.339450300000067, 7.080255555000065 ], [ 171.339434558000107, 7.08024877400004 ], [ 171.339415600000052, 7.080230032000031 ], [ 171.339409519000014, 7.080217361000052 ], [ 171.33936480400007, 7.08015703500007 ], [ 171.339302202000113, 7.080153823000046 ], [ 171.339262140000073, 7.08013776100006 ], [ 171.339261781000118, 7.080128835000039 ], [ 171.339251766000075, 7.080119198000034 ], [ 171.339229587000091, 7.080112772000064 ], [ 171.339207409000096, 7.08011598500002 ], [ 171.339194532000079, 7.080131692000066 ], [ 171.339170564000028, 7.080128659000025 ], [ 171.33916126400004, 7.080110097000045 ], [ 171.339094372000091, 7.080052805000037 ], [ 171.339073264000035, 7.080052805000037 ], [ 171.339066826000021, 7.080027640000026 ], [ 171.339031053000099, 7.080027640000026 ], [ 171.338999934000071, 7.080040312000051 ], [ 171.338975251000079, 7.080043345000036 ], [ 171.338960583000016, 7.080040489000055 ], [ 171.338966307000078, 7.080018536000068 ], [ 171.338950568000087, 7.079990159000033 ], [ 171.338902991000054, 7.079970705000051 ], [ 171.338809984000022, 7.07995767500006 ], [ 171.338773854000124, 7.079951785000048 ], [ 171.3387491740001, 7.079958034000072 ], [ 171.338706248000108, 7.079893781000067 ], [ 171.338636490000113, 7.07987950200004 ], [ 171.338498056000049, 7.079823995000027 ], [ 171.338322776000041, 7.079796153000075 ], [ 171.338276627000027, 7.079731365000043 ], [ 171.338042681000047, 7.079699955000024 ], [ 171.337805157000048, 7.079680319000033 ], [ 171.337504675000105, 7.079666577000069 ], [ 171.336885824000092, 7.079535039000064 ], [ 171.336668332000045, 7.079507732000025 ], [ 171.33655064200002, 7.079471322000074 ], [ 171.33645656300007, 7.079462220000039 ], [ 171.336398971000108, 7.079480424000053 ], [ 171.336260177000099, 7.079425811000021 ], [ 171.336232633000122, 7.079444014000046 ], [ 171.335725031000038, 7.079319794000071 ], [ 171.335694627000066, 7.079322829000034 ], [ 171.335670659000016, 7.079322829000034 ], [ 171.335631308000075, 7.079313726000066 ], [ 171.335580157000095, 7.079289454000047 ], [ 171.335525425000014, 7.079271247000065 ], [ 171.33549215700009, 7.079274283000075 ], [ 171.335471052000116, 7.07926518000005 ], [ 171.335401298000079, 7.079246977000025 ], [ 171.335362306000093, 7.079243940000026 ], [ 171.3353376230001, 7.079231805000063 ], [ 171.335304357000041, 7.079237872000022 ], [ 171.335229236000032, 7.079219670000043 ], [ 171.335164489000022, 7.079209674000026 ], [ 171.335111188000042, 7.07920146400005 ], [ 171.335075059000019, 7.079195396000046 ], [ 171.335047872000018, 7.079183260000036 ], [ 171.33501138500003, 7.079171124000027 ], [ 171.334986703000027, 7.07916541000003 ], [ 171.334929825000017, 7.079143815000066 ], [ 171.334890478000034, 7.079149885000049 ], [ 171.334824299000047, 7.079140961000064 ], [ 171.334818219000113, 7.079128824000065 ], [ 171.334787455000082, 7.07912703900007 ], [ 171.334763486000043, 7.079125610000062 ], [ 171.334739519000095, 7.07911972100004 ], [ 171.334724139000059, 7.079107406000048 ], [ 171.334688009000047, 7.079107406000048 ], [ 171.33466368400002, 7.07909830400007 ], [ 171.334624693000023, 7.079080278000049 ], [ 171.334614677000104, 7.079092415000048 ], [ 171.33460001100002, 7.079101339000033 ], [ 171.334582483000077, 7.079095447000043 ], [ 171.334570677000102, 7.079071533000047 ], [ 171.334291659000087, 7.079012633000048 ], [ 171.334233352000069, 7.07901299100007 ], [ 171.334233352000069, 7.078997463000064 ], [ 171.33420258700005, 7.079001925000057 ], [ 171.334180409000055, 7.079013169000063 ], [ 171.334164312000098, 7.079026733000035 ], [ 171.334056281000016, 7.078980330000036 ], [ 171.333800154000073, 7.079819532000045 ], [ 171.333829489000095, 7.079849517000071 ], [ 171.333864901000084, 7.079849517000071 ], [ 171.333896024000069, 7.079865224000059 ], [ 171.33393000600006, 7.07988235800002 ], [ 171.333959698000058, 7.079923230000077 ], [ 171.33397078500002, 7.079945181000028 ], [ 171.334052703000111, 7.080000152000025 ], [ 171.334097418000056, 7.080072794000046 ], [ 171.33411530300009, 7.080095996000068 ], [ 171.33414249000009, 7.080147754000052 ], [ 171.334137125000098, 7.080169706000049 ], [ 171.33415358000002, 7.080203081000036 ], [ 171.334161809000079, 7.080200942000033 ], [ 171.334164312000098, 7.080207902000041 ], [ 171.334131759000115, 7.080279292000057 ], [ 171.334147856000072, 7.080320344000029 ], [ 171.334107435000078, 7.08037495800005 ], [ 171.334118166000053, 7.080394947000059 ], [ 171.334118166000053, 7.080432784000038 ], [ 171.334110296000063, 7.080440636000048 ], [ 171.33414571000003, 7.080474904000027 ], [ 171.334170392000033, 7.080475083000067 ], [ 171.334199725000076, 7.080504710000071 ], [ 171.334194717000059, 7.080528984000068 ], [ 171.334232992000125, 7.080551649000029 ], [ 171.334249806000116, 7.080584848000058 ], [ 171.334431168000037, 7.080655345000025 ], [ 171.334449411000037, 7.080679441000029 ], [ 171.334487687000092, 7.080689792000044 ], [ 171.334516664000034, 7.080698002000076 ], [ 171.334538125000108, 7.080697823000037 ], [ 171.334571393000033, 7.080685687000027 ], [ 171.334586775000048, 7.080676406000066 ], [ 171.334592857000075, 7.080660523000063 ], [ 171.334589996000091, 7.080646067000032 ], [ 171.334631132000027, 7.080643031000022 ], [ 171.334658318000038, 7.080649099000027 ], [ 171.33468335900011, 7.080661057000043 ], [ 171.334734155000092, 7.080646067000032 ], [ 171.334757763000084, 7.080646067000032 ], [ 171.334763129000066, 7.080654097000036 ], [ 171.334751682000046, 7.080662663000055 ], [ 171.334760268000082, 7.080681405000064 ], [ 171.334745959000088, 7.080689971000027 ], [ 171.334960589000048, 7.080779746000076 ], [ 171.334969890000025, 7.080776890000038 ], [ 171.335000653000066, 7.080798664000042 ], [ 171.33503070200004, 7.080807231000051 ], [ 171.335057889000041, 7.080804019000027 ], [ 171.335081499000012, 7.080810086000042 ], [ 171.335102961000075, 7.080822223000041 ], [ 171.335127287000091, 7.080831504000059 ], [ 171.335157334000087, 7.08083436000004 ], [ 171.335165919000019, 7.080840070000022 ], [ 171.335166277000098, 7.080858633000048 ], [ 171.335192749000043, 7.080864879000046 ], [ 171.33519346300011, 7.080873804000021 ], [ 171.335208846000114, 7.080886117000034 ], [ 171.33522744600009, 7.080886117000034 ], [ 171.33525105800004, 7.080883085000039 ], [ 171.335259998000083, 7.080895220000059 ], [ 171.335293623000098, 7.080904323000027 ], [ 171.335302569000078, 7.080898611000066 ], [ 171.335314372000084, 7.080913424000073 ], [ 171.335326892000012, 7.080919492000021 ], [ 171.3353569410001, 7.080922527000041 ], [ 171.335371606000081, 7.080931274000022 ], [ 171.335374470000033, 7.080958223000039 ], [ 171.335395932000097, 7.080971074000047 ], [ 171.335426337000058, 7.08097125300003 ], [ 171.335444582000036, 7.080983210000056 ], [ 171.335505035000097, 7.081004627000027 ], [ 171.335535083000082, 7.081004627000027 ], [ 171.335541522000085, 7.081010695000032 ], [ 171.335595538000121, 7.081016587000022 ], [ 171.335601618000055, 7.081028722000042 ], [ 171.335613780000017, 7.081041037000034 ], [ 171.335625944000071, 7.081041037000034 ], [ 171.335634530000107, 7.081058884000072 ], [ 171.335671732000037, 7.081065310000042 ], [ 171.335705714000028, 7.081037648000063 ], [ 171.335711796000055, 7.081022297000061 ], [ 171.335731469000052, 7.081008556000029 ], [ 171.335747567000112, 7.081001416000049 ], [ 171.335763307000093, 7.081000880000033 ], [ 171.335763307000093, 7.080988922000074 ], [ 171.335777617000076, 7.080983210000056 ], [ 171.335831631000019, 7.080989102000046 ], [ 171.335862396000039, 7.08100730600006 ], [ 171.335868833000063, 7.080988922000074 ], [ 171.33588958100006, 7.080979998000032 ], [ 171.335903532000088, 7.080982851000044 ], [ 171.33590424800002, 7.080995169000062 ], [ 171.33594860300002, 7.080995526000038 ], [ 171.335943237000038, 7.081011766000074 ], [ 171.335916052000016, 7.081014979000031 ], [ 171.335903532000088, 7.081036398000037 ], [ 171.335958622000021, 7.081077269000048 ], [ 171.335988668000027, 7.081089404000068 ], [ 171.33608274900007, 7.081056029000024 ], [ 171.336138910000045, 7.081090120000056 ], [ 171.33621116900008, 7.081076554000049 ], [ 171.336229055000103, 7.081090120000056 ], [ 171.336671551000109, 7.081121709000058 ], [ 171.336699095000085, 7.081123672000047 ], [ 171.336737372000016, 7.081114747000072 ], [ 171.336762410000119, 7.081125815000064 ], [ 171.336773857000026, 7.081116712000039 ], [ 171.33679746700011, 7.081106182000042 ], [ 171.336813565000057, 7.081103326000061 ], [ 171.336867580000103, 7.081116712000039 ], [ 171.336928392000118, 7.081114393000064 ], [ 171.336968814000102, 7.081107609000071 ], [ 171.336988847000043, 7.081116712000039 ], [ 171.337015676000078, 7.081121175000021 ], [ 171.337045365000108, 7.081132417000049 ], [ 171.337072195000019, 7.081127956000046 ], [ 171.337114764000034, 7.081130098000074 ], [ 171.337146242000017, 7.081139200000052 ], [ 171.337180224000122, 7.081141522000053 ], [ 171.337236386000086, 7.08112331500007 ], [ 171.337265363000029, 7.081127777000063 ], [ 171.337282532000017, 7.081149552000056 ], [ 171.337298987000054, 7.081163830000037 ], [ 171.337339408000048, 7.081188639000061 ], [ 171.337422758000116, 7.081179714000029 ], [ 171.337491797000098, 7.081206307000059 ], [ 171.337532933000034, 7.081224871000074 ], [ 171.337560838000059, 7.08121077100003 ], [ 171.337569779000091, 7.081195064000042 ], [ 171.337600901000087, 7.081163650000065 ], [ 171.337629518000085, 7.081154729000048 ], [ 171.337714655000013, 7.081206485000052 ], [ 171.337797646000013, 7.081285373000071 ], [ 171.337801937000108, 7.081300723000027 ], [ 171.337788703000115, 7.081331955000053 ], [ 171.337770101000046, 7.081358369000043 ], [ 171.337755076000121, 7.081379431000073 ], [ 171.337712509000085, 7.081492587000071 ], [ 171.337640965000105, 7.081526318000044 ], [ 171.33764490100009, 7.081552199000043 ], [ 171.337667794000026, 7.081566299000031 ], [ 171.337699986000075, 7.081562015000031 ], [ 171.337747564000097, 7.08153470700006 ], [ 171.337790133000112, 7.081489196000064 ], [ 171.337821968000071, 7.08141209300004 ], [ 171.337851302000104, 7.081358905000059 ], [ 171.3378641810001, 7.081335347000049 ], [ 171.337904245000118, 7.081317498000033 ], [ 171.337987236000117, 7.081342309000036 ], [ 171.338139265000109, 7.081342131000042 ], [ 171.33813998100004, 7.081382823000069 ], [ 171.338372138000068, 7.081409773000075 ], [ 171.338388236000014, 7.081384787000047 ], [ 171.338410414000123, 7.081371401000069 ], [ 171.338446544000021, 7.081369973000051 ], [ 171.33846836500004, 7.081369079000069 ], [ 171.338489113000037, 7.081373541000062 ], [ 171.338506998000071, 7.081366581000054 ], [ 171.338529533000042, 7.081350876000045 ], [ 171.338615029000039, 7.081348376000051 ], [ 171.338630767000041, 7.081328209000048 ], [ 171.338659028000052, 7.081332670000052 ], [ 171.338702312000123, 7.081355338000037 ], [ 171.338724491000107, 7.081350876000045 ], [ 171.338730929000121, 7.08136104700003 ], [ 171.338790667000012, 7.081357837000041 ], [ 171.338881527000012, 7.081379966000043 ], [ 171.338954145000116, 7.081386212000041 ], [ 171.339010306000091, 7.081379789000039 ], [ 171.339095444000122, 7.081411379000031 ], [ 171.339221001000055, 7.081420839000032 ], [ 171.339302561000068, 7.081439578000072 ], [ 171.339362299000072, 7.081464922000066 ], [ 171.33949429900008, 7.081490090000045 ], [ 171.339526134000039, 7.08151543200006 ], [ 171.339545453000028, 7.081512042000043 ], [ 171.339560834000054, 7.081499547000021 ], [ 171.339575857000114, 7.081499547000021 ], [ 171.339629872000046, 7.081550057000072 ], [ 171.339720732000046, 7.081534350000027 ], [ 171.339745415000039, 7.081543631000045 ], [ 171.339760796000064, 7.081559159000051 ], [ 171.339774747000092, 7.081581290000031 ], [ 171.339946095000073, 7.08162341000002 ], [ 171.340016566000031, 7.081640545000027 ], [ 171.340089540000122, 7.081674278000037 ], [ 171.340216172000055, 7.081674278000037 ], [ 171.340227618000085, 7.081659821000073 ], [ 171.340277698000023, 7.081659642000034 ], [ 171.340378932000021, 7.081688733000021 ], [ 171.340454769000075, 7.081696052000041 ], [ 171.340479808000055, 7.081706760000031 ], [ 171.340501272000097, 7.081724787000041 ], [ 171.340560296000035, 7.081728534000035 ], [ 171.340564230000041, 7.081710508000072 ], [ 171.34060966100003, 7.081717648000051 ], [ 171.340613953000116, 7.081724967000071 ], [ 171.340638993000084, 7.081728534000035 ], [ 171.340660457000013, 7.081746561000045 ], [ 171.340674765000017, 7.081768157000056 ], [ 171.340693365000106, 7.081768515000022 ], [ 171.34072234100006, 7.081797605000077 ], [ 171.340877590000105, 7.08181581100007 ], [ 171.340902989000028, 7.081830267000043 ], [ 171.34095736200004, 7.081833837000033 ], [ 171.341015311000092, 7.08182295000006 ], [ 171.341061816000092, 7.081840975000034 ], [ 171.341142300000115, 7.081888272000072 ], [ 171.341207048000115, 7.081877386000031 ], [ 171.341228511000054, 7.081877386000031 ], [ 171.341246397000077, 7.081880953000052 ], [ 171.341271437000046, 7.081898982000041 ], [ 171.341304704000095, 7.081910046000075 ], [ 171.341351208000106, 7.081913618000044 ], [ 171.341358720000017, 7.081920934000038 ], [ 171.341427760000101, 7.081928074000075 ], [ 171.341459238000084, 7.081910404000041 ], [ 171.341483205000031, 7.081886311000062 ], [ 171.341503236000108, 7.081910582000035 ], [ 171.341557253000019, 7.081910582000035 ], [ 171.341567627000018, 7.081916829000022 ], [ 171.34158122000008, 7.081925039000055 ], [ 171.341586228000097, 7.081949848000022 ], [ 171.341621643000053, 7.081992325000044 ], [ 171.341651333000073, 7.081999820000021 ], [ 171.342026220000093, 7.081989648000047 ], [ 171.342061278000074, 7.081944671000031 ], [ 171.342061636000039, 7.08189969600005 ], [ 171.342085602000111, 7.081875421000063 ], [ 171.342114576000085, 7.081880242000068 ], [ 171.342208656000025, 7.081939852000062 ], [ 171.342253015000097, 7.081939852000062 ], [ 171.342273046000059, 7.081934857000022 ], [ 171.342307745000085, 7.081885061000037 ], [ 171.342331711000043, 7.081880242000068 ], [ 171.342347809000103, 7.081889700000033 ], [ 171.3423481640001, 7.08190041000006 ], [ 171.342418278000082, 7.081894520000048 ], [ 171.342441173000111, 7.081871317000036 ], [ 171.342483741000024, 7.081848472000047 ], [ 171.342537399000094, 7.081862750000028 ], [ 171.342543479000028, 7.081879706000052 ], [ 171.342578177000064, 7.081891664000068 ], [ 171.342616096000029, 7.081894520000048 ], [ 171.342648291000046, 7.081885061000037 ], [ 171.34265115200003, 7.081868105000069 ], [ 171.34268191600006, 7.081851149000045 ], [ 171.342715899000041, 7.081868282000073 ], [ 171.342744873000015, 7.08190879600005 ], [ 171.342779215000064, 7.081928968000057 ], [ 171.342813915000079, 7.081931999000062 ], [ 171.342853980000086, 7.081952167000054 ], [ 171.342891181000027, 7.081955024000024 ], [ 171.34291622100011, 7.081977513000027 ], [ 171.342960221000112, 7.082001250000076 ], [ 171.343028901000025, 7.081995537000068 ], [ 171.343031763000113, 7.082035516000076 ], [ 171.343041422000056, 7.082050330000072 ], [ 171.343088998000098, 7.082044620000033 ], [ 171.343083274000037, 7.08208959600006 ], [ 171.343072184000107, 7.082109765000041 ], [ 171.343161258000123, 7.082145638000043 ], [ 171.343173421000074, 7.082157238000036 ], [ 171.343248182000025, 7.082165985000074 ], [ 171.343283596000106, 7.082164199000033 ], [ 171.343308636000074, 7.082162951000043 ], [ 171.343328667000037, 7.082154204000062 ], [ 171.343351562000066, 7.082151350000061 ], [ 171.343420243000082, 7.082165807000024 ], [ 171.3434341950001, 7.082177228000035 ], [ 171.343460667000045, 7.082171517000063 ], [ 171.343579071000022, 7.082191506000072 ], [ 171.343613412000082, 7.082168483000032 ], [ 171.343635590000076, 7.082168483000032 ], [ 171.343658127000026, 7.082202929000061 ], [ 171.34367279200012, 7.082205964000025 ], [ 171.343682094000087, 7.082229165000058 ], [ 171.343701053000018, 7.082229165000058 ], [ 171.343701409000118, 7.082243087000052 ], [ 171.343707492000021, 7.082260935000022 ], [ 171.343730385000072, 7.082272535000072 ], [ 171.343751491000035, 7.082272357000022 ], [ 171.343765441000073, 7.082263968000063 ], [ 171.343781897000099, 7.082269501000042 ], [ 171.343796207000082, 7.082309480000049 ], [ 171.343897439000102, 7.082367309000063 ], [ 171.343971844000066, 7.082402469000044 ], [ 171.343997958000045, 7.082402469000044 ], [ 171.344058054000016, 7.08244565800004 ], [ 171.344089176000011, 7.082437450000043 ], [ 171.344092753000041, 7.082469040000035 ], [ 171.344176102000119, 7.082477608000033 ], [ 171.344182542000112, 7.082466185000044 ], [ 171.344204718000015, 7.082474572000024 ], [ 171.344234052000047, 7.082482425000023 ], [ 171.344244783000022, 7.082485996000059 ], [ 171.344267319000096, 7.082511519000036 ], [ 171.344264459000101, 7.082519728000022 ], [ 171.344267319000096, 7.082537396000021 ], [ 171.344281629000079, 7.082540968000046 ], [ 171.344282341000053, 7.08255256800004 ], [ 171.344319904000031, 7.082570060000023 ], [ 171.344343154000057, 7.082572914000025 ], [ 171.344363188000102, 7.082564169000023 ], [ 171.344415056000116, 7.082572736000031 ], [ 171.344435446000034, 7.08256399000004 ], [ 171.344450112000118, 7.082546501000024 ], [ 171.344458340000074, 7.082535256000028 ], [ 171.344495185000028, 7.082535256000028 ], [ 171.344509852000101, 7.082537932000037 ], [ 171.34451879300002, 7.082526511000026 ], [ 171.344534534000104, 7.082526511000026 ], [ 171.34453489100008, 7.082532043000072 ], [ 171.344572453000069, 7.082555246000027 ], [ 171.344627540000033, 7.08256399000004 ], [ 171.34473950600011, 7.082558100000028 ], [ 171.34479960200008, 7.082566667000037 ], [ 171.344819635000022, 7.082575770000062 ], [ 171.344825358000094, 7.08257826800002 ], [ 171.344835016000047, 7.082566667000037 ], [ 171.344844674000115, 7.082564169000023 ], [ 171.344842170000106, 7.082580052000026 ], [ 171.344871503000036, 7.082589870000049 ], [ 171.344951990000027, 7.08259272500004 ], [ 171.344966300000124, 7.082587014000069 ], [ 171.344983827000078, 7.082601293000039 ], [ 171.345000997000056, 7.082598436000069 ], [ 171.345023535000109, 7.082609860000048 ], [ 171.34504964600012, 7.082607181000071 ], [ 171.345210977000079, 7.082713377000061 ], [ 171.345269285000086, 7.082733009000037 ], [ 171.345280732000106, 7.08274461000002 ], [ 171.345292537000091, 7.082768170000065 ], [ 171.345309349000104, 7.082764421000036 ], [ 171.345321154000089, 7.082748715000037 ], [ 171.345347983000124, 7.082744967000053 ], [ 171.345383040000115, 7.082756747000076 ], [ 171.345414518000098, 7.082756747000076 ], [ 171.345627001000025, 7.082819393000023 ], [ 171.34579799200003, 7.082889892000026 ], [ 171.345813013000111, 7.082884715000034 ], [ 171.345819813000048, 7.082876506000048 ], [ 171.345823747000054, 7.082871864000026 ], [ 171.345833047000042, 7.082867046000047 ], [ 171.345860950000088, 7.082894888000055 ], [ 171.345905306000077, 7.082906668000021 ], [ 171.345909240000083, 7.082907739000063 ], [ 171.345931779000011, 7.082927907000055 ], [ 171.345947159000048, 7.082948611000063 ], [ 171.345987938000121, 7.082971635000035 ], [ 171.345996525000032, 7.082961639000075 ], [ 171.346031222000079, 7.082968957000048 ], [ 171.346047677000115, 7.082983593000051 ], [ 171.346072003000018, 7.082997156000033 ], [ 171.34608989000003, 7.08299216000006 ], [ 171.346099548000097, 7.083001798000055 ], [ 171.346104555000124, 7.083021253000027 ], [ 171.346112783000081, 7.083032851000041 ], [ 171.346141042000113, 7.083048380000037 ], [ 171.346347086000037, 7.083066048000035 ], [ 171.346380353000086, 7.083061052000062 ], [ 171.346408257000121, 7.083053198000073 ], [ 171.346426142000041, 7.083050702000037 ], [ 171.346446533000062, 7.083037850000039 ], [ 171.346485882000025, 7.083034637000026 ], [ 171.346507343000098, 7.083032674000037 ], [ 171.346553490000019, 7.083019645000036 ], [ 171.346573879000061, 7.083001619000072 ], [ 171.346574238000017, 7.08298555600004 ], [ 171.346550629000035, 7.082965745000024 ], [ 171.346540971000081, 7.082954321000045 ], [ 171.346533814000054, 7.082942185000036 ], [ 171.346540611000023, 7.082933082000068 ], [ 171.34656279100011, 7.082940400000041 ], [ 171.346582823000062, 7.082953253000028 ], [ 171.346599279000088, 7.082958249000058 ], [ 171.346614659000124, 7.082942721000052 ], [ 171.346614659000124, 7.082917556000041 ], [ 171.346627894000108, 7.082918449000033 ], [ 171.346649, 7.082919875000073 ], [ 171.346661520000112, 7.082952716000023 ], [ 171.346676544000047, 7.082975740000052 ], [ 171.346684414000038, 7.082998763000035 ], [ 171.346713031000036, 7.082996799000057 ], [ 171.346730559000093, 7.083006794000028 ], [ 171.346746300000063, 7.083012149000069 ], [ 171.346768477000069, 7.083014114000036 ], [ 171.346784576000118, 7.08301197000003 ], [ 171.346794591000048, 7.083009472000072 ], [ 171.346802461000038, 7.083001798000055 ], [ 171.346822134000035, 7.082999299000051 ], [ 171.346839665000061, 7.083009292000042 ], [ 171.346855046000087, 7.083024463000072 ], [ 171.346865060000027, 7.083029640000063 ], [ 171.346887956000046, 7.083062837000057 ], [ 171.346904051000024, 7.08307086800005 ], [ 171.346929094000075, 7.083068192000042 ], [ 171.346954133000054, 7.083075687000076 ], [ 171.346961646000068, 7.083116558000029 ], [ 171.346982751000041, 7.08314761500003 ], [ 171.347021026000107, 7.083142437000049 ], [ 171.347049287000118, 7.083119415000056 ], [ 171.347078976000034, 7.08312191300007 ], [ 171.347091496000075, 7.08313690500006 ], [ 171.347124763000124, 7.083144936000053 ], [ 171.347149805000072, 7.083159929000033 ], [ 171.347180210000033, 7.083239172000049 ], [ 171.347182714000041, 7.083256665000022 ], [ 171.347225640000033, 7.083267729000056 ], [ 171.347275004000039, 7.083288075000041 ], [ 171.347309705000043, 7.083319310000036 ], [ 171.347317930000031, 7.083326271000033 ], [ 171.347325801000125, 7.083336621000058 ], [ 171.347362646000079, 7.083349293000026 ], [ 171.347356206000086, 7.083358217000068 ], [ 171.347333312000046, 7.083370891000072 ], [ 171.347340468000084, 7.083387131000052 ], [ 171.347338321000052, 7.083408014000042 ], [ 171.347353344000112, 7.083420684000032 ], [ 171.347350842000083, 7.083434785000065 ], [ 171.347321152000063, 7.083439962000057 ], [ 171.347309346000088, 7.083447815000056 ], [ 171.347297899000068, 7.083455309000044 ], [ 171.347277867000116, 7.08346298400005 ], [ 171.347252110000113, 7.083483687000069 ], [ 171.347251753000023, 7.083502250000038 ], [ 171.347280013000045, 7.08351831300007 ], [ 171.347297541000103, 7.083546333000072 ], [ 171.347318290000089, 7.083551689000046 ], [ 171.347366580000084, 7.08358488600004 ], [ 171.347404142000073, 7.083570072000043 ], [ 171.347410579000098, 7.083567036000034 ], [ 171.347420954000086, 7.083556685000076 ], [ 171.347440986000038, 7.083546512000055 ], [ 171.347467457000107, 7.083544550000056 ], [ 171.347481410000114, 7.083545977000028 ], [ 171.347501797000064, 7.083551689000046 ], [ 171.347527554000067, 7.083549011000059 ], [ 171.347573341000043, 7.083525807000058 ], [ 171.347589082000013, 7.083510281000031 ], [ 171.347599097000057, 7.083495111000047 ], [ 171.347644528000046, 7.083479761000035 ], [ 171.347657405000064, 7.083459593000043 ], [ 171.347674218000066, 7.083464413000058 ], [ 171.347678152000071, 7.083467804000065 ], [ 171.347678152000071, 7.083474764000073 ], [ 171.347741112000108, 7.083454240000037 ], [ 171.347772946000077, 7.08345584500006 ], [ 171.347924618000093, 7.08345584500006 ], [ 171.347971123000093, 7.083471015000043 ], [ 171.347999026000025, 7.083499216000064 ], [ 171.348088454000049, 7.083555793000073 ], [ 171.348095250000028, 7.083486366000045 ], [ 171.348098112000116, 7.083457095000028 ], [ 171.348105625000017, 7.083426754000072 ], [ 171.348106340000072, 7.083364998000036 ], [ 171.348113495000121, 7.083322700000053 ], [ 171.348118503000023, 7.083296821000033 ], [ 171.348135673000115, 7.083269514000051 ], [ 171.34814640400009, 7.08325166700007 ], [ 171.34816894100004, 7.083206333000021 ], [ 171.348271964000105, 7.083087466000052 ], [ 171.348275539000042, 7.083046773000035 ], [ 171.348281622000059, 7.083009472000072 ], [ 171.348286986000062, 7.082919162000053 ], [ 171.348299865000058, 7.082908275000023 ], [ 171.348316320000094, 7.082902564000051 ], [ 171.348322401000019, 7.082889713000043 ], [ 171.34834958700003, 7.082886857000062 ], [ 171.348383572000103, 7.082838669000068 ], [ 171.348397521000038, 7.082790659000068 ], [ 171.348478723000085, 7.082694994000065 ], [ 171.348538821000034, 7.082598081000071 ], [ 171.348696573000097, 7.082449943000029 ], [ 171.34880067000006, 7.082458153000061 ], [ 171.34872125600009, 7.082542394000029 ], [ 171.348704085000122, 7.08267089900005 ], [ 171.348627534000116, 7.082765136000035 ], [ 171.348565291000114, 7.083131373000072 ], [ 171.348560999000028, 7.083164926000052 ], [ 171.348538821000034, 7.08336749800003 ], [ 171.348530592000088, 7.083442817000048 ], [ 171.348511634000033, 7.083480832000021 ], [ 171.348546332000069, 7.083524025000031 ], [ 171.348611079000079, 7.083531698000058 ], [ 171.34868691500003, 7.083471015000043 ], [ 171.348698002000106, 7.08348582900004 ], [ 171.348731988000054, 7.083489579000059 ], [ 171.34875953300002, 7.083504570000059 ], [ 171.348782068000105, 7.083482082000046 ], [ 171.348821058000112, 7.083497965000049 ], [ 171.348838228000091, 7.083504748000053 ], [ 171.348887594000075, 7.083519919000025 ], [ 171.348918001000015, 7.083520097000076 ], [ 171.348953414000107, 7.083525094000038 ], [ 171.34897130100012, 7.083527593000042 ], [ 171.349009934000037, 7.083527415000049 ], [ 171.34902460100011, 7.083515993000049 ], [ 171.349069673000031, 7.083508496000036 ], [ 171.349111168000036, 7.083522597000069 ], [ 171.349149085000022, 7.083538837000049 ], [ 171.349172337000027, 7.083557934000055 ], [ 171.349207036000053, 7.083550081000055 ], [ 171.349233507000122, 7.083523311000022 ], [ 171.349259979000067, 7.083500644000026 ], [ 171.349312205000047, 7.083493148000059 ], [ 171.349322937000125, 7.083511530000067 ], [ 171.34932687200012, 7.083549368000035 ], [ 171.349350482000091, 7.083550260000038 ], [ 171.349366576000079, 7.083503677000067 ], [ 171.349374089000094, 7.083477261000041 ], [ 171.349388757000042, 7.083458523000047 ], [ 171.349434545000122, 7.08345584500006 ], [ 171.349478543000032, 7.083466018000024 ], [ 171.349478543000032, 7.083561148000058 ], [ 171.349558314000092, 7.083568286000059 ], [ 171.349559029000034, 7.083572928000024 ], [ 171.349585858000069, 7.083569178000062 ], [ 171.349651677000111, 7.083538125000075 ], [ 171.349676360000103, 7.083526523000046 ], [ 171.349699613000098, 7.083515636000072 ], [ 171.349786539000092, 7.083496540000056 ], [ 171.34982874800005, 7.083513852000067 ], [ 171.349877398000103, 7.083530808000035 ], [ 171.349923542000056, 7.083534375000056 ], [ 171.349946081000098, 7.083522954000046 ], [ 171.34997648500007, 7.083519205000073 ], [ 171.350014047000059, 7.083504034000043 ], [ 171.350085948000014, 7.083519026000033 ], [ 171.350120288000085, 7.083530628000062 ], [ 171.350170012000035, 7.083530449000023 ], [ 171.350192548000109, 7.083511352000073 ], [ 171.350245132000055, 7.083503677000067 ], [ 171.35029127700011, 7.083517421000067 ], [ 171.350342072000103, 7.083528486000034 ], [ 171.35037426800011, 7.083534197000063 ], [ 171.35039680400007, 7.08353383900004 ], [ 171.350400022000031, 7.083537589000059 ], [ 171.350427567000111, 7.083530271000029 ], [ 171.35046512800011, 7.083526523000046 ], [ 171.350483371000109, 7.083530092000046 ], [ 171.350494461000039, 7.083552400000031 ], [ 171.3504912410001, 7.083602554000038 ], [ 171.350555987000121, 7.08364074900004 ], [ 171.350639692000073, 7.083652350000023 ], [ 171.350738423000053, 7.083621652000033 ], [ 171.350772407000022, 7.083625400000074 ], [ 171.350818197000081, 7.083625400000074 ], [ 171.350851821000106, 7.083614156000067 ], [ 171.350896534000071, 7.08366662800006 ], [ 171.350885445000017, 7.083723919000022 ], [ 171.350908338000067, 7.083808161000036 ], [ 171.350938745000121, 7.083869200000038 ], [ 171.350987752000037, 7.083941485000025 ], [ 171.350980239000023, 7.083998775000055 ], [ 171.350996697000028, 7.084006806000048 ], [ 171.351023525000073, 7.083980214000064 ], [ 171.351043913000012, 7.083973254000057 ], [ 171.351010288000111, 7.084056603000022 ], [ 171.350998126000036, 7.084175827000024 ], [ 171.350988110000117, 7.084274703000062 ], [ 171.350980598000092, 7.084349484000029 ], [ 171.350988826000048, 7.08439624500005 ], [ 171.351061800000025, 7.084403563000023 ], [ 171.351084694000065, 7.084373046000053 ], [ 171.35108862900006, 7.084334493000028 ], [ 171.351099720000093, 7.08429594200004 ], [ 171.351092207000079, 7.084246503000031 ], [ 171.351105084000096, 7.084162620000029 ], [ 171.35111474100006, 7.084097830000076 ], [ 171.351133700000105, 7.084056067000063 ], [ 171.351190220000035, 7.083999132000031 ], [ 171.351247096000066, 7.083972360000075 ], [ 171.351299682000104, 7.083953264000058 ], [ 171.351383388000045, 7.083969506000074 ], [ 171.35143990600011, 7.083983784000054 ], [ 171.35151574300005, 7.083995207000044 ], [ 171.351583709000124, 7.084010378000073 ], [ 171.351621271000113, 7.084033043000034 ], [ 171.351686016000031, 7.084104613000022 ], [ 171.35169746300005, 7.084117107000054 ], [ 171.35173967500009, 7.084139951000054 ], [ 171.351764714000069, 7.084137097000053 ], [ 171.351774015000046, 7.084136026000067 ], [ 171.351811933000022, 7.084120855000037 ], [ 171.351871671000026, 7.08407677100007 ], [ 171.351945003000083, 7.084017516000074 ], [ 171.351990434000072, 7.083960046000072 ], [ 171.351986857000043, 7.083898471000055 ], [ 171.352005458000122, 7.083811016000027 ], [ 171.352080937000096, 7.08369839900007 ], [ 171.352104188000112, 7.083661988000074 ], [ 171.352124220000064, 7.083607553000036 ], [ 171.352142107000077, 7.08355133200007 ], [ 171.352130660000057, 7.083505284000069 ], [ 171.352138171000092, 7.083467448000022 ], [ 171.352163927000106, 7.083441210000046 ], [ 171.352296282000111, 7.083452455000042 ], [ 171.352314168000021, 7.083467091000045 ], [ 171.352314883000076, 7.083479226000065 ], [ 171.352356021000105, 7.083504748000053 ], [ 171.352390362000051, 7.083535983000047 ], [ 171.352410037000027, 7.083597379000025 ], [ 171.352441515000123, 7.08359702100006 ], [ 171.352434004000088, 7.083558292000021 ], [ 171.352434004000088, 7.083497431000069 ], [ 171.352445092000039, 7.083405872000071 ], [ 171.35247227900004, 7.083284864000063 ], [ 171.35247692900009, 7.083268978000035 ], [ 171.352520572000117, 7.083169744000031 ], [ 171.352565644000038, 7.083143151000058 ], [ 171.352615009000033, 7.083127802000035 ], [ 171.352694779000103, 7.083120130000054 ], [ 171.352695137000069, 7.083104066000033 ], [ 171.352687626000034, 7.083096212000044 ], [ 171.352694779000103, 7.083078366000052 ], [ 171.352720534000014, 7.083081934000063 ], [ 171.352758452000103, 7.083097105000036 ], [ 171.352827135000098, 7.083093355000074 ], [ 171.352877216000024, 7.083101744000032 ], [ 171.352895100000069, 7.083104779000053 ], [ 171.352929083000049, 7.083104779000053 ], [ 171.352970938000112, 7.083125661000054 ], [ 171.353019944000039, 7.083150470000021 ], [ 171.35307789400008, 7.083172065000042 ], [ 171.353115455000079, 7.083185093000054 ], [ 171.353164462000109, 7.083188485000051 ], [ 171.353183779000119, 7.083180811000034 ], [ 171.35322885000005, 7.083180811000034 ], [ 171.353262476000054, 7.083203299000047 ], [ 171.353270347000034, 7.083237924000059 ], [ 171.353321499000117, 7.083257735000075 ], [ 171.353369076000035, 7.083276117000025 ], [ 171.353425953000055, 7.083291289000044 ], [ 171.353508226000031, 7.083297535000042 ], [ 171.353550797000025, 7.083302712000034 ], [ 171.353577982000047, 7.083329484000046 ], [ 171.353646307000076, 7.083329306000053 ], [ 171.353684582000028, 7.083321452000064 ], [ 171.353714988000092, 7.083294679000062 ], [ 171.353711411000063, 7.083248275000074 ], [ 171.353711411000063, 7.083138690000055 ], [ 171.353814792000094, 7.083158322000031 ], [ 171.353815865000115, 7.083072116000039 ] ] ] ] } },
{ "type": "Feature", "properties": { "ADM0_EN": "Republic of the Marshall Islands", "ADM0_PCODE": "MH", "ADM1_EN": "Majuro", "ADM1_PCODE": "MH15", "ADM2_EN": "Delap 1", "ADM2_PCODE": "MH1508", "Shape_Leng": 0.01342292668, "Shape_Area": 8.94271e-06, "ADM0_EN_2": "Republic of the Marshall Islands", "ADM0_PCODE_2": "MH", "ADM1_EN_2": "Majuro", "ADM1_PCODE_2": "MH15", "ADM2_EN_2": "Delap 1", "ADM2_PCODE_2": "MH1508", "Shape_Leng_2": 0.01342292668, "Shape_Area_2": 8.94271e-06, "xcoord": 171.37990007700603, "ycoord": 7.0938404130000379 }, "geometry": { "type": "MultiPolygon", "coordinates": [ [ [ [ 171.382204662000049, 7.092704400000059 ], [ 171.381950682000024, 7.092576611000027 ], [ 171.381820831000027, 7.092713502000038 ], [ 171.381601909000096, 7.092606595000063 ], [ 171.381371180000087, 7.092630510000049 ], [ 171.38124132900009, 7.092594992000045 ], [ 171.381081429000119, 7.09242258200004 ], [ 171.38095730100008, 7.09242258200004 ], [ 171.380910081000025, 7.09244060900005 ], [ 171.380676852000079, 7.092389744000059 ], [ 171.380379232000109, 7.092388494000033 ], [ 171.380007206000073, 7.092302467000025 ], [ 171.379794361000108, 7.09230853400004 ], [ 171.379404452000017, 7.092343874000051 ], [ 171.379078213000071, 7.092329595000024 ], [ 171.378988068000012, 7.092549481000049 ], [ 171.378833891000113, 7.092535025000075 ], [ 171.378341673000023, 7.092579288000024 ], [ 171.378182848000051, 7.092571792000058 ], [ 171.378195008000034, 7.092604096000059 ], [ 171.378195008000034, 7.092635685000062 ], [ 171.378174262000016, 7.092635685000062 ], [ 171.378147433000095, 7.09261409100003 ], [ 171.37802187300008, 7.092657818000021 ], [ 171.378005060000078, 7.09270297300003 ], [ 171.37803761300006, 7.092741166000053 ], [ 171.378048346000014, 7.092757229000028 ], [ 171.378048346000014, 7.09277811100003 ], [ 171.378032249000057, 7.092784537000057 ], [ 171.378061581000111, 7.092901440000048 ], [ 171.378184278000049, 7.092943381000055 ], [ 171.37821146400006, 7.093068138000035 ], [ 171.378190001000121, 7.093100621000076 ], [ 171.378200732000096, 7.09313953000003 ], [ 171.378227919000096, 7.09315095200003 ], [ 171.378233285000078, 7.093182721000062 ], [ 171.378206455000054, 7.093209670000022 ], [ 171.378210032000084, 7.093276601000071 ], [ 171.378211822000026, 7.093303730000059 ], [ 171.378266195000037, 7.093385473000069 ], [ 171.378270489000101, 7.093437409000046 ], [ 171.378276926000012, 7.093510765000076 ], [ 171.378266195000037, 7.093581799000049 ], [ 171.378304470000103, 7.093767773000025 ], [ 171.378277642000057, 7.094068152000034 ], [ 171.378299462000086, 7.094063867000045 ], [ 171.378304470000103, 7.094084214000077 ], [ 171.378261903000066, 7.094116341000074 ], [ 171.378218978000064, 7.094094744000074 ], [ 171.37805585600006, 7.094067437000035 ], [ 171.378014362000044, 7.094101704000025 ], [ 171.378016866000053, 7.09417684500005 ], [ 171.377903826000079, 7.09417684500005 ], [ 171.37787055900003, 7.094275900000071 ], [ 171.377996120000034, 7.094293390000075 ], [ 171.378115238000078, 7.094331407000027 ], [ 171.378196441000114, 7.094445632000031 ], [ 171.378191073000039, 7.09451077600005 ], [ 171.378202164000072, 7.094620718000044 ], [ 171.378250813000022, 7.094680688000039 ], [ 171.378256180000108, 7.094707638000045 ], [ 171.378249025000059, 7.09474315500006 ], [ 171.37821146400006, 7.094934127000045 ], [ 171.378364209000097, 7.094945907000067 ], [ 171.380108439000082, 7.095281267000075 ], [ 171.380382806000057, 7.095465455000067 ], [ 171.380660754000019, 7.095230758000071 ], [ 171.380805271000099, 7.094862914000032 ], [ 171.380868945000088, 7.094692824000049 ], [ 171.380994145000045, 7.094490430000064 ], [ 171.381107186000122, 7.094394588000057 ], [ 171.381215931000042, 7.094263228000045 ], [ 171.381243118000043, 7.094241096000076 ], [ 171.381340775000012, 7.094109915000047 ], [ 171.381438430000117, 7.093913053000051 ], [ 171.381687760000091, 7.093628917000046 ], [ 171.38180151500012, 7.09353593000003 ], [ 171.381953187000022, 7.09325197000004 ], [ 171.382083752000085, 7.093021734000047 ], [ 171.382204662000049, 7.092704400000059 ] ] ] ] } },
{ "type": "Feature", "properties": { "ADM0_EN": "Republic of the Marshall Islands", "ADM0_PCODE": "MH", "ADM1_EN": "Majuro", "ADM1_PCODE": "MH15", "ADM2_EN": "Delap 2", "ADM2_PCODE": "MH1509", "Shape_Leng": 0.0170306744, "Shape_Area": 9.85246e-06, "ADM0_EN_2": "Republic of the Marshall Islands", "ADM0_PCODE_2": "MH", "ADM1_EN_2": "Majuro", "ADM1_PCODE_2": "MH15", "ADM2_EN_2": "Delap 2", "ADM2_PCODE_2": "MH1509", "Shape_Leng_2": 0.0170306744, "Shape_Area_2": 9.85246e-06, "xcoord": 171.3803418006882, "ycoord": 7.091064632000041 }, "geometry": { "type": "MultiPolygon", "coordinates": [ [ [ [ 171.38285463200009, 7.090588721000074 ], [ 171.382582412000033, 7.090526968000063 ], [ 171.382427519000089, 7.090361161000033 ], [ 171.381965706000074, 7.090285309000024 ], [ 171.381890228000088, 7.09062709400007 ], [ 171.381748573000095, 7.090623881000056 ], [ 171.381648411000015, 7.090605678000031 ], [ 171.381563990000018, 7.090637267000034 ], [ 171.3814981700001, 7.090720259000022 ], [ 171.381438790000061, 7.090790044000073 ], [ 171.381320028000118, 7.090810035000061 ], [ 171.381211280000116, 7.090806823000037 ], [ 171.381056390000026, 7.090760418000059 ], [ 171.380881824000085, 7.090853581000033 ], [ 171.380249020000065, 7.090774339000063 ], [ 171.379833354000084, 7.090691882000044 ], [ 171.379761096000038, 7.090652082000076 ], [ 171.37962909700002, 7.090652082000076 ], [ 171.37942484000007, 7.090702055000065 ], [ 171.37895694700012, 7.090797361000057 ], [ 171.378914021000014, 7.090669394000031 ], [ 171.378666482000085, 7.090550171000075 ], [ 171.378436111000042, 7.089693475000047 ], [ 171.378284797000106, 7.089313852000032 ], [ 171.377819763000048, 7.08960548500005 ], [ 171.377384779000067, 7.089529275000075 ], [ 171.377352228000063, 7.089695082000048 ], [ 171.377380129000016, 7.089824834000069 ], [ 171.377469201000054, 7.089964941000062 ], [ 171.377503899000089, 7.090070422000053 ], [ 171.377625882000075, 7.090475568000045 ], [ 171.377842658000077, 7.090914800000064 ], [ 171.377884867000034, 7.091207325000028 ], [ 171.377913128000046, 7.091401688000076 ], [ 171.378032964000113, 7.091755790000036 ], [ 171.377979664000122, 7.091761143000042 ], [ 171.378012933000036, 7.092005837000045 ], [ 171.378022590000114, 7.092073836000054 ], [ 171.378136700000027, 7.092324956000027 ], [ 171.378125970000042, 7.092390279000028 ], [ 171.378125970000042, 7.092434363000052 ], [ 171.378142424000089, 7.092494333000047 ], [ 171.378182848000051, 7.092571792000058 ], [ 171.378341673000023, 7.092579288000024 ], [ 171.378833891000113, 7.092535025000075 ], [ 171.378988068000012, 7.092549481000049 ], [ 171.379078213000071, 7.092329595000024 ], [ 171.379404452000017, 7.092343874000051 ], [ 171.379794361000108, 7.09230853400004 ], [ 171.380007206000073, 7.092302467000025 ], [ 171.380379232000109, 7.092388494000033 ], [ 171.380676852000079, 7.092389744000059 ], [ 171.380910081000025, 7.09244060900005 ], [ 171.38095730100008, 7.09242258200004 ], [ 171.381081429000119, 7.09242258200004 ], [ 171.38124132900009, 7.092594992000045 ], [ 171.381371180000087, 7.092630510000049 ], [ 171.381601909000096, 7.092606595000063 ], [ 171.381820831000027, 7.092713502000038 ], [ 171.381950682000024, 7.092576611000027 ], [ 171.382204662000049, 7.092704400000059 ], [ 171.382416072000069, 7.092442036000023 ], [ 171.38258420000011, 7.092206625000074 ], [ 171.38266575900002, 7.092037069000071 ], [ 171.382740880000028, 7.09160479600007 ], [ 171.382791677000114, 7.091269971000031 ], [ 171.382838536000122, 7.090921939000054 ], [ 171.38285463200009, 7.090588721000074 ] ] ] ] } },
{ "type": "Feature", "properties": { "ADM0_EN": "Republic of the Marshall Islands", "ADM0_PCODE": "MH", "ADM1_EN": "Majuro", "ADM1_PCODE": "MH15", "ADM2_EN": "Delap 3", "ADM2_PCODE": "MH1510", "Shape_Leng": 0.02510078789, "Shape_Area": 1.891063e-05, "ADM0_EN_2": "Republic of the Marshall Islands", "ADM0_PCODE_2": "MH", "ADM1_EN_2": "Majuro", "ADM1_PCODE_2": "MH15", "ADM2_EN_2": "Delap 3", "ADM2_PCODE_2": "MH1510", "Shape_Leng_2": 0.02510078789, "Shape_Area_2": 1.891063e-05, "xcoord": 171.37697002460942, "ycoord": 7.0879983805000393 }, "geometry": { "type": "MultiPolygon", "coordinates": [ [ [ [ 171.382906860000048, 7.090403461000051 ], [ 171.382808847000092, 7.090053109000053 ], [ 171.382700100000079, 7.089850893000062 ], [ 171.382297667000103, 7.08962690200002 ], [ 171.382183557000076, 7.089643143000046 ], [ 171.38181975800012, 7.089304929000036 ], [ 171.381765385000108, 7.089288508000038 ], [ 171.381738199000097, 7.08925584800005 ], [ 171.381629810000049, 7.089195700000062 ], [ 171.381542886000034, 7.089124843000036 ], [ 171.381477423000092, 7.089108423000027 ], [ 171.381450236000092, 7.089119132000064 ], [ 171.381331832000114, 7.089032928000051 ], [ 171.381358660000046, 7.089011155000037 ], [ 171.381363312000076, 7.08897188800006 ], [ 171.381319312000073, 7.088955469000041 ], [ 171.381281394000098, 7.08896100100003 ], [ 171.381238110000027, 7.088988308000069 ], [ 171.381075705000057, 7.08893940400003 ], [ 171.381042439000112, 7.088912099000027 ], [ 171.381020976000059, 7.088928340000052 ], [ 171.380565600000068, 7.088727018000043 ], [ 171.380559878000099, 7.088666690000025 ], [ 171.380505505000087, 7.088639384000032 ], [ 171.380413213000111, 7.08863920500005 ], [ 171.380152438000096, 7.088470185000062 ], [ 171.37984837800002, 7.088399332000051 ], [ 171.379745356000058, 7.088317587000063 ], [ 171.379325397000116, 7.088050943000042 ], [ 171.378691520000075, 7.08766810700007 ], [ 171.378615685000113, 7.08766810700007 ], [ 171.378573117000087, 7.087630626000021 ], [ 171.378599588000043, 7.087597964000054 ], [ 171.378594222000061, 7.087570479000021 ], [ 171.378566677000094, 7.087548169000058 ], [ 171.378511947000106, 7.087564233000023 ], [ 171.378381737000041, 7.087444295000068 ], [ 171.378306260000045, 7.087417165000033 ], [ 171.378289446000053, 7.087373261000039 ], [ 171.378230066000015, 7.087362550000023 ], [ 171.378078393000123, 7.087210131000063 ], [ 171.378083760000095, 7.087177827000062 ], [ 171.378054783000039, 7.087187822000033 ], [ 171.378035110000042, 7.087192819000052 ], [ 171.378040118000058, 7.087155875000064 ], [ 171.378012215000012, 7.087149449000037 ], [ 171.378000410000027, 7.087160870000048 ], [ 171.377626955000096, 7.086816232000047 ], [ 171.377377268000032, 7.086576533000027 ], [ 171.377181238000048, 7.086352367000075 ], [ 171.377095028000099, 7.086308996000071 ], [ 171.377078215000097, 7.086259558000052 ], [ 171.377028493000012, 7.086232429000063 ], [ 171.37699701400004, 7.08625366900003 ], [ 171.376980915000104, 7.08620565800004 ], [ 171.376952298000106, 7.086194233000072 ], [ 171.37692547000006, 7.086215829000025 ], [ 171.376899, 7.086210476000076 ], [ 171.376741603000028, 7.086046990000057 ], [ 171.37657347600009, 7.085834066000075 ], [ 171.376469738000083, 7.085822822000068 ], [ 171.376273711000067, 7.085659157000066 ], [ 171.376225418000104, 7.085664510000072 ], [ 171.376198588000079, 7.085610432000067 ], [ 171.376013648000026, 7.085593654000036 ], [ 171.375470635000056, 7.085364667000022 ], [ 171.37542734900012, 7.085370023000053 ], [ 171.375405888000046, 7.085327010000071 ], [ 171.375307517000124, 7.085315586000036 ], [ 171.375090024000087, 7.085197791000041 ], [ 171.37491366900008, 7.085529047000023 ], [ 171.375007392000043, 7.085696995000035 ], [ 171.37496696900007, 7.086057698000047 ], [ 171.37486144200011, 7.086336480000057 ], [ 171.374678292000112, 7.086738235000041 ], [ 171.374686520000068, 7.086846573000059 ], [ 171.374319142000104, 7.087657040000067 ], [ 171.374624634000043, 7.087891382000066 ], [ 171.374641089000079, 7.087945818000037 ], [ 171.374798484000053, 7.088082353000061 ], [ 171.374798484000053, 7.088136075000023 ], [ 171.374679363000041, 7.088223351000067 ], [ 171.374646813000027, 7.088322229000028 ], [ 171.374646813000027, 7.088491961000045 ], [ 171.374931556000092, 7.088653839000074 ], [ 171.375098610000123, 7.08866722700003 ], [ 171.375310735000085, 7.088628140000026 ], [ 171.375332556000103, 7.088540328000022 ], [ 171.375283550000063, 7.088518199000021 ], [ 171.375261728000055, 7.088441631000023 ], [ 171.375218443000108, 7.088462691000075 ], [ 171.375218443000108, 7.088393264000047 ], [ 171.375331841000047, 7.088181053000028 ], [ 171.375776125000016, 7.088398974000029 ], [ 171.375814761000015, 7.088382553000031 ], [ 171.375868417000106, 7.088393441000051 ], [ 171.37594961800005, 7.088485893000041 ], [ 171.3760372590001, 7.088486250000074 ], [ 171.376129192000121, 7.088529621000021 ], [ 171.376242947000037, 7.088649737000026 ], [ 171.376462941000113, 7.088716307000027 ], [ 171.376634289000094, 7.088840885000025 ], [ 171.376867879000088, 7.08898259700004 ], [ 171.377134021000074, 7.089244602000065 ], [ 171.37722094500009, 7.089277444000061 ], [ 171.377330764000021, 7.089391847000059 ], [ 171.377384779000067, 7.089529275000075 ], [ 171.377819763000048, 7.08960548500005 ], [ 171.378284797000106, 7.089313852000032 ], [ 171.378436111000042, 7.089693475000047 ], [ 171.378666482000085, 7.090550171000075 ], [ 171.378914021000014, 7.090669394000031 ], [ 171.37895694700012, 7.090797361000057 ], [ 171.37942484000007, 7.090702055000065 ], [ 171.37962909700002, 7.090652082000076 ], [ 171.379761096000038, 7.090652082000076 ], [ 171.379833354000084, 7.090691882000044 ], [ 171.380249020000065, 7.090774339000063 ], [ 171.380881824000085, 7.090853581000033 ], [ 171.381056390000026, 7.090760418000059 ], [ 171.381211280000116, 7.090806823000037 ], [ 171.381320028000118, 7.090810035000061 ], [ 171.381438790000061, 7.090790044000073 ], [ 171.3814981700001, 7.090720259000022 ], [ 171.381563990000018, 7.090637267000034 ], [ 171.381648411000015, 7.090605678000031 ], [ 171.381748573000095, 7.090623881000056 ], [ 171.381890228000088, 7.09062709400007 ], [ 171.381965706000074, 7.090285309000024 ], [ 171.382427519000089, 7.090361161000033 ], [ 171.382582412000033, 7.090526968000063 ], [ 171.38285463200009, 7.090588721000074 ], [ 171.382879674000037, 7.090447188000041 ], [ 171.382906860000048, 7.090403461000051 ] ] ] ] } },
{ "type": "Feature", "properties": { "ADM0_EN": "Republic of the Marshall Islands", "ADM0_PCODE": "MH", "ADM1_EN": "Majuro", "ADM1_PCODE": "MH15", "ADM2_EN": "Delap 4", "ADM2_PCODE": "MH1511", "Shape_Leng": 0.05536024279, "Shape_Area": 3.511929e-05, "ADM0_EN_2": "Republic of the Marshall Islands", "ADM0_PCODE_2": "MH", "ADM1_EN_2": "Majuro", "ADM1_PCODE_2": "MH15", "ADM2_EN_2": "Delap 4", "ADM2_PCODE_2": "MH1511", "Shape_Leng_2": 0.05536024279, "Shape_Area_2": 3.511929e-05, "xcoord": 171.36771587780015, "ycoord": 7.0850268095000501 }, "geometry": { "type": "MultiPolygon", "coordinates": [ [ [ [ 171.375090024000087, 7.085197791000041 ], [ 171.37487253200004, 7.08510301900003 ], [ 171.374785964000012, 7.085141036000039 ], [ 171.374139927000101, 7.084934 ], [ 171.374026171000082, 7.084934179000072 ], [ 171.373933524000108, 7.084895986000049 ], [ 171.373858046000123, 7.084917758000074 ], [ 171.373825493000027, 7.084869034000064 ], [ 171.373738211000045, 7.084907050000027 ], [ 171.373543254000083, 7.084885454000073 ], [ 171.373489239000037, 7.084803712000053 ], [ 171.373455615000012, 7.084803534000059 ], [ 171.373379777000082, 7.084836194000047 ], [ 171.373303942000121, 7.084792644000061 ], [ 171.373070352000013, 7.084781938000049 ], [ 171.372935493000114, 7.084760341000049 ], [ 171.372935493000114, 7.084695553000074 ], [ 171.372896503000106, 7.084683773000052 ], [ 171.372804210000027, 7.084694839000065 ], [ 171.372733739000068, 7.084721969000043 ], [ 171.372609256000032, 7.084689485000069 ], [ 171.372592083000086, 7.084727323000038 ], [ 171.372565614000109, 7.084711260000063 ], [ 171.37250050800003, 7.084700374000022 ], [ 171.372451144000024, 7.084673245000033 ], [ 171.372407145000125, 7.084684846000073 ], [ 171.372401779000029, 7.084733569000036 ], [ 171.372359569000082, 7.084754987000053 ], [ 171.372343828000112, 7.084739103000061 ], [ 171.372332740000047, 7.084717506000061 ], [ 171.372305552000057, 7.084695375000024 ], [ 171.372229359000016, 7.084716792000052 ], [ 171.372213262000059, 7.084690199000022 ], [ 171.372158531000082, 7.084684311000046 ], [ 171.372103442000025, 7.084657181000068 ], [ 171.372039054000084, 7.084716614000058 ], [ 171.372012583000014, 7.084668425000075 ], [ 171.371957851000047, 7.084668068000042 ], [ 171.37175645700006, 7.084580793000043 ], [ 171.371696719000056, 7.08461363300006 ], [ 171.371539680000069, 7.084564550000039 ], [ 171.371517143000119, 7.084597391000045 ], [ 171.371311814000023, 7.084597570000028 ], [ 171.371158354000045, 7.084527963000028 ], [ 171.371105413000123, 7.08451029400004 ], [ 171.370926196000028, 7.08455402200002 ], [ 171.370872178000013, 7.084532424000031 ], [ 171.370841773000052, 7.084498515000064 ], [ 171.370823530000052, 7.084477990000039 ], [ 171.370741612000074, 7.084466922000047 ], [ 171.370659695000086, 7.084510651000073 ], [ 171.370529844000089, 7.084527072000071 ], [ 171.37030341000002, 7.084431585000061 ], [ 171.370176062000041, 7.084390714000051 ], [ 171.370125625000014, 7.084387860000049 ], [ 171.37009557500005, 7.084390178000035 ], [ 171.370069105000084, 7.084407847000023 ], [ 171.370039058000089, 7.084416592000025 ], [ 171.370008651000035, 7.084403563000023 ], [ 171.369976814000097, 7.084412487000066 ], [ 171.369955351000044, 7.084425516000067 ], [ 171.369854474000022, 7.08439910200002 ], [ 171.36979688200006, 7.084412487000066 ], [ 171.369757532000108, 7.084430156000053 ], [ 171.369727485000112, 7.084425874000033 ], [ 171.369714249000026, 7.084408205000045 ], [ 171.369682770000054, 7.084390357000075 ], [ 171.369647357000076, 7.08439553200003 ], [ 171.369621600000073, 7.08439928100006 ], [ 171.369586544000072, 7.084390535000068 ], [ 171.369551487000081, 7.084390535000068 ], [ 171.369524659000035, 7.084372866000024 ], [ 171.369502838000017, 7.084381610000037 ], [ 171.369441669000025, 7.084368582000025 ], [ 171.369415556000035, 7.08435537400004 ], [ 171.369357962000095, 7.084364120000032 ], [ 171.369292501000018, 7.084315753000055 ], [ 171.369244209000044, 7.084271490000049 ], [ 171.369199852000065, 7.084240435000027 ], [ 171.369142976000035, 7.08422276500005 ], [ 171.369041741000046, 7.084222944000032 ], [ 171.368958392000081, 7.084196530000042 ], [ 171.368919043000119, 7.084174397000027 ], [ 171.368892931000119, 7.084244004000027 ], [ 171.368703698000104, 7.084156906000032 ], [ 171.368615700000078, 7.084121569000047 ], [ 171.368500873000016, 7.084121569000047 ], [ 171.368440418000091, 7.084119070000042 ], [ 171.368364940000106, 7.084112824000044 ], [ 171.368240812000067, 7.084109789000024 ], [ 171.368193594000104, 7.084108541000035 ], [ 171.368132066000044, 7.084082124000076 ], [ 171.368079481000109, 7.084073380000063 ], [ 171.368004718000066, 7.084068918000071 ], [ 171.367859485000054, 7.084086766000041 ], [ 171.367741081000077, 7.084095687000058 ], [ 171.367622318000031, 7.08409586700003 ], [ 171.367569734000085, 7.084104613000022 ], [ 171.367494972000031, 7.084064991000048 ], [ 171.367451330000108, 7.084064991000048 ], [ 171.36741126600009, 7.084038399000065 ], [ 171.367359755000052, 7.084051427000077 ], [ 171.367359397000087, 7.084003417000076 ], [ 171.367213806000109, 7.083848497000076 ], [ 171.366857878000019, 7.083782459000076 ], [ 171.366704059000085, 7.083729452000057 ], [ 171.366638239000054, 7.083729452000057 ], [ 171.366493005000052, 7.08370749900007 ], [ 171.366301984000074, 7.08370089500005 ], [ 171.366015454000035, 7.083690723000075 ], [ 171.365147632000117, 7.083670020000056 ], [ 171.364522699000076, 7.083628434000047 ], [ 171.36428696300004, 7.083605588000069 ], [ 171.364215779000119, 7.083593632000031 ], [ 171.363654162000103, 7.083553294000069 ], [ 171.363653090000071, 7.083558650000043 ], [ 171.363518589000023, 7.083554187000061 ], [ 171.363497481000081, 7.083553473000052 ], [ 171.363433808000082, 7.083582744000068 ], [ 171.363398751000091, 7.083641284000066 ], [ 171.363242786000114, 7.083788888000072 ], [ 171.363168024000061, 7.08379263300003 ], [ 171.363138691000017, 7.083804413000053 ], [ 171.363115796000102, 7.083821904000047 ], [ 171.36306929400007, 7.083857243000068 ], [ 171.362982369000065, 7.083973610000044 ], [ 171.362930500000061, 7.084002702000021 ], [ 171.362861102000124, 7.084043575000067 ], [ 171.36282604400003, 7.08407302300003 ], [ 171.362797428000022, 7.084113536000075 ], [ 171.362776682000117, 7.084120498000061 ], [ 171.36271729900011, 7.084107648000042 ], [ 171.362699416000055, 7.084119070000042 ], [ 171.362670799000057, 7.084101937000071 ], [ 171.362641821000125, 7.084090155000069 ], [ 171.362577790000046, 7.084090334000052 ], [ 171.362537725000038, 7.084107648000042 ], [ 171.362497305000034, 7.08408462400007 ], [ 171.362445078000064, 7.084107648000042 ], [ 171.362433988000021, 7.084090692000075 ], [ 171.362375680000014, 7.084090334000052 ], [ 171.362323452000055, 7.084078913000042 ], [ 171.362265504000106, 7.084090514000025 ], [ 171.362144238000042, 7.084061420000069 ], [ 171.362034418000121, 7.084056424000039 ], [ 171.361789739000073, 7.08404500100005 ], [ 171.361617319000061, 7.08402876100007 ], [ 171.361536476000083, 7.083997884000041 ], [ 171.361478167000087, 7.084003773000063 ], [ 171.361426300000062, 7.083997884000041 ], [ 171.361356902000011, 7.084009664000064 ], [ 171.361299307000081, 7.083975039000052 ], [ 171.361282137000103, 7.08395183600004 ], [ 171.361245652000093, 7.083946304000051 ], [ 171.361234205000073, 7.083980571000041 ], [ 171.361177327000064, 7.083980571000041 ], [ 171.36109469500002, 7.083945232000076 ], [ 171.360968778000029, 7.083905075000075 ], [ 171.360864683000045, 7.083893474000035 ], [ 171.360812455000087, 7.083893474000035 ], [ 171.360736978000091, 7.083876161000035 ], [ 171.360667937000017, 7.083893653000075 ], [ 171.360609989000068, 7.083864739000035 ], [ 171.360461536000116, 7.083846533000042 ], [ 171.360370675000013, 7.08383725300007 ], [ 171.360325961000058, 7.083876161000035 ], [ 171.360303424000108, 7.083859205000067 ], [ 171.360204694000117, 7.083841536000023 ], [ 171.360146744000076, 7.08382993500004 ], [ 171.360054452000099, 7.083847426000034 ], [ 171.359996861000013, 7.083795311000074 ], [ 171.359903854000095, 7.083760329000029 ], [ 171.359885252000026, 7.083766575000027 ], [ 171.359874163000086, 7.083788888000072 ], [ 171.359857352000063, 7.083777819000034 ], [ 171.359700671000041, 7.083772109000051 ], [ 171.359660605000045, 7.083777819000034 ], [ 171.359597291000114, 7.083743016000028 ], [ 171.359388385000102, 7.083719813000073 ], [ 171.359272482000051, 7.083690723000075 ], [ 171.359185558000036, 7.083679300000028 ], [ 171.359122243000115, 7.083679300000028 ], [ 171.358942667000065, 7.083638607000069 ], [ 171.358902604000036, 7.083642355000052 ], [ 171.358878995000055, 7.083644496000034 ], [ 171.358641471000055, 7.083612549000065 ], [ 171.358537373000104, 7.083609872000068 ], [ 171.358494448000101, 7.083600592000039 ], [ 171.358085936000066, 7.083534375000056 ], [ 171.358010814000068, 7.083511172000044 ], [ 171.35787309300008, 7.083514922000063 ], [ 171.357842687000016, 7.083517064000034 ], [ 171.357781162000038, 7.083501715000068 ], [ 171.357732511000108, 7.083482261000029 ], [ 171.357616968000116, 7.083482261000029 ], [ 171.357489621000013, 7.083459058000074 ], [ 171.357385525000041, 7.083459237000056 ], [ 171.357333298000071, 7.083447636000074 ], [ 171.357292877000077, 7.083441744000027 ], [ 171.357181983000032, 7.083401409000032 ], [ 171.357153366000034, 7.083441566000033 ], [ 171.357102213000076, 7.083412834000058 ], [ 171.356948037000052, 7.083398198000054 ], [ 171.356834284000115, 7.083379100000059 ], [ 171.356806739000035, 7.083372317000055 ], [ 171.35667796000007, 7.083367855000063 ], [ 171.356592465000062, 7.083355006000033 ], [ 171.356546677000097, 7.083331981000072 ], [ 171.356486582000116, 7.083325199000058 ], [ 171.356473704000109, 7.083324485000048 ], [ 171.3562622930001, 7.083306460000074 ], [ 171.356246911000085, 7.083332873000074 ], [ 171.356171790000076, 7.083298963000061 ], [ 171.356137450000119, 7.083298963000061 ], [ 171.356049809000069, 7.083283792000032 ], [ 171.356015827000078, 7.083295214000032 ], [ 171.355974331000084, 7.083280044000048 ], [ 171.355936412000119, 7.083291467000038 ], [ 171.355894918000104, 7.083280044000048 ], [ 171.355811568000036, 7.083280044000048 ], [ 171.355800121000016, 7.083264874000065 ], [ 171.355750758000113, 7.083249703000035 ], [ 171.355727506000107, 7.083272370000032 ], [ 171.355708904000039, 7.083261126000025 ], [ 171.355579767000108, 7.083238281000035 ], [ 171.355534339000087, 7.083242207000069 ], [ 171.355501787000094, 7.083240244000024 ], [ 171.355469949000053, 7.083238461000064 ], [ 171.355392325000025, 7.083216508000021 ], [ 171.355313269000021, 7.083208833000072 ], [ 171.355295026000022, 7.083208118000073 ], [ 171.355272846000048, 7.083215614000039 ], [ 171.355246376000082, 7.08319276800006 ], [ 171.355215970000017, 7.083185093000054 ], [ 171.355189141000096, 7.083200444000056 ], [ 171.355166605000022, 7.083196695000026 ], [ 171.355121175000022, 7.083200444000056 ], [ 171.355087191000052, 7.083192947000043 ], [ 171.355061078000062, 7.083162605000041 ], [ 171.354969502000017, 7.083147258000054 ], [ 171.354946609000081, 7.083158501000071 ], [ 171.354915844000061, 7.083147258000054 ], [ 171.354893308000101, 7.083158680000054 ], [ 171.354859684000076, 7.083158680000054 ], [ 171.354837148000115, 7.083139939000034 ], [ 171.354776693000076, 7.083136012000068 ], [ 171.354776693000076, 7.083117094000045 ], [ 171.354753082000116, 7.083105315000068 ], [ 171.354730190000055, 7.083124413000064 ], [ 171.354704077000065, 7.083116915000062 ], [ 171.354628956000056, 7.083116915000062 ], [ 171.354628956000056, 7.083106387000043 ], [ 171.354499463000025, 7.083078898000053 ], [ 171.354471203000116, 7.083063194000033 ], [ 171.354397514000084, 7.082987877000051 ], [ 171.354438651000123, 7.082464579000032 ], [ 171.354351010000073, 7.082391938000058 ], [ 171.354330978000121, 7.082400505000066 ], [ 171.354346002000057, 7.082442626000045 ], [ 171.354336701000079, 7.082640378000065 ], [ 171.354310945000066, 7.08286365400005 ], [ 171.354300929000033, 7.082945934000065 ], [ 171.354274816000043, 7.082983593000051 ], [ 171.354170363000094, 7.082980381000027 ], [ 171.354124218000038, 7.082968421000032 ], [ 171.354101680000099, 7.082945756000072 ], [ 171.354059470000038, 7.082945578000022 ], [ 171.354017617000068, 7.08293040600006 ], [ 171.353982920000021, 7.082953428000053 ], [ 171.353922106000027, 7.083056947000046 ], [ 171.35392425200007, 7.083085682000046 ], [ 171.353815865000115, 7.083072116000039 ], [ 171.353814792000094, 7.083158322000031 ], [ 171.353910660000111, 7.083176347000062 ], [ 171.353937132000055, 7.083332338000048 ], [ 171.354044445000113, 7.083355720000043 ], [ 171.354120998000099, 7.083354827000051 ], [ 171.354121354000085, 7.083327698000062 ], [ 171.354164282000056, 7.083318060000067 ], [ 171.354153550000092, 7.083350721000045 ], [ 171.354180021000047, 7.083363215000077 ], [ 171.354191109000112, 7.08338552400005 ], [ 171.354183956000043, 7.083441924000056 ], [ 171.354162493000103, 7.083459593000043 ], [ 171.354134948000024, 7.083510281000031 ], [ 171.354111696000018, 7.083587384000054 ], [ 171.354108119000102, 7.083622010000056 ], [ 171.354130655000063, 7.083645211000032 ], [ 171.354082006000112, 7.083901325000056 ], [ 171.354665801000124, 7.084034649000046 ], [ 171.35467724800003, 7.084076234000065 ], [ 171.354688336000095, 7.084098723000068 ], [ 171.354684760000055, 7.084117642000024 ], [ 171.354697280000096, 7.084130137000045 ], [ 171.354765246000056, 7.084114787000033 ], [ 171.354810676000056, 7.08411085900002 ], [ 171.354833927000072, 7.084087837000027 ], [ 171.354860042000041, 7.08408034100006 ], [ 171.354935520000026, 7.08409176300006 ], [ 171.35496592700008, 7.084110682000073 ], [ 171.355000267000037, 7.084122284000046 ], [ 171.355038542000102, 7.084122104000073 ], [ 171.355061078000062, 7.08411085900002 ], [ 171.355140493000022, 7.084137454000029 ], [ 171.355185921000043, 7.084141201000023 ], [ 171.355220262000103, 7.084167795000042 ], [ 171.355285009000113, 7.084171721000075 ], [ 171.355401984000082, 7.084205811000061 ], [ 171.355459574000065, 7.084208486000023 ], [ 171.35549749300003, 7.08421419900003 ], [ 171.355553656000097, 7.084236330000067 ], [ 171.35572464400002, 7.084270953000043 ], [ 171.35580441500008, 7.084281842000053 ], [ 171.355891697000061, 7.08426649200004 ], [ 171.355971468000121, 7.084228121000024 ], [ 171.356028346000016, 7.084190104000072 ], [ 171.35608486600006, 7.084167259000026 ], [ 171.356197547000079, 7.084194209000032 ], [ 171.356224018000034, 7.084204918000069 ], [ 171.356212928000105, 7.084238471000049 ], [ 171.356224375000124, 7.084273276000033 ], [ 171.356296634000046, 7.08439695900006 ], [ 171.356317023000088, 7.084436047000054 ], [ 171.356330618000015, 7.084471742000062 ], [ 171.356396437000058, 7.084518326000023 ], [ 171.356396078000103, 7.084533855000075 ], [ 171.356483003000108, 7.084568835000027 ], [ 171.356578514000034, 7.084594 ], [ 171.356630741000117, 7.084600783000042 ], [ 171.356668302000116, 7.084603639000022 ], [ 171.356790284000112, 7.084562766000033 ], [ 171.356819259000076, 7.084545097000046 ], [ 171.356837146000089, 7.084480487000064 ], [ 171.356837146000089, 7.084445684000059 ], [ 171.356865404000018, 7.084422841000048 ], [ 171.356919419000064, 7.08442873000007 ], [ 171.357017792000079, 7.084460856000021 ], [ 171.35710185500011, 7.08449833700007 ], [ 171.357206309000048, 7.084585611000023 ], [ 171.357229559000075, 7.084596141000077 ], [ 171.357290016000093, 7.08462933900006 ], [ 171.357339379000109, 7.084661107000045 ], [ 171.357379803000072, 7.084701800000062 ], [ 171.357501783000089, 7.084742852000034 ], [ 171.357589067000049, 7.084751954000069 ], [ 171.357722138000099, 7.084760163000055 ], [ 171.357762558000104, 7.084754273000044 ], [ 171.357814069000028, 7.084771585000055 ], [ 171.357831241000099, 7.08481781200004 ], [ 171.35790707700005, 7.084853151000061 ], [ 171.357947499000034, 7.084864751000055 ], [ 171.358000083000093, 7.084795324000027 ], [ 171.35802870100008, 7.084818169000073 ], [ 171.358098455000118, 7.084818169000073 ], [ 171.358127788000047, 7.084794609000028 ], [ 171.358133868000095, 7.084765695000044 ], [ 171.358202550000101, 7.084771406000073 ], [ 171.358220437000114, 7.084748026000057 ], [ 171.358248697000022, 7.084742316000074 ], [ 171.358294841000088, 7.084759627000039 ], [ 171.358330256000045, 7.084759449000046 ], [ 171.358358516000067, 7.084734463000075 ], [ 171.358376760000056, 7.084718756000029 ], [ 171.358416823000084, 7.084695553000074 ], [ 171.358485862000066, 7.084695375000024 ], [ 171.358555260000117, 7.084701267000071 ], [ 171.358613568000123, 7.084701087000042 ], [ 171.358628950000025, 7.084696802000053 ], [ 171.358637178000095, 7.08470679900006 ], [ 171.358654348000073, 7.084689485000069 ], [ 171.358734476000109, 7.084689485000069 ], [ 171.358780624000019, 7.084724110000025 ], [ 171.358827841000107, 7.08473017700004 ], [ 171.358897238000054, 7.084712688000025 ], [ 171.358935157000019, 7.084716792000052 ], [ 171.359655241000041, 7.084939176000034 ], [ 171.359707467000021, 7.08496255700004 ], [ 171.35973751500012, 7.084961664000048 ], [ 171.35973751500012, 7.084915082000066 ], [ 171.359766134000097, 7.084763733000045 ], [ 171.359795108000071, 7.084682168000029 ], [ 171.359772214000031, 7.084675385000025 ], [ 171.359781515000122, 7.084618986000066 ], [ 171.359812278000049, 7.084495658000037 ], [ 171.359806555000091, 7.084448719000022 ], [ 171.359833026000047, 7.084303437000074 ], [ 171.359846978000064, 7.084209915000031 ], [ 171.359854490000089, 7.084148341000059 ], [ 171.359858425000084, 7.084116927000025 ], [ 171.359871302000101, 7.084085694000066 ], [ 171.359887041000093, 7.08404732200006 ], [ 171.359944277000068, 7.084012696000059 ], [ 171.35999185300011, 7.084025370000063 ], [ 171.360042649000093, 7.084030010000049 ], [ 171.360083429000042, 7.084018232000062 ], [ 171.36012349400005, 7.084018232000062 ], [ 171.360163914000054, 7.08404143100006 ], [ 171.360219361000077, 7.08405499600002 ], [ 171.360272661000067, 7.084058922000054 ], [ 171.360332400000061, 7.084052855000039 ], [ 171.360340269000062, 7.084052676000056 ], [ 171.360337051000101, 7.084075342000062 ], [ 171.360361017000059, 7.084064812000065 ], [ 171.360403228000109, 7.084097830000076 ], [ 171.360447226000019, 7.084145662000026 ], [ 171.360452950000081, 7.084174576000066 ], [ 171.360452950000081, 7.084238650000032 ], [ 171.360458673000039, 7.084296834000043 ], [ 171.360452950000081, 7.084355017000064 ], [ 171.360458673000039, 7.084396066000068 ], [ 171.360477633000073, 7.084474063000073 ], [ 171.36049373100002, 7.084541705000049 ], [ 171.360520559000065, 7.084616668000024 ], [ 171.360545957000113, 7.084687523000071 ], [ 171.360592459000031, 7.084763377000058 ], [ 171.360627159000046, 7.084815848000062 ], [ 171.360691547000101, 7.084874390000039 ], [ 171.360789562000036, 7.084885990000032 ], [ 171.360971641000106, 7.085004856000069 ], [ 171.361032809000108, 7.085048763000032 ], [ 171.361125818000119, 7.085089634000042 ], [ 171.361328641000114, 7.085147638000024 ], [ 171.361462429000085, 7.085141392000025 ], [ 171.361485323000124, 7.085112479000031 ], [ 171.361537547000012, 7.085093560000075 ], [ 171.361566166000102, 7.085083388000044 ], [ 171.361648441000057, 7.085073570000077 ], [ 171.361664181000037, 7.085071785000025 ], [ 171.361750749000066, 7.085089098000026 ], [ 171.361799755000106, 7.085134431000029 ], [ 171.361819788000048, 7.085152815000072 ], [ 171.361836958000026, 7.085193151000055 ], [ 171.361825869000086, 7.085246337000058 ], [ 171.361883461000048, 7.085280961000024 ], [ 171.361883461000048, 7.085344677000023 ], [ 171.361906712000064, 7.085437845000058 ], [ 171.362011523000092, 7.085479252000027 ], [ 171.362105247000045, 7.085443734000023 ], [ 171.362116694000065, 7.085408930000028 ], [ 171.362145311000063, 7.085374306000062 ], [ 171.362220431000082, 7.085362527000029 ], [ 171.362335973000086, 7.085298453000064 ], [ 171.362387128000023, 7.085309875000064 ], [ 171.362350998000124, 7.085680574000037 ], [ 171.362340623000023, 7.085798727000054 ], [ 171.36233525900002, 7.085856912000054 ], [ 171.362342056000102, 7.085945258000038 ], [ 171.362514832000102, 7.085956680000038 ], [ 171.362515547000044, 7.085962570000049 ], [ 171.363379792000046, 7.086035745000061 ], [ 171.365091828000118, 7.086181919000069 ], [ 171.365155500000014, 7.085435166000025 ], [ 171.365830514000095, 7.085478715000022 ], [ 171.365849114000071, 7.085537790000046 ], [ 171.366059094000093, 7.085586874000057 ], [ 171.366106313000046, 7.085650411000074 ], [ 171.366094866000026, 7.085916345000044 ], [ 171.366758432000097, 7.085964532000048 ], [ 171.366798853000091, 7.085928301000024 ], [ 171.366824967000071, 7.085663797000052 ], [ 171.366867535000097, 7.085663618000069 ], [ 171.366893648000087, 7.085729477000029 ], [ 171.366982005000068, 7.085765174000073 ], [ 171.367017062000059, 7.08576963400003 ], [ 171.367039240000054, 7.085791766000057 ], [ 171.367092183000068, 7.085800512000048 ], [ 171.367210586000056, 7.085800512000048 ], [ 171.367333642000062, 7.085844594000037 ], [ 171.367356535000113, 7.085804081000049 ], [ 171.367374062000067, 7.08572894100007 ], [ 171.367421996000076, 7.08568093100007 ], [ 171.367491753000081, 7.085689678000051 ], [ 171.367570450000017, 7.08574250700002 ], [ 171.367654513000048, 7.085755892000066 ], [ 171.367807974000016, 7.085724837000043 ], [ 171.367847322000102, 7.085759997000025 ], [ 171.367865209000115, 7.085773385000039 ], [ 171.367975387000115, 7.085804259000042 ], [ 171.368002215000047, 7.085759997000025 ], [ 171.368040848000078, 7.085759997000025 ], [ 171.368081627000038, 7.085802831000024 ], [ 171.368131350000112, 7.085814969000069 ], [ 171.368207544000029, 7.085809435000044 ], [ 171.368343119000087, 7.085743756000056 ], [ 171.368391054000085, 7.085770706000062 ], [ 171.368391768000038, 7.085771063000038 ], [ 171.368451150000055, 7.085792838000032 ], [ 171.368478692000053, 7.085836565000022 ], [ 171.368527702000051, 7.085836565000022 ], [ 171.368727665000051, 7.085945258000038 ], [ 171.368711568000094, 7.086141405000035 ], [ 171.369076439000082, 7.086174959000061 ], [ 171.369141901000035, 7.086163715000055 ], [ 171.369239916000083, 7.086086969000064 ], [ 171.369288565000033, 7.085972029000061 ], [ 171.369315394000068, 7.085912062000034 ], [ 171.369393735000017, 7.085867083000039 ], [ 171.369526447000112, 7.085808544000031 ], [ 171.36972641300008, 7.085971671000038 ], [ 171.369726770000057, 7.086031284000057 ], [ 171.369661665000081, 7.086107496000068 ], [ 171.369667029000084, 7.086168355000041 ], [ 171.36971031500002, 7.086195663000069 ], [ 171.369586544000072, 7.086540483000022 ], [ 171.369694933000119, 7.086595096000053 ], [ 171.369766476000109, 7.086512996000067 ], [ 171.369814767000094, 7.086496755000042 ], [ 171.370455439000125, 7.08673662800004 ], [ 171.370528772000057, 7.086742518000051 ], [ 171.370591373000025, 7.086747517000049 ], [ 171.370667566000066, 7.086714500000028 ], [ 171.370776313000079, 7.086632218000034 ], [ 171.37099309000007, 7.086386456000071 ], [ 171.371190905000049, 7.086387346000038 ], [ 171.371415194000065, 7.086472482000033 ], [ 171.371553631000097, 7.086624722000067 ], [ 171.371666313000105, 7.086672736000025 ], [ 171.371698507000019, 7.086793385000021 ], [ 171.371822276000103, 7.08686156300007 ], [ 171.371950696000113, 7.086793563000072 ], [ 171.37230090200012, 7.086953658000027 ], [ 171.372382462000019, 7.086827474000074 ], [ 171.373126871000068, 7.087253502000067 ], [ 171.373739999000122, 7.087553523000054 ], [ 171.373973588000013, 7.087438942000063 ], [ 171.374319142000104, 7.087657040000067 ], [ 171.374686520000068, 7.086846573000059 ], [ 171.374678292000112, 7.086738235000041 ], [ 171.37486144200011, 7.086336480000057 ], [ 171.37496696900007, 7.086057698000047 ], [ 171.375007392000043, 7.085696995000035 ], [ 171.37491366900008, 7.085529047000023 ], [ 171.375090024000087, 7.085197791000041 ] ] ] ] } },
{ "type": "Feature", "properties": { "ADM0_EN": "Republic of the Marshall Islands", "ADM0_PCODE": "MH", "ADM1_EN": "Majuro", "ADM1_PCODE": "MH15", "ADM2_EN": "Downtown", "ADM2_PCODE": "MH1505", "Shape_Leng": 0.02718324681, "Shape_Area": 1.668729e-05, "ADM0_EN_2": "Republic of the Marshall Islands", "ADM0_PCODE_2": "MH", "ADM1_EN_2": "Majuro", "ADM1_PCODE_2": "MH15", "ADM2_EN_2": "Downtown", "ADM2_PCODE_2": "MH1505", "Shape_Leng_2": 0.02718324681, "Shape_Area_2": 1.668729e-05, "xcoord": 171.37146456417128, "ycoord": 7.1084239435000427 }, "geometry": { "type": "MultiPolygon", "coordinates": [ [ [ [ 171.375073567000072, 7.106486476000043 ], [ 171.37488397900006, 7.106334235000077 ], [ 171.374628210000083, 7.106202339000049 ], [ 171.374196087000087, 7.105861983000068 ], [ 171.373961069000075, 7.105643168000029 ], [ 171.373836940000047, 7.10549003400007 ], [ 171.373786860000109, 7.105551786000035 ], [ 171.373713885000029, 7.105620857000076 ], [ 171.373651642000027, 7.105680112000073 ], [ 171.373597270000118, 7.105731692000063 ], [ 171.373530376000076, 7.105726159000028 ], [ 171.373451679000027, 7.105810759000065 ], [ 171.37341268800003, 7.105894822000039 ], [ 171.373334348000071, 7.105884112000069 ], [ 171.373302869000099, 7.105934263000051 ], [ 171.373283552000089, 7.105965499000035 ], [ 171.373267813000098, 7.105990308000059 ], [ 171.373195554000063, 7.105948543000068 ], [ 171.37310290400012, 7.105896250000058 ], [ 171.373061768000071, 7.105872869000052 ], [ 171.372934062000013, 7.105764355000076 ], [ 171.372815658000036, 7.105663514000071 ], [ 171.372770943000091, 7.105625675000056 ], [ 171.372719432000054, 7.10568332500003 ], [ 171.372925833000068, 7.105890715000044 ], [ 171.372876112000085, 7.105946222000057 ], [ 171.372887201000026, 7.106154507000042 ], [ 171.372692246000042, 7.106289436000054 ], [ 171.372659334000105, 7.106329951000021 ], [ 171.372465094000063, 7.106473805000064 ], [ 171.372302334000096, 7.106284261000042 ], [ 171.372206109000103, 7.106368503000056 ], [ 171.372167474000094, 7.106385278000062 ], [ 171.372128841000062, 7.106362971000067 ], [ 171.372052289000067, 7.10635725800006 ], [ 171.371994340000015, 7.10635297500005 ], [ 171.371977169000047, 7.106351903000075 ], [ 171.371912780000116, 7.106384387000048 ], [ 171.371854828000096, 7.106413477000046 ], [ 171.371787936000032, 7.106346549000023 ], [ 171.371706018000054, 7.106285510000021 ], [ 171.371529663000047, 7.106155398000055 ], [ 171.371318253000027, 7.106262128000026 ], [ 171.371032079000088, 7.105902854000021 ], [ 171.37033417400005, 7.106758476000039 ], [ 171.370435050000083, 7.106832902000065 ], [ 171.370692607000024, 7.106534843000077 ], [ 171.370798132000118, 7.106601951000073 ], [ 171.370810295000069, 7.106577857000048 ], [ 171.370710492000057, 7.106510926000055 ], [ 171.370810295000069, 7.106376714000021 ], [ 171.370965900000101, 7.106219650000071 ], [ 171.371111848000055, 7.106314781000037 ], [ 171.371133314000076, 7.106298361000029 ], [ 171.371322546000101, 7.106521815000065 ], [ 171.37129536100008, 7.106543769000041 ], [ 171.371322546000101, 7.106578393000063 ], [ 171.371306447000052, 7.106605879000028 ], [ 171.371306090000076, 7.106696545000034 ], [ 171.37136225200004, 7.106781144000024 ], [ 171.371446316000061, 7.106820587000072 ], [ 171.371462770000107, 7.106887516000029 ], [ 171.371403747000045, 7.107018697000058 ], [ 171.371361536000109, 7.107150593000028 ], [ 171.37135545600006, 7.107202174000065 ], [ 171.371284629000115, 7.107359770000073 ], [ 171.371163005000085, 7.107495055000072 ], [ 171.371072501000071, 7.107595897000067 ], [ 171.370877547000077, 7.107691560000035 ], [ 171.370676865000064, 7.107629986000063 ], [ 171.37063966300002, 7.107588756000041 ], [ 171.370565259000045, 7.107506656000055 ], [ 171.370553097000084, 7.107421701000021 ], [ 171.370513747000018, 7.107421880000061 ], [ 171.370436122000115, 7.10747060500006 ], [ 171.370273720000114, 7.107534499000053 ], [ 171.370249395000087, 7.107560380000052 ], [ 171.370094504000122, 7.107743139000036 ], [ 171.370083413000089, 7.107816316000026 ], [ 171.370044065000116, 7.107850584000062 ], [ 171.370044065000116, 7.107934647000036 ], [ 171.370005074000119, 7.107968736000032 ], [ 171.369993983000086, 7.108059045000061 ], [ 171.370016520000036, 7.10813775500003 ], [ 171.370027611000069, 7.108198259000062 ], [ 171.369995415000062, 7.108192905000067 ], [ 171.369894897000108, 7.108136863000027 ], [ 171.369871645000103, 7.108149713000046 ], [ 171.369943546000059, 7.108210038000038 ], [ 171.369972162000067, 7.10823395400007 ], [ 171.370010440000101, 7.108250375000068 ], [ 171.369888815000081, 7.108401010000023 ], [ 171.369844457000113, 7.108384411000031 ], [ 171.369826574000058, 7.108446877000063 ], [ 171.369837304000043, 7.108473829000047 ], [ 171.369788654000104, 7.108457588000022 ], [ 171.369764688000032, 7.108500780000043 ], [ 171.369742867000014, 7.108559499000023 ], [ 171.36976611800003, 7.108566102000054 ], [ 171.369772557000033, 7.108510417000048 ], [ 171.369793304000041, 7.108520948000034 ], [ 171.369810116000053, 7.108559676000027 ], [ 171.369799029000092, 7.108597872000075 ], [ 171.369782931000032, 7.108592518000023 ], [ 171.369748947000062, 7.108609472000069 ], [ 171.369709241000123, 7.108633390000023 ], [ 171.36962660800009, 7.10868246900003 ], [ 171.369581893000031, 7.108660161000046 ], [ 171.36955506400011, 7.108659268000054 ], [ 171.369502123000075, 7.108657304000076 ], [ 171.369453831000101, 7.108655698000064 ], [ 171.369424858000116, 7.10865480700005 ], [ 171.369252436000124, 7.108730124000033 ], [ 171.36921845300003, 7.108744938000029 ], [ 171.369107561000078, 7.108849705000068 ], [ 171.36903351300009, 7.108920203000025 ], [ 171.369028149000087, 7.108976065000036 ], [ 171.3689165400001, 7.109037821000072 ], [ 171.368877190000035, 7.109088865000047 ], [ 171.36884392200011, 7.109240569000065 ], [ 171.36861427000008, 7.109434042000032 ], [ 171.368469752000124, 7.10955576200007 ], [ 171.36843612600012, 7.109623408000061 ], [ 171.368352420000065, 7.109690871000055 ], [ 171.36830985000006, 7.109774936000065 ], [ 171.368252617000053, 7.109836689000076 ], [ 171.36819717100002, 7.10979224700003 ], [ 171.368134928000018, 7.109825800000067 ], [ 171.368001499000115, 7.109837223000056 ], [ 171.367917793000061, 7.109809203000054 ], [ 171.367878087000122, 7.109865066000054 ], [ 171.367839811000067, 7.109843113000068 ], [ 171.367810479000013, 7.109871313000042 ], [ 171.367872005000095, 7.110113686000034 ], [ 171.367782934000047, 7.110248436000063 ], [ 171.367771844000117, 7.110350883000024 ], [ 171.367805113000031, 7.11038996800005 ], [ 171.367799747000049, 7.110501875000068 ], [ 171.367777567000076, 7.110563629000069 ], [ 171.367782934000047, 7.11060307200006 ], [ 171.367738577000068, 7.11067035800005 ], [ 171.36774394300005, 7.110727115000032 ], [ 171.367727488000014, 7.110793864000073 ], [ 171.367666319000023, 7.11081082100003 ], [ 171.368214340000122, 7.111388197000053 ], [ 171.368248324000092, 7.111338401000069 ], [ 171.368314144000124, 7.111271295000051 ], [ 171.368370306000088, 7.111216323000065 ], [ 171.368432905000077, 7.111155105000023 ], [ 171.368494077000037, 7.111149393000062 ], [ 171.368566694000037, 7.111132439000073 ], [ 171.368670073000089, 7.111148681000032 ], [ 171.368745551000075, 7.111160460000065 ], [ 171.368782038000063, 7.111153143000024 ], [ 171.368801713000039, 7.111149216000058 ], [ 171.368835697000122, 7.111103704000072 ], [ 171.36885501200004, 7.111068544000034 ], [ 171.368863597000086, 7.111052657000073 ], [ 171.368869322000023, 7.11100232900003 ], [ 171.369126162000043, 7.110788154000034 ], [ 171.369140829000116, 7.110735326000054 ], [ 171.369237412000075, 7.110665005000044 ], [ 171.369287851000081, 7.110656437000046 ], [ 171.369304305000014, 7.110653583000044 ], [ 171.369376922000015, 7.110614138000074 ], [ 171.369416271000091, 7.110610213000029 ], [ 171.369488530000012, 7.110586117000025 ], [ 171.369611227000064, 7.110597185000074 ], [ 171.369678120000117, 7.110597185000074 ], [ 171.369835158000114, 7.110641981000072 ], [ 171.369913139000118, 7.110619493000058 ], [ 171.370069460000082, 7.110636269000054 ], [ 171.370148160000099, 7.11060235900004 ], [ 171.370195737000017, 7.110599680000064 ], [ 171.370235085000104, 7.110597362000021 ], [ 171.37055023400012, 7.110641445000056 ], [ 171.370875399000056, 7.110542926000051 ], [ 171.370941577000053, 7.110522934000073 ], [ 171.370980210000084, 7.110506337000061 ], [ 171.370996307000041, 7.110533644000043 ], [ 171.371149052000078, 7.110460111000066 ], [ 171.37115441900005, 7.110426915000062 ], [ 171.371249572000124, 7.110375335000072 ], [ 171.371238482000081, 7.110336783000037 ], [ 171.371400170000015, 7.110269139000025 ], [ 171.371500689000072, 7.110145277000072 ], [ 171.371545047000041, 7.110055501000033 ], [ 171.371690636000039, 7.110021412000037 ], [ 171.371803316000069, 7.10986970600004 ], [ 171.371858049000025, 7.109796174000053 ], [ 171.371958568000082, 7.109571113000072 ], [ 171.372198238000124, 7.109362829000077 ], [ 171.372371731000044, 7.10924449700002 ], [ 171.372797772000013, 7.108807050000053 ], [ 171.373041734000026, 7.108528623000041 ], [ 171.373025280000093, 7.108473117000074 ], [ 171.373186967000038, 7.108360674000039 ], [ 171.373237049000068, 7.108298743000034 ], [ 171.373548978000031, 7.108016033000069 ], [ 171.373738926000101, 7.10784469500004 ], [ 171.373936029000106, 7.107666039000037 ], [ 171.374001848000034, 7.107606605000058 ], [ 171.374034757000118, 7.107617669000035 ], [ 171.374108446000037, 7.107537533000027 ], [ 171.374091993000093, 7.107504515000073 ], [ 171.374186788000088, 7.107447581000031 ], [ 171.374181065000016, 7.107430444000045 ], [ 171.374120252000012, 7.10738600600007 ], [ 171.374142074000019, 7.107363339000074 ], [ 171.374136350000072, 7.10732996400003 ], [ 171.374152089000063, 7.10730854600007 ], [ 171.374167829000044, 7.107324431000052 ], [ 171.374162463000062, 7.107357807000028 ], [ 171.374173910000081, 7.107391896000024 ], [ 171.374208608000117, 7.107381186000055 ], [ 171.374253322000072, 7.107358521000037 ], [ 171.374264770000082, 7.107317829000067 ], [ 171.374225421000119, 7.107323004000023 ], [ 171.374208965000093, 7.107279454000036 ], [ 171.374247598000125, 7.107251612000027 ], [ 171.374258689000044, 7.107234834000053 ], [ 171.374325582000097, 7.107226981000053 ], [ 171.374371013000086, 7.107216987000072 ], [ 171.374398556000074, 7.107206278000035 ], [ 171.374432181000088, 7.107154876000038 ], [ 171.374421451000103, 7.107105616000069 ], [ 171.374469741000098, 7.107110971000054 ], [ 171.374470815000109, 7.107127927000022 ], [ 171.374520896000035, 7.107116503000043 ], [ 171.374544146000062, 7.107082056000024 ], [ 171.374515529000064, 7.107075454000039 ], [ 171.374499791000062, 7.107064745000059 ], [ 171.37451588700003, 7.107037616000071 ], [ 171.37457741500009, 7.107009418000075 ], [ 171.374599593000084, 7.10696444000007 ], [ 171.374638227000105, 7.106953375000046 ], [ 171.374655397000083, 7.106891622000035 ], [ 171.374694030000114, 7.106896975000041 ], [ 171.374738744000069, 7.106885732000023 ], [ 171.374767362000057, 7.106845931000066 ], [ 171.374756274000106, 7.106806130000052 ], [ 171.37477272700005, 7.106767223000077 ], [ 171.374850711000022, 7.106711181000037 ], [ 171.375071781000088, 7.106488262000028 ], [ 171.375073567000072, 7.106486476000043 ] ] ] ] } },
{ "type": "Feature", "properties": { "ADM0_EN": "Republic of the Marshall Islands", "ADM0_PCODE": "MH", "ADM1_EN": "Majuro", "ADM1_PCODE": "MH15", "ADM2_EN": "Ejit", "ADM2_PCODE": "MH1524", "Shape_Leng": 0.0077230431, "Shape_Area": 3.96381e-06, "ADM0_EN_2": "Republic of the Marshall Islands", "ADM0_PCODE_2": "MH", "ADM1_EN_2": "Majuro", "ADM1_PCODE_2": "MH15", "ADM2_EN_2": "Ejit", "ADM2_PCODE_2": "MH1524", "Shape_Leng_2": 0.0077230431, "Shape_Area_2": 3.96381e-06, "xcoord": 171.34929636444815, "ycoord": 7.1243763140000453 }, "geometry": { "type": "MultiPolygon", "coordinates": [ [ [ [ 171.350569937000046, 7.123580214000071 ], [ 171.350489452000033, 7.12344082200002 ], [ 171.350351017000094, 7.12338281500007 ], [ 171.350108841000065, 7.123406018000026 ], [ 171.349774376000028, 7.12344082200002 ], [ 171.349566900000013, 7.123487405000049 ], [ 171.349324725000088, 7.123487405000049 ], [ 171.34915158900003, 7.123406018000026 ], [ 171.349059299000032, 7.123452422000071 ], [ 171.34893266500012, 7.123510606000025 ], [ 171.348805677000087, 7.123522207000065 ], [ 171.348563503000037, 7.123417619000065 ], [ 171.348436872000093, 7.123336234000021 ], [ 171.348263736000035, 7.123359434000065 ], [ 171.348148550000019, 7.123499003000063 ], [ 171.348090957000068, 7.123684802000071 ], [ 171.348044814000104, 7.123870776000047 ], [ 171.348044814000104, 7.124056749000033 ], [ 171.348113852000097, 7.124254324000049 ], [ 171.348182891000079, 7.124521507000054 ], [ 171.348298434000071, 7.124742462000029 ], [ 171.348448319000113, 7.124998043000062 ], [ 171.348655794000024, 7.125207218000071 ], [ 171.34892121900009, 7.125300206000077 ], [ 171.349209182000095, 7.12531180600007 ], [ 171.349439909000012, 7.12531180600007 ], [ 171.349739678000105, 7.12531180600007 ], [ 171.349912811000081, 7.125265403000071 ], [ 171.350039445000107, 7.125160814000026 ], [ 171.350120288000085, 7.125056226000027 ], [ 171.350177880000047, 7.12487025300004 ], [ 171.35030486900007, 7.124695880000047 ], [ 171.350408608000066, 7.124498304000042 ], [ 171.350500898000064, 7.124207742000067 ], [ 171.350500898000064, 7.123917357000039 ], [ 171.350569937000046, 7.123580214000071 ] ] ] ] } },
{ "type": "Feature", "properties": { "ADM0_EN": "Republic of the Marshall Islands", "ADM0_PCODE": "MH", "ADM1_EN": "Majuro", "ADM1_PCODE": "MH15", "ADM2_EN": "Jable - Long Island", "ADM2_PCODE": "MH1513", "Shape_Leng": 0.0266292403, "Shape_Area": 1.322878e-05, "ADM0_EN_2": "Republic of the Marshall Islands", "ADM0_PCODE_2": "MH", "ADM1_EN_2": "Majuro", "ADM1_PCODE_2": "MH15", "ADM2_EN_2": "Jable - Long Island", "ADM2_PCODE_2": "MH1513", "Shape_Leng_2": 0.0266292403, "Shape_Area_2": 1.322878e-05, "xcoord": 171.32983112767249, "ycoord": 7.0774275705000491 }, "geometry": { "type": "MultiPolygon", "coordinates": [ [ [ [ 171.334056281000016, 7.078980330000036 ], [ 171.334007632000066, 7.078948739000055 ], [ 171.333940022000093, 7.078911794000021 ], [ 171.333846659000073, 7.078887341000041 ], [ 171.33381410700008, 7.078868244000034 ], [ 171.333784056000013, 7.07885735900004 ], [ 171.333751505000123, 7.078832728000066 ], [ 171.333720742000082, 7.078846114000044 ], [ 171.333634174000053, 7.078810776000068 ], [ 171.333560127000055, 7.07876133700006 ], [ 171.33336767500009, 7.078690837000067 ], [ 171.333118345000116, 7.078599636000035 ], [ 171.333018185000014, 7.078584645000035 ], [ 171.332919097000058, 7.078569652000056 ], [ 171.332894773000021, 7.078566974000069 ], [ 171.332864723000057, 7.078545021000025 ], [ 171.33279640000012, 7.078539489000036 ], [ 171.332768857000019, 7.078550556000039 ], [ 171.332728075000091, 7.078553231000058 ], [ 171.332668338000076, 7.07856429800006 ], [ 171.332611460000066, 7.078548056000045 ], [ 171.332576047000089, 7.078517892000036 ], [ 171.332546714000046, 7.078501118000077 ], [ 171.332494487000076, 7.078474166000035 ], [ 171.332491626000092, 7.078425264000032 ], [ 171.332461219000038, 7.078408129000024 ], [ 171.332431170000064, 7.078402596000046 ], [ 171.332415431000072, 7.078391350000061 ], [ 171.332390034000014, 7.078366900000049 ], [ 171.332370716000014, 7.078366900000049 ], [ 171.332341026000108, 7.078369758000065 ], [ 171.332300248000024, 7.078364223000051 ], [ 171.332265548000123, 7.078348162000054 ], [ 171.332273417000124, 7.07830978800007 ], [ 171.332262686000036, 7.07829336900005 ], [ 171.332234069000037, 7.078292833000035 ], [ 171.332204021000052, 7.078298543000074 ], [ 171.332185419000098, 7.078314785000032 ], [ 171.332144997000114, 7.078301220000071 ], [ 171.332074171000045, 7.078263027000048 ], [ 171.331876352000108, 7.078193420000048 ], [ 171.3318466610001, 7.078170931000045 ], [ 171.33180194800002, 7.078114889000062 ], [ 171.331756517000031, 7.078092043000026 ], [ 171.331715738000071, 7.078099540000039 ], [ 171.331652062000103, 7.07806580700003 ], [ 171.331600552000054, 7.078062060000036 ], [ 171.331596974000036, 7.078036358000077 ], [ 171.331588389000103, 7.078013337000073 ], [ 171.331558698000094, 7.07802083200005 ], [ 171.331540099000108, 7.07802083200005 ], [ 171.331514344000084, 7.07801708300002 ], [ 171.331458895000083, 7.07797996100004 ], [ 171.331451385000037, 7.077953901000058 ], [ 171.331436002000032, 7.077938374000041 ], [ 171.331417759000033, 7.077930165000055 ], [ 171.331178445000091, 7.07779202200004 ], [ 171.331133730000033, 7.077780779000022 ], [ 171.331094381000071, 7.077757397000028 ], [ 171.331062903000088, 7.077720989000056 ], [ 171.331040368000117, 7.07771331500004 ], [ 171.331014254000024, 7.077694573000031 ], [ 171.330965246000119, 7.077671906000035 ], [ 171.330939491000095, 7.077679405000026 ], [ 171.330928759000017, 7.07767244300004 ], [ 171.330921247000106, 7.077642458000071 ], [ 171.330895133000013, 7.077630859000067 ], [ 171.330880468000032, 7.077612294000062 ], [ 171.330845769000121, 7.077599444000043 ], [ 171.330790321000109, 7.077585880000072 ], [ 171.33076850100008, 7.077563571000042 ], [ 171.330760632000079, 7.077544652000029 ], [ 171.330730585000083, 7.077536977000022 ], [ 171.330413289000035, 7.077368314000068 ], [ 171.330343176000042, 7.077349755000057 ], [ 171.330335665000121, 7.077319947000035 ], [ 171.330286657000102, 7.077326908000032 ], [ 171.330260543000122, 7.077270867000038 ], [ 171.330223340000089, 7.077270687000066 ], [ 171.33015251300003, 7.07720714900006 ], [ 171.330048059000092, 7.07720697000002 ], [ 171.330033393000122, 7.077188945000046 ], [ 171.330033393000122, 7.077155034000043 ], [ 171.330003344000033, 7.077147182000033 ], [ 171.329992255000093, 7.077109700000051 ], [ 171.329939312000079, 7.07705312500002 ], [ 171.329883510000059, 7.077060620000054 ], [ 171.329816615000027, 7.077030814000068 ], [ 171.329651350000063, 7.076909270000044 ], [ 171.32964276600012, 7.076883748000057 ], [ 171.329599840000014, 7.076846981000074 ], [ 171.329563354000015, 7.076829670000052 ], [ 171.329454964000092, 7.076766131000056 ], [ 171.329315097000062, 7.076672965000057 ], [ 171.329277536000063, 7.076681354000073 ], [ 171.329267163000054, 7.076666897000052 ], [ 171.329262512000014, 7.076653690000057 ], [ 171.329232464000029, 7.076633879000042 ], [ 171.329194188000088, 7.076597826000068 ], [ 171.32914732800009, 7.076584976000049 ], [ 171.329122645000098, 7.076560167000025 ], [ 171.329087589000096, 7.076533574000052 ], [ 171.329044305000025, 7.076559274000033 ], [ 171.329006387000049, 7.076554991000023 ], [ 171.328829315000121, 7.076467894000075 ], [ 171.328819301000067, 7.076427736000028 ], [ 171.328777804000083, 7.076403464000066 ], [ 171.328754554000056, 7.076416671000061 ], [ 171.328711627000075, 7.076376513000071 ], [ 171.328677287000119, 7.076382939000041 ], [ 171.328606817000036, 7.076356167000029 ], [ 171.328576767000072, 7.076329217000023 ], [ 171.328544931000124, 7.076312083000062 ], [ 171.328508445000011, 7.076298339000061 ], [ 171.328405063000105, 7.076261394000028 ], [ 171.328378594000014, 7.076231411000037 ], [ 171.328381812000089, 7.076218381000047 ], [ 171.328347828000119, 7.076213918000064 ], [ 171.328334593000022, 7.076193930000045 ], [ 171.328270204000091, 7.076163231000066 ], [ 171.328233358000034, 7.076156449000052 ], [ 171.328220123000051, 7.076133069000036 ], [ 171.328192581000053, 7.07613271200006 ], [ 171.328084907000061, 7.076075243000048 ], [ 171.3280545020001, 7.076068461000034 ], [ 171.328053429000079, 7.076095589000033 ], [ 171.328031249000105, 7.076098803000036 ], [ 171.328013722000037, 7.076071850000062 ], [ 171.327950047000058, 7.076082023000026 ], [ 171.32790676400009, 7.076065247000031 ], [ 171.327883153000016, 7.076045079000039 ], [ 171.327845951000086, 7.076024554000071 ], [ 171.327825562000044, 7.076024554000071 ], [ 171.327805530000091, 7.076011168000036 ], [ 171.327792652000085, 7.076015274000042 ], [ 171.327768685000024, 7.076014561000022 ], [ 171.327691418000086, 7.07593335100006 ], [ 171.327637045000074, 7.075923 ], [ 171.327486089000104, 7.075811631000022 ], [ 171.327462478000029, 7.075777898000069 ], [ 171.327374481000106, 7.075750414000026 ], [ 171.327340498000012, 7.075770580000039 ], [ 171.327283620000117, 7.075733635000063 ], [ 171.327249994000113, 7.075726852000059 ], [ 171.327233183000089, 7.07570329400005 ], [ 171.327169508000111, 7.075662600000044 ], [ 171.327145900000119, 7.075635650000038 ], [ 171.327128729000037, 7.075632083000073 ], [ 171.32710798100004, 7.075642255000048 ], [ 171.326954163000096, 7.075638864000041 ], [ 171.326937349000104, 7.075595493000037 ], [ 171.326912666000112, 7.075554265000051 ], [ 171.326882620000106, 7.075567830000068 ], [ 171.326835759000119, 7.075567830000068 ], [ 171.326782102000038, 7.075561224000069 ], [ 171.326755629000104, 7.075520889000074 ], [ 171.326700898000013, 7.075517142000024 ], [ 171.326573194000048, 7.075469845000043 ], [ 171.326489129000038, 7.075483410000061 ], [ 171.326378238000075, 7.07542593900007 ], [ 171.326343898000118, 7.075449499000058 ], [ 171.326317069000083, 7.075442895000037 ], [ 171.326290598000014, 7.075446285000055 ], [ 171.326284157000032, 7.07543307800006 ], [ 171.326256973000113, 7.07542593900007 ], [ 171.326092064000022, 7.075324564000027 ], [ 171.326074179000102, 7.075331524000035 ], [ 171.326057724000066, 7.075348122000037 ], [ 171.326004067000099, 7.075334736000059 ], [ 171.325957205000122, 7.075341519000062 ], [ 171.325933596000027, 7.075331346000041 ], [ 171.325896393000107, 7.075331346000041 ], [ 171.325842735000037, 7.075321350000024 ], [ 171.325826279000012, 7.075308144000076 ], [ 171.325822705000064, 7.075290832000064 ], [ 171.325808752000057, 7.075297435000039 ], [ 171.325785859000121, 7.075290832000064 ], [ 171.325772623000034, 7.075274233000073 ], [ 171.325744721000092, 7.07527387600004 ], [ 171.325746866000031, 7.075284049000061 ], [ 171.325735062000035, 7.075284049000061 ], [ 171.325725046000116, 7.075270661000047 ], [ 171.325691421000101, 7.075260312000069 ], [ 171.32564813800002, 7.075253707000059 ], [ 171.32564813800002, 7.075230862000069 ], [ 171.325623097000062, 7.075223366000046 ], [ 171.325589828000034, 7.075250137000069 ], [ 171.325530091000019, 7.075246925000044 ], [ 171.325522579000108, 7.075233361000073 ], [ 171.325495034000028, 7.075233719000039 ], [ 171.325480369000047, 7.075246925000044 ], [ 171.325475717000018, 7.075236751000034 ], [ 171.325452109000025, 7.07523014800006 ], [ 171.325436368000055, 7.075231576000022 ], [ 171.325407751000057, 7.075240321000024 ], [ 171.325400953000099, 7.075253707000059 ], [ 171.325385216000086, 7.075253707000059 ], [ 171.325375198000074, 7.07523014800006 ], [ 171.325357670000017, 7.075219976000028 ], [ 171.325343363000115, 7.075234432000059 ], [ 171.325343363000115, 7.075247640000043 ], [ 171.325320469000076, 7.075257277000048 ], [ 171.325287558000014, 7.075260490000062 ], [ 171.325280404000068, 7.075240321000024 ], [ 171.325251429000105, 7.075238359000025 ], [ 171.325141252000094, 7.075230862000069 ], [ 171.325085089000027, 7.075226937000025 ], [ 171.325034653000102, 7.075223545000028 ], [ 171.325011043000018, 7.075226937000025 ], [ 171.324991013000044, 7.075220155000068 ], [ 171.324964182000031, 7.075220155000068 ], [ 171.324886914000103, 7.075203377000037 ], [ 171.324832900000047, 7.075213550000058 ], [ 171.324809647000052, 7.075206947000027 ], [ 171.324772446000111, 7.075159471000063 ], [ 171.324704837000013, 7.075145907000035 ], [ 171.324684447000095, 7.07515929300007 ], [ 171.324668348000046, 7.075152867000043 ], [ 171.324655113000063, 7.075119491000066 ], [ 171.32462792900003, 7.075122170000043 ], [ 171.324624350000022, 7.075105392000069 ], [ 171.324563897000075, 7.075064699000052 ], [ 171.324448355000072, 7.075029361000077 ], [ 171.324350340000024, 7.075393814000051 ], [ 171.324138213000083, 7.075592637000057 ], [ 171.324043417000098, 7.075968334000038 ], [ 171.324094930000115, 7.076203926000062 ], [ 171.324090279000075, 7.076375620000022 ], [ 171.324084555000013, 7.076590509000027 ], [ 171.324080263000042, 7.076751674000036 ], [ 171.324225136000109, 7.076747746000024 ], [ 171.324275219000015, 7.076713301000041 ], [ 171.324292032000017, 7.076720975000057 ], [ 171.324319575000118, 7.076728650000064 ], [ 171.324353915000074, 7.076733468000043 ], [ 171.324379673000067, 7.07673686000004 ], [ 171.324399346000064, 7.076730257000065 ], [ 171.324424029000056, 7.076745785000071 ], [ 171.324454078000031, 7.076761669000064 ], [ 171.324481979000097, 7.076770414000066 ], [ 171.324517750000041, 7.076778089000072 ], [ 171.324541003000036, 7.076797721000048 ], [ 171.324577848000104, 7.076797721000048 ], [ 171.324636869000074, 7.076822173000039 ], [ 171.324679081000113, 7.076848410000025 ], [ 171.324776380000117, 7.076855192000039 ], [ 171.324864021000053, 7.076902487000041 ], [ 171.32499744800009, 7.07691694500005 ], [ 171.32504395300009, 7.076922121000052 ], [ 171.325047887000096, 7.076922477000039 ], [ 171.325110129000109, 7.076929259000053 ], [ 171.325211006000018, 7.077000472000066 ], [ 171.325247853000064, 7.076993868000045 ], [ 171.325275038000086, 7.077003864000062 ], [ 171.325304728000106, 7.076993868000045 ], [ 171.325315103000094, 7.077014036000037 ], [ 171.325352304000035, 7.077020818000051 ], [ 171.325402742000051, 7.077020818000051 ], [ 171.325439946000074, 7.077015643000038 ], [ 171.325455686000055, 7.077014036000037 ], [ 171.32545640100011, 7.077024033000043 ], [ 171.325540464000028, 7.077037596000025 ], [ 171.325557993000075, 7.077024033000043 ], [ 171.325600561000101, 7.077020104000042 ], [ 171.325644203000024, 7.077014215000077 ], [ 171.325675324000031, 7.07700707500004 ], [ 171.325722184000028, 7.077006897000047 ], [ 171.32573935500011, 7.077017071000057 ], [ 171.325759387000062, 7.07701368000005 ], [ 171.325779778000083, 7.077023854000061 ], [ 171.325793011000087, 7.077022068000076 ], [ 171.325814118000039, 7.077019925000059 ], [ 171.325820916000112, 7.07699993600005 ], [ 171.325837012000079, 7.076993334000065 ], [ 171.325865271000112, 7.07699083600005 ], [ 171.325946472000055, 7.076983517000031 ], [ 171.326028750000091, 7.076976200000047 ], [ 171.326055220000057, 7.076986373000068 ], [ 171.32607203200007, 7.07699993600005 ], [ 171.326092421000112, 7.07701671500007 ], [ 171.326136062000046, 7.077030279000041 ], [ 171.326153593000072, 7.077020104000042 ], [ 171.326176127000053, 7.07701671500007 ], [ 171.326197232000027, 7.077013322000028 ], [ 171.326214046000018, 7.077009932000067 ], [ 171.326224420000017, 7.076962994000041 ], [ 171.326280582000095, 7.076994046000038 ], [ 171.32632887300008, 7.077009396000051 ], [ 171.326346403000116, 7.077011540000058 ], [ 171.326424382000027, 7.077009218000057 ], [ 171.326509879000014, 7.077006362000077 ], [ 171.326578559000041, 7.077014929000029 ], [ 171.326698753000073, 7.077029921000076 ], [ 171.326732020000122, 7.077026529000022 ], [ 171.32684362800012, 7.077042951000067 ], [ 171.326866878000033, 7.077044022000052 ], [ 171.327130518000104, 7.077037062000045 ], [ 171.327176662000056, 7.077040272000033 ], [ 171.327246417000083, 7.077053303000071 ], [ 171.327253572000018, 7.077066866000052 ], [ 171.327405245000023, 7.077117553000051 ], [ 171.327426348000017, 7.077117018000024 ], [ 171.327519713000015, 7.077114163000033 ], [ 171.327536168000051, 7.077127549000068 ], [ 171.327610932000084, 7.077133260000039 ], [ 171.327733270000067, 7.077141827000048 ], [ 171.327868845000012, 7.077150931000062 ], [ 171.327978664000057, 7.077144860000033 ], [ 171.32809206100012, 7.077114343000062 ], [ 171.328172905000088, 7.077089890000025 ], [ 171.328187929000023, 7.077090603000045 ], [ 171.328417941000112, 7.077099885000052 ], [ 171.328434754000114, 7.077126835000058 ], [ 171.328461585000014, 7.077146110000058 ], [ 171.328482331000032, 7.077160923000065 ], [ 171.328589287000113, 7.077168956000037 ], [ 171.328679790000024, 7.077175559000068 ], [ 171.328748114000064, 7.077190552000047 ], [ 171.328779951000115, 7.077194833000021 ], [ 171.328918389000023, 7.077261229000044 ], [ 171.328973834000067, 7.077289251000025 ], [ 171.329031426000029, 7.077329765000059 ], [ 171.329048598000099, 7.077359750000028 ], [ 171.329073997000023, 7.077394195000068 ], [ 171.329115133000073, 7.07741364900005 ], [ 171.329159848000018, 7.077441492000048 ], [ 171.329213148000122, 7.077482185000065 ], [ 171.329264659000046, 7.077514489000066 ], [ 171.329446737000012, 7.077592305000053 ], [ 171.329466054000022, 7.077600517000064 ], [ 171.329472850000116, 7.077603371000066 ], [ 171.329483939000056, 7.077622112000029 ], [ 171.32949467100002, 7.07763281900003 ], [ 171.329507189000083, 7.077646740000034 ], [ 171.329525077000085, 7.077685829000075 ], [ 171.329536881000081, 7.077695465000033 ], [ 171.329544036000016, 7.077701 ], [ 171.329554408000035, 7.077705282000068 ], [ 171.329562636000105, 7.077708672000028 ], [ 171.329590896000013, 7.077712956000028 ], [ 171.329599483000038, 7.077715813000054 ], [ 171.329613432000087, 7.077721168000039 ], [ 171.329620229000056, 7.077724915000033 ], [ 171.329637400000024, 7.077734731000021 ], [ 171.329664230000049, 7.077740799000026 ], [ 171.329670666000084, 7.077742228000034 ], [ 171.329682472000059, 7.07776864300007 ], [ 171.329700357000092, 7.07776864300007 ], [ 171.329718601000081, 7.07776864300007 ], [ 171.329703934000122, 7.077861451000047 ], [ 171.329707513000017, 7.077910354000039 ], [ 171.329861330000085, 7.078053849000071 ], [ 171.329898891000084, 7.078057598000044 ], [ 171.329924647000098, 7.078057598000044 ], [ 171.329946825000093, 7.07807598200003 ], [ 171.329952549000041, 7.078083657000036 ], [ 171.329969719000019, 7.078106322000053 ], [ 171.330010500000071, 7.078106322000053 ], [ 171.330036255000095, 7.078128453000033 ], [ 171.330040189000101, 7.078151121000076 ], [ 171.330054854000082, 7.078165756000033 ], [ 171.330054854000082, 7.07818413800004 ], [ 171.330069882000089, 7.078185032000022 ], [ 171.330073458000015, 7.078198952000037 ], [ 171.330062368000085, 7.078214480000042 ], [ 171.330073458000015, 7.078255710000064 ], [ 171.330088480000086, 7.078274627000042 ], [ 171.330095992000111, 7.078319961000034 ], [ 171.330165390000047, 7.078351194000049 ], [ 171.330190789000085, 7.078370648000032 ], [ 171.330241941000054, 7.078410271000052 ], [ 171.330236218000096, 7.078464171000064 ], [ 171.330402198000115, 7.078747416000056 ], [ 171.330413289000035, 7.078814524000052 ], [ 171.330383599000015, 7.078844150000066 ], [ 171.330367142000114, 7.078881096000032 ], [ 171.330346396000095, 7.078927323000073 ], [ 171.330335305000062, 7.079009601000052 ], [ 171.330316705000087, 7.079024415000049 ], [ 171.330301681000037, 7.079051008000022 ], [ 171.330297745000053, 7.079085096000028 ], [ 171.330309192000072, 7.079100803000074 ], [ 171.330323858000042, 7.079111868000041 ], [ 171.330323858000042, 7.079136855000058 ], [ 171.330249812000034, 7.079137032000062 ], [ 171.330253388000074, 7.079198432000055 ], [ 171.330276283000103, 7.079228771000032 ], [ 171.330299535000108, 7.07922859200005 ], [ 171.330313843000113, 7.079217705000076 ], [ 171.330335305000062, 7.079235732000029 ], [ 171.330332088000091, 7.079255007000029 ], [ 171.330354264000107, 7.079262325000059 ], [ 171.330361419000042, 7.079280888000028 ], [ 171.330402914000047, 7.079326219000052 ], [ 171.33044333700002, 7.079348351000021 ], [ 171.33044369300012, 7.079373872000076 ], [ 171.33042867100005, 7.079389759000037 ], [ 171.330480181000098, 7.079463826000051 ], [ 171.330454785000029, 7.079486850000023 ], [ 171.330452996000076, 7.079529328000035 ], [ 171.330451563000111, 7.079573948000075 ], [ 171.330478035000056, 7.079589116000022 ], [ 171.330514881000113, 7.079600185000061 ], [ 171.33053419700002, 7.079622851000067 ], [ 171.330563172000097, 7.079624812000077 ], [ 171.33059, 7.079626598000061 ], [ 171.330642228000102, 7.079630347000034 ], [ 171.330668698000068, 7.079622673000074 ], [ 171.330684080000083, 7.079618389000075 ], [ 171.330691593000097, 7.079596077000076 ], [ 171.330721283000116, 7.079562167000063 ], [ 171.330739883000092, 7.079505590000053 ], [ 171.330739883000092, 7.079468109000061 ], [ 171.330747039000016, 7.079453654000076 ], [ 171.33077279400004, 7.079449904000057 ], [ 171.33078781800009, 7.079438840000023 ], [ 171.330805346000034, 7.079442232000076 ], [ 171.33081035400005, 7.079461149000053 ], [ 171.331065764000073, 7.079376907000039 ], [ 171.331087585000091, 7.079379765000056 ], [ 171.331131585000094, 7.079376730000035 ], [ 171.331171649000112, 7.079357812000069 ], [ 171.331187031000013, 7.079373338000039 ], [ 171.33117415300012, 7.079389044000038 ], [ 171.331236753000098, 7.079453475000037 ], [ 171.331449596000084, 7.079573055000026 ], [ 171.331533300000046, 7.079581444000041 ], [ 171.33157157800008, 7.079495417000032 ], [ 171.331717884000113, 7.07947471500006 ], [ 171.331694633000097, 7.079573055000026 ], [ 171.331717525000045, 7.079590547000066 ], [ 171.33177154100008, 7.079592331000072 ], [ 171.331844515000057, 7.079594652000026 ], [ 171.331970789000025, 7.07959857700007 ], [ 171.33215644400002, 7.079667113000028 ], [ 171.332180412000071, 7.079667113000028 ], [ 171.332188280000082, 7.079682819000027 ], [ 171.332180054000105, 7.079709769000033 ], [ 171.33219400400003, 7.079724405000036 ], [ 171.332223337000073, 7.079725654000072 ], [ 171.33222119200002, 7.079754033000029 ], [ 171.332229777000066, 7.079765812000062 ], [ 171.332268053000121, 7.079764026000021 ], [ 171.332286653000097, 7.079795619000038 ], [ 171.332381090000013, 7.079789550000044 ], [ 171.332495559000108, 7.079797404000033 ], [ 171.332644370000025, 7.07981293000006 ], [ 171.332701605000125, 7.079820425000037 ], [ 171.332806059000063, 7.079820246000054 ], [ 171.332933765000121, 7.079792761000022 ], [ 171.333119061000048, 7.079715838000027 ], [ 171.333143027000119, 7.079721192000022 ], [ 171.333177012000078, 7.07973475700004 ], [ 171.333190247000061, 7.079721192000022 ], [ 171.33326071800002, 7.079721192000022 ], [ 171.333298278000029, 7.079724226000053 ], [ 171.333432062000043, 7.079742074000023 ], [ 171.333530438000025, 7.07976491900007 ], [ 171.333632027000021, 7.079785443000048 ], [ 171.333800154000073, 7.079819532000045 ], [ 171.334056281000016, 7.078980330000036 ] ] ] ] } },
{ "type": "Feature", "properties": { "ADM0_EN": "Republic of the Marshall Islands", "ADM0_PCODE": "MH", "ADM1_EN": "Majuro", "ADM1_PCODE": "MH15", "ADM2_EN": "Jenrok", "ADM2_PCODE": "MH1504", "Shape_Leng": 0.0178708477, "Shape_Area": 8.01496e-06, "ADM0_EN_2": "Republic of the Marshall Islands", "ADM0_PCODE_2": "MH", "ADM1_EN_2": "Majuro", "ADM1_PCODE_2": "MH15", "ADM2_EN_2": "Jenrok", "ADM2_PCODE_2": "MH1504", "Shape_Leng_2": 0.0178708477, "Shape_Area_2": 8.01496e-06, "xcoord": 171.3663568856847, "ycoord": 7.1139100030000293 }, "geometry": { "type": "MultiPolygon", "coordinates": [ [ [ [ 171.368214340000122, 7.111388197000053 ], [ 171.367666319000023, 7.11081082100003 ], [ 171.367555068000115, 7.110900595000032 ], [ 171.367454908000013, 7.110844731000043 ], [ 171.367437737000046, 7.110833489000072 ], [ 171.367381576000071, 7.110827777000054 ], [ 171.367280699000048, 7.11089559800007 ], [ 171.367220246000102, 7.11092843800003 ], [ 171.367179107000084, 7.110990548000075 ], [ 171.36714655500009, 7.11105890400006 ], [ 171.367118294000079, 7.111126907000028 ], [ 171.367079305000061, 7.111194191000038 ], [ 171.367062850000025, 7.111318056000073 ], [ 171.366974136000067, 7.111433174000069 ], [ 171.366989159000013, 7.111510991000046 ], [ 171.366949096000099, 7.111585415000036 ], [ 171.366868251000028, 7.111570782000058 ], [ 171.366783830000031, 7.111723022000035 ], [ 171.36676129500006, 7.111734444000035 ], [ 171.366733391000025, 7.111768178000034 ], [ 171.36676129500006, 7.111814046000063 ], [ 171.366768447000027, 7.111885795000035 ], [ 171.366739472000063, 7.111947905000022 ], [ 171.366706921000059, 7.111947905000022 ], [ 171.366667930000062, 7.111892041000033 ], [ 171.366622142000097, 7.111977711000065 ], [ 171.366660417000048, 7.112005375000024 ], [ 171.366638954000109, 7.112040001000025 ], [ 171.366632517000085, 7.112082300000054 ], [ 171.366593525000098, 7.112088010000036 ], [ 171.366550240000038, 7.11209425800007 ], [ 171.366500160000101, 7.112055170000076 ], [ 171.366481916000112, 7.112078551000025 ], [ 171.366518046000124, 7.112190100000021 ], [ 171.366415381000024, 7.112308608000035 ], [ 171.366354212000033, 7.112386962000073 ], [ 171.366288033000046, 7.112381430000028 ], [ 171.366059809000035, 7.112244892000035 ], [ 171.365836237000053, 7.112591139000074 ], [ 171.366108459000088, 7.112715183000034 ], [ 171.366131710000104, 7.112681806000069 ], [ 171.366225791000033, 7.112735886000053 ], [ 171.366210052000042, 7.112778364000064 ], [ 171.366202181000062, 7.112830657000075 ], [ 171.366200394000089, 7.112903655000025 ], [ 171.366199320000078, 7.112959876000048 ], [ 171.366240099000038, 7.113038405000054 ], [ 171.366131710000104, 7.113196893000065 ], [ 171.366075907000095, 7.113163517000032 ], [ 171.366002576000028, 7.113355383000055 ], [ 171.366013665000082, 7.113400715000068 ], [ 171.365996851000091, 7.113456578000068 ], [ 171.365879878000101, 7.113636306000046 ], [ 171.365835879000088, 7.11365308400002 ], [ 171.365756824000073, 7.113602931000059 ], [ 171.365617314000019, 7.113856371000054 ], [ 171.365656305000016, 7.113879573000077 ], [ 171.365645215000086, 7.113930259000028 ], [ 171.365656305000016, 7.113952213000061 ], [ 171.365592274000051, 7.114042523000023 ], [ 171.36555042100008, 7.114101958000049 ], [ 171.365519298000095, 7.114222428000062 ], [ 171.365505707000125, 7.114312203000054 ], [ 171.365435235000064, 7.114423395000074 ], [ 171.365372276000016, 7.114503176000028 ], [ 171.365293938000036, 7.114559396000061 ], [ 171.365261028000077, 7.114637391000031 ], [ 171.365254230000119, 7.114714852000077 ], [ 171.365169094000066, 7.114754116000029 ], [ 171.3651154370001, 7.11490118200004 ], [ 171.365044609000051, 7.114933307000058 ], [ 171.364951959000109, 7.11502736500006 ], [ 171.364900449000061, 7.115172468000026 ], [ 171.36481638500004, 7.115303827000048 ], [ 171.364743052000108, 7.115448930000071 ], [ 171.364651120000076, 7.115642578000063 ], [ 171.364539869000055, 7.11559421000004 ], [ 171.364239388000101, 7.116045940000049 ], [ 171.364297337000039, 7.116073961000041 ], [ 171.36425977600004, 7.116188186000045 ], [ 171.364275875000089, 7.116197112000066 ], [ 171.364205045000062, 7.116378266000027 ], [ 171.364179290000038, 7.116521583000065 ], [ 171.364197893000096, 7.116558529000031 ], [ 171.364243681000062, 7.11658940500007 ], [ 171.364208980000058, 7.11673772000006 ], [ 171.364226510000094, 7.116787694000038 ], [ 171.364275516000021, 7.116795191000051 ], [ 171.36427229700007, 7.116844808000053 ], [ 171.364621072000091, 7.116686496000057 ], [ 171.365325416000019, 7.11698509200005 ], [ 171.365336505000073, 7.116897636000033 ], [ 171.365347594000013, 7.116810719000057 ], [ 171.365375498000049, 7.11674843000003 ], [ 171.365375498000049, 7.116698099000075 ], [ 171.365509283000051, 7.116461972000025 ], [ 171.365481739000074, 7.11644448100003 ], [ 171.365536828000018, 7.116377730000067 ], [ 171.3654981950001, 7.116326506000064 ], [ 171.365556860000083, 7.116255115000058 ], [ 171.365642713000057, 7.116180869000061 ], [ 171.365619460000062, 7.11617140900006 ], [ 171.365754677000041, 7.116011848000028 ], [ 171.365810482000029, 7.115966875000026 ], [ 171.365816205000101, 7.115910297000028 ], [ 171.36593890100005, 7.115730213000063 ], [ 171.366078413000082, 7.115476951000062 ], [ 171.366123125000058, 7.115358799000035 ], [ 171.366234735000035, 7.115240289000042 ], [ 171.366240459000096, 7.115195493000044 ], [ 171.366313075000107, 7.115122315000065 ], [ 171.366391055000122, 7.114947764000021 ], [ 171.366424324000036, 7.114835322000033 ], [ 171.366496940000047, 7.114705927000045 ], [ 171.366630728000018, 7.11450906500005 ], [ 171.366703342000051, 7.114418933000024 ], [ 171.366736968000055, 7.114368068000033 ], [ 171.366753782000046, 7.114317737000022 ], [ 171.366798496000115, 7.114289360000043 ], [ 171.366820675000099, 7.114233139000021 ], [ 171.366865389000054, 7.114193871000055 ], [ 171.366910105000102, 7.114143006000063 ], [ 171.366982722000103, 7.114019321000058 ], [ 171.367032799000071, 7.113957389000063 ], [ 171.367077515000119, 7.11388974700003 ], [ 171.367150131000017, 7.113788551000027 ], [ 171.367244929000094, 7.113687174000063 ], [ 171.367429151000124, 7.113445157000058 ], [ 171.367535392000036, 7.11328756100005 ], [ 171.367647, 7.113191897000036 ], [ 171.36774752000008, 7.113056789000041 ], [ 171.367658448000043, 7.112999677000062 ], [ 171.367750024000088, 7.112814594000042 ], [ 171.367791877000059, 7.112707686000022 ], [ 171.367814414000122, 7.112662709000062 ], [ 171.367815485000051, 7.112628442000073 ], [ 171.367819779000115, 7.112493511000025 ], [ 171.367779714000108, 7.112398204000044 ], [ 171.367736074000049, 7.112313606000043 ], [ 171.367791519000093, 7.112207591000072 ], [ 171.367830867000066, 7.112206699000069 ], [ 171.367836234000038, 7.112173857000073 ], [ 171.367869503000065, 7.112173501000029 ], [ 171.367892038000036, 7.112149585000054 ], [ 171.367859127000088, 7.112112282000055 ], [ 171.367897404000018, 7.112094615000046 ], [ 171.367960362000076, 7.111904356000025 ], [ 171.368032262000042, 7.111707316000036 ], [ 171.368070537000108, 7.111604869000075 ], [ 171.368151383000054, 7.11148047100005 ], [ 171.368214340000122, 7.111388197000053 ] ] ] ] } },
{ "type": "Feature", "properties": { "ADM0_EN": "Republic of the Marshall Islands", "ADM0_PCODE": "MH", "ADM1_EN": "Majuro", "ADM1_PCODE": "MH15", "ADM2_EN": "Laura 1", "ADM2_PCODE": "MH1520", "Shape_Leng": 0.02672458181, "Shape_Area": 4.12166e-05, "ADM0_EN_2": "Republic of the Marshall Islands", "ADM0_PCODE_2": "MH", "ADM1_EN_2": "Majuro", "ADM1_PCODE_2": "MH15", "ADM2_EN_2": "Laura 1", "ADM2_PCODE_2": "MH1520", "Shape_Leng_2": 0.02672458181, "Shape_Area_2": 4.12166e-05, "xcoord": 171.03617958534409, "ycoord": 7.1422926565000466 }, "geometry": { "type": "MultiPolygon", "coordinates": [ [ [ [ 171.041288696000038, 7.141442831000063 ], [ 171.041011108000021, 7.141169227000034 ], [ 171.040664481000022, 7.140840113000024 ], [ 171.040434827000013, 7.140843146000066 ], [ 171.039882869000053, 7.140662348000035 ], [ 171.039080866000063, 7.140222756000071 ], [ 171.038873392000028, 7.139740509000035 ], [ 171.038276719000123, 7.13920614500006 ], [ 171.038244167000016, 7.139151531000039 ], [ 171.038044203000027, 7.138749063000034 ], [ 171.037560569000107, 7.139033914000038 ], [ 171.037163860000078, 7.13924987300004 ], [ 171.036714210000014, 7.139476362000039 ], [ 171.036387614000091, 7.139614325000025 ], [ 171.036077117000104, 7.139671973000077 ], [ 171.035830648000115, 7.139740152000059 ], [ 171.035629611000104, 7.13980904500005 ], [ 171.035525875000076, 7.139867407000054 ], [ 171.035275114000115, 7.140008048000027 ], [ 171.03518353700008, 7.140041957000051 ], [ 171.034850861000109, 7.140165466000042 ], [ 171.034561466000014, 7.140271837000057 ], [ 171.0344201690001, 7.140340908000042 ], [ 171.034210546000054, 7.140495114000032 ], [ 171.034061379000036, 7.14056811100005 ], [ 171.033908276000034, 7.140787459000023 ], [ 171.033565581000062, 7.140945593000026 ], [ 171.033036161000041, 7.141231514000026 ], [ 171.032649469000035, 7.141442296000037 ], [ 171.031989481000096, 7.141840303000038 ], [ 171.031664316000047, 7.142052872000022 ], [ 171.031143479000093, 7.142405722000035 ], [ 171.031824573000108, 7.143245995000029 ], [ 171.032678087000022, 7.143824622000068 ], [ 171.033505129000105, 7.144020055000055 ], [ 171.033884308000097, 7.144049683000048 ], [ 171.034022745000016, 7.144195857000057 ], [ 171.034090354000114, 7.144315973000062 ], [ 171.03421126100011, 7.144378083000049 ], [ 171.034437698000033, 7.144421989000023 ], [ 171.034594735000042, 7.144509621000054 ], [ 171.035073719000025, 7.144781266000052 ], [ 171.035555205000037, 7.144911196000066 ], [ 171.036275649000117, 7.145386127000052 ], [ 171.036642667000024, 7.145356499000059 ], [ 171.037059407000015, 7.145193371000062 ], [ 171.037837084000103, 7.14537309800005 ], [ 171.038318572000094, 7.145456626000055 ], [ 171.038566110000033, 7.145572635000065 ], [ 171.038859440000124, 7.145671156000049 ], [ 171.039032217000113, 7.145827147000034 ], [ 171.039347367000119, 7.145800732000055 ], [ 171.039513705000104, 7.145907460000046 ], [ 171.039978022000014, 7.144670965000046 ], [ 171.040133271000059, 7.144299730000057 ], [ 171.040310698000098, 7.143874953000022 ], [ 171.040400128000101, 7.14372574600003 ], [ 171.040564679000113, 7.143450175000055 ], [ 171.040770007000106, 7.143108032000043 ], [ 171.040904151000063, 7.142885828000033 ], [ 171.040928834000056, 7.142782132000036 ], [ 171.04101576100004, 7.142422143000033 ], [ 171.041077644000097, 7.142179591000058 ], [ 171.041109840000104, 7.141927936000059 ], [ 171.041174228000045, 7.141664323000043 ], [ 171.041288696000038, 7.141442831000063 ] ] ] ] } },
{ "type": "Feature", "properties": { "ADM0_EN": "Republic of the Marshall Islands", "ADM0_PCODE": "MH", "ADM1_EN": "Majuro", "ADM1_PCODE": "MH15", "ADM2_EN": "Laura 2", "ADM2_PCODE": "MH1521", "Shape_Leng": 0.03442173755, "Shape_Area": 6.692204e-05, "ADM0_EN_2": "Republic of the Marshall Islands", "ADM0_PCODE_2": "MH", "ADM1_EN_2": "Majuro", "ADM1_PCODE_2": "MH15", "ADM2_EN_2": "Laura 2", "ADM2_PCODE_2": "MH1521", "Shape_Leng_2": 0.03442173755, "Shape_Area_2": 6.692204e-05, "xcoord": 171.03373150378053, "ycoord": 7.1471569860000557 }, "geometry": { "type": "MultiPolygon", "coordinates": [ [ [ [ 171.039513705000104, 7.145907460000046 ], [ 171.039347367000119, 7.145800732000055 ], [ 171.039032217000113, 7.145827147000034 ], [ 171.038859440000124, 7.145671156000049 ], [ 171.038566110000033, 7.145572635000065 ], [ 171.038318572000094, 7.145456626000055 ], [ 171.037837084000103, 7.14537309800005 ], [ 171.037059407000015, 7.145193371000062 ], [ 171.036642667000024, 7.145356499000059 ], [ 171.036275649000117, 7.145386127000052 ], [ 171.035555205000037, 7.144911196000066 ], [ 171.035073719000025, 7.144781266000052 ], [ 171.034594735000042, 7.144509621000054 ], [ 171.034437698000033, 7.144421989000023 ], [ 171.03421126100011, 7.144378083000049 ], [ 171.034090354000114, 7.144315973000062 ], [ 171.034022745000016, 7.144195857000057 ], [ 171.033884308000097, 7.144049683000048 ], [ 171.033505129000105, 7.144020055000055 ], [ 171.032678087000022, 7.143824622000068 ], [ 171.031824573000108, 7.143245995000029 ], [ 171.031143479000093, 7.142405722000035 ], [ 171.030841923000025, 7.142601513000045 ], [ 171.030728170000089, 7.142739118000065 ], [ 171.03051318200005, 7.143000054000026 ], [ 171.030415883000046, 7.143154260000074 ], [ 171.030188376000069, 7.143390921000048 ], [ 171.029460061000123, 7.143906009000034 ], [ 171.029146342000104, 7.144173011000021 ], [ 171.029157434000012, 7.144335070000068 ], [ 171.02865698700009, 7.14497009400003 ], [ 171.028488860000039, 7.145327586000064 ], [ 171.028240246000109, 7.14611360400005 ], [ 171.028044575000081, 7.146688838000046 ], [ 171.028126849000046, 7.146963338000035 ], [ 171.028384765000055, 7.147350634000077 ], [ 171.028748921000101, 7.148070081000071 ], [ 171.028844073000073, 7.148333514000058 ], [ 171.02889880400005, 7.148579100000063 ], [ 171.0290046880001, 7.149151123000024 ], [ 171.029153855000118, 7.149677454000027 ], [ 171.029400325000097, 7.150357811000049 ], [ 171.029621036000094, 7.150809005000042 ], [ 171.029859630000033, 7.15122235900003 ], [ 171.030078554000056, 7.15155932600004 ], [ 171.030940653000016, 7.151311775000067 ], [ 171.031324843000107, 7.151239137000061 ], [ 171.031721908000122, 7.151001047000022 ], [ 171.032183721000024, 7.15097141900003 ], [ 171.032249541000056, 7.150798475000045 ], [ 171.032503879000046, 7.150797225000076 ], [ 171.033016486000065, 7.15070852100007 ], [ 171.033171736000099, 7.150598222000042 ], [ 171.033373489000041, 7.150480784000024 ], [ 171.033668605000116, 7.150507554000058 ], [ 171.034020242000111, 7.150610894000067 ], [ 171.03425311500007, 7.150651408000044 ], [ 171.0345303470001, 7.150787945000047 ], [ 171.034752130000015, 7.150538965000067 ], [ 171.03523326100003, 7.150580730000058 ], [ 171.035930092000058, 7.15054432200003 ], [ 171.036441631000116, 7.150689245000024 ], [ 171.036699543000054, 7.150736365000057 ], [ 171.037086950000116, 7.150796331000038 ], [ 171.037255078000044, 7.150764564000042 ], [ 171.037488668000037, 7.150732081000058 ], [ 171.037623527000051, 7.150770632000047 ], [ 171.037733345000106, 7.150634097000022 ], [ 171.037790939000047, 7.150562348000051 ], [ 171.037891457000114, 7.150522727000066 ], [ 171.038039551000111, 7.150394577000043 ], [ 171.038102510000044, 7.150458651000065 ], [ 171.038159744000041, 7.150516658000072 ], [ 171.03840191900008, 7.150525224000035 ], [ 171.038728873000082, 7.150503806000074 ], [ 171.038779311000098, 7.150078849000067 ], [ 171.038884122000013, 7.149409735000063 ], [ 171.038984640000081, 7.148477366000066 ], [ 171.039146687000084, 7.147492347000025 ], [ 171.039286554000114, 7.14671721600007 ], [ 171.039405675000012, 7.146207125000046 ], [ 171.039513705000104, 7.145907460000046 ] ] ] ] } },
{ "type": "Feature", "properties": { "ADM0_EN": "Republic of the Marshall Islands", "ADM0_PCODE": "MH", "ADM1_EN": "Majuro", "ADM1_PCODE": "MH15", "ADM2_EN": "Laura 3", "ADM2_PCODE": "MH1522", "Shape_Leng": 0.04086434915, "Shape_Area": 5.930049e-05, "ADM0_EN_2": "Republic of the Marshall Islands", "ADM0_PCODE_2": "MH", "ADM1_EN_2": "Majuro", "ADM1_PCODE_2": "MH15", "ADM2_EN_2": "Laura 3", "ADM2_PCODE_2": "MH1522", "Shape_Leng_2": 0.04086434915, "Shape_Area_2": 5.930049e-05, "xcoord": 171.03732372194236, "ycoord": 7.1576741635000474 }, "geometry": { "type": "MultiPolygon", "coordinates": [ [ [ [ 171.040117889000044, 7.16419860600007 ], [ 171.040113953000059, 7.163859855000055 ], [ 171.040033468000047, 7.163076337000064 ], [ 171.039938672000062, 7.162433281000062 ], [ 171.039762318000044, 7.161516259000052 ], [ 171.039550551000048, 7.16041433700002 ], [ 171.039469706000091, 7.159994021000045 ], [ 171.039458259000071, 7.159863376000033 ], [ 171.039421056000037, 7.159202471000071 ], [ 171.039399951000064, 7.158556557000054 ], [ 171.039391007000063, 7.158348275000037 ], [ 171.039305155000079, 7.157849430000056 ], [ 171.039154200000098, 7.157190487000037 ], [ 171.038995730000124, 7.156778382000027 ], [ 171.038854432000107, 7.156462475000069 ], [ 171.038752126000077, 7.156246696000039 ], [ 171.038632648000089, 7.155743029000064 ], [ 171.038561462000075, 7.155317359000037 ], [ 171.038530696000066, 7.154874199000062 ], [ 171.038520324000046, 7.154419258000075 ], [ 171.038531771000066, 7.153953073000025 ], [ 171.038546438000026, 7.153491529000064 ], [ 171.038583997000046, 7.153123329000039 ], [ 171.038631573000089, 7.152587002000075 ], [ 171.038695604000054, 7.151814906000027 ], [ 171.038686304000066, 7.151382990000059 ], [ 171.038728873000082, 7.150503806000074 ], [ 171.03840191900008, 7.150525224000035 ], [ 171.038159744000041, 7.150516658000072 ], [ 171.038102510000044, 7.150458651000065 ], [ 171.038039551000111, 7.150394577000043 ], [ 171.037891457000114, 7.150522727000066 ], [ 171.037790939000047, 7.150562348000051 ], [ 171.037733345000106, 7.150634097000022 ], [ 171.037623527000051, 7.150770632000047 ], [ 171.037488668000037, 7.150732081000058 ], [ 171.037255078000044, 7.150764564000042 ], [ 171.037086950000116, 7.150796331000038 ], [ 171.036699543000054, 7.150736365000057 ], [ 171.036441631000116, 7.150689245000024 ], [ 171.035930092000058, 7.15054432200003 ], [ 171.03523326100003, 7.150580730000058 ], [ 171.034752130000015, 7.150538965000067 ], [ 171.0345303470001, 7.150787945000047 ], [ 171.03425311500007, 7.150651408000044 ], [ 171.034020242000111, 7.150610894000067 ], [ 171.033668605000116, 7.150507554000058 ], [ 171.033373489000041, 7.150480784000024 ], [ 171.033171736000099, 7.150598222000042 ], [ 171.033016486000065, 7.15070852100007 ], [ 171.032503879000046, 7.150797225000076 ], [ 171.032249541000056, 7.150798475000045 ], [ 171.032183721000024, 7.15097141900003 ], [ 171.031721908000122, 7.151001047000022 ], [ 171.031324843000107, 7.151239137000061 ], [ 171.030940653000016, 7.151311775000067 ], [ 171.030078554000056, 7.15155932600004 ], [ 171.030406583000058, 7.152052818000072 ], [ 171.030670578000013, 7.152396567000039 ], [ 171.03099395300012, 7.152790824000022 ], [ 171.0312472170001, 7.153110478000031 ], [ 171.031524092000041, 7.15346261600007 ], [ 171.031864996000081, 7.153754250000077 ], [ 171.032141154000101, 7.153971279000075 ], [ 171.032345767000038, 7.154127982000034 ], [ 171.032557179000037, 7.154372140000021 ], [ 171.032902016000094, 7.154770682000049 ], [ 171.03301040700012, 7.154855102000056 ], [ 171.033300157000099, 7.155099082000049 ], [ 171.033449324000117, 7.155242935000047 ], [ 171.033789514000091, 7.155588646000069 ], [ 171.034124337000094, 7.155928827000025 ], [ 171.034333600000082, 7.156179588000043 ], [ 171.034750701000121, 7.156710203000046 ], [ 171.035263308000026, 7.157498897000039 ], [ 171.035639628000013, 7.15805253700006 ], [ 171.035995556000103, 7.158667035000065 ], [ 171.036193732000015, 7.159009178000076 ], [ 171.036469889000045, 7.159478933000059 ], [ 171.036718145000123, 7.159936193000021 ], [ 171.037011115000041, 7.160476447000065 ], [ 171.037275468000075, 7.160946736000028 ], [ 171.037642844000061, 7.161625667000067 ], [ 171.037996626000108, 7.162266224000064 ], [ 171.038287450000098, 7.162785060000033 ], [ 171.038526047000119, 7.163211445000059 ], [ 171.038865163000082, 7.163743845000056 ], [ 171.039157777000014, 7.164203783000062 ], [ 171.039378130000046, 7.164550031000033 ], [ 171.039592045000063, 7.164918766000028 ], [ 171.039715098000102, 7.164949820000061 ], [ 171.039959778000025, 7.164877895000075 ], [ 171.040112524000051, 7.164467753000054 ], [ 171.040117889000044, 7.16419860600007 ] ] ] ] } },
{ "type": "Feature", "properties": { "ADM0_EN": "Republic of the Marshall Islands", "ADM0_PCODE": "MH", "ADM1_EN": "Majuro", "ADM1_PCODE": "MH15", "ADM2_EN": "Long Island", "ADM2_PCODE": "MH1514", "Shape_Leng": 0.02162113262, "Shape_Area": 1.366257e-05, "ADM0_EN_2": "Republic of the Marshall Islands", "ADM0_PCODE_2": "MH", "ADM1_EN_2": "Majuro", "ADM1_PCODE_2": "MH15", "ADM2_EN_2": "Long Island", "ADM2_PCODE_2": "MH1514", "Shape_Leng_2": 0.02162113262, "Shape_Area_2": 1.366257e-05, "xcoord": 171.32091470908489, "ycoord": 7.0754176400000404 }, "geometry": { "type": "MultiPolygon", "coordinates": [ [ [ [ 171.324448355000072, 7.075029361000077 ], [ 171.324373949000119, 7.075006336000058 ], [ 171.324354990000074, 7.074983849000034 ], [ 171.324325298000076, 7.074972425000055 ], [ 171.324289170000043, 7.074958683000034 ], [ 171.324239446000092, 7.074946190000048 ], [ 171.324187221000102, 7.074893897000038 ], [ 171.324182927000038, 7.074882295000066 ], [ 171.324155742000016, 7.074875155000029 ], [ 171.324145009000063, 7.074893718000055 ], [ 171.324091709000072, 7.074899608000067 ], [ 171.32403376000002, 7.074908709000056 ], [ 171.324011582000026, 7.074890147000076 ], [ 171.323953631000109, 7.074861233000036 ], [ 171.323869209000122, 7.074826253000026 ], [ 171.323835941000084, 7.074796268000057 ], [ 171.323804821000067, 7.074784845000067 ], [ 171.323767617000044, 7.074811081000064 ], [ 171.323686418000079, 7.074811081000064 ], [ 171.323679263000031, 7.074751649000063 ], [ 171.3236409860001, 7.07473219600007 ], [ 171.323617734000095, 7.074740406000046 ], [ 171.32361022300006, 7.074762535000048 ], [ 171.323588403000031, 7.07477360200005 ], [ 171.323544044000073, 7.074766107000073 ], [ 171.323499688000084, 7.074743796000064 ], [ 171.323476434000099, 7.074713453000072 ], [ 171.323450323000088, 7.074713453000072 ], [ 171.323423493000064, 7.074721307000061 ], [ 171.323382714000104, 7.07475504000007 ], [ 171.323256082000057, 7.074763785000073 ], [ 171.32306935500003, 7.074770210000054 ], [ 171.323020706000079, 7.074762715000077 ], [ 171.322975631000077, 7.07476646300006 ], [ 171.322762433000094, 7.074819469000033 ], [ 171.322740252000017, 7.074838212000031 ], [ 171.322718076000115, 7.074838212000031 ], [ 171.322677295000062, 7.074826967000035 ], [ 171.322647605000043, 7.074804478000033 ], [ 171.322617557000058, 7.074796981000077 ], [ 171.322598954000114, 7.07478573700007 ], [ 171.322583574000078, 7.074785560000066 ], [ 171.322571770000081, 7.07480429900005 ], [ 171.322546370000055, 7.074800731000039 ], [ 171.32236286300008, 7.074830180000049 ], [ 171.32235821200004, 7.074858557000027 ], [ 171.322334960000035, 7.07489603700003 ], [ 171.322241237000071, 7.074919597000076 ], [ 171.322189371000036, 7.074905497000032 ], [ 171.322156458000109, 7.074914956000043 ], [ 171.322104947000071, 7.074914956000043 ], [ 171.322043778000079, 7.07489603700003 ], [ 171.322001567000029, 7.074891398000034 ], [ 171.321926447000124, 7.07486319800006 ], [ 171.321869212000024, 7.074813402000075 ], [ 171.321821278000016, 7.074773959000026 ], [ 171.321818416000042, 7.074810011000068 ], [ 171.321625248000032, 7.074715060000074 ], [ 171.321589835000054, 7.074685077000026 ], [ 171.321570876000123, 7.074708814000076 ], [ 171.321524016000012, 7.074697035000042 ], [ 171.321444960000122, 7.074663659000066 ], [ 171.321410978000017, 7.074655093000047 ], [ 171.321369125000047, 7.074601192000046 ], [ 171.32130294500007, 7.07457727600007 ], [ 171.321279694000054, 7.074583165000035 ], [ 171.321201710000082, 7.074550682000051 ], [ 171.321071503000098, 7.074501601000065 ], [ 171.320894790000125, 7.074451270000054 ], [ 171.320714500000122, 7.074421999000037 ], [ 171.320708421000063, 7.074392016000047 ], [ 171.320636876000094, 7.074356142000056 ], [ 171.320611836000012, 7.074349717000075 ], [ 171.320552454000108, 7.074340434000021 ], [ 171.320429042000114, 7.074330796000027 ], [ 171.320291324000095, 7.07432633600007 ], [ 171.320243746000074, 7.074284393000028 ], [ 171.320166120000067, 7.074272435000069 ], [ 171.32005129300012, 7.074268686000039 ], [ 171.319980107000106, 7.074266369000043 ], [ 171.319930742000111, 7.074257265000028 ], [ 171.319899264000014, 7.074234597000043 ], [ 171.319887458000039, 7.074232456000061 ], [ 171.319831297000064, 7.074221034000061 ], [ 171.319821997000076, 7.074193727000022 ], [ 171.319804111000053, 7.074175700000069 ], [ 171.319795883000097, 7.074157316000026 ], [ 171.31978622500003, 7.074134830000048 ], [ 171.319780501000082, 7.074111448000053 ], [ 171.319753315000071, 7.074115910000046 ], [ 171.319745444000091, 7.074122334000037 ], [ 171.319730422000021, 7.074134472000026 ], [ 171.319733641000084, 7.074142502000029 ], [ 171.319672472000093, 7.074116088000039 ], [ 171.319645284000103, 7.074088781000057 ], [ 171.319604506000019, 7.074065935000021 ], [ 171.3195751720001, 7.074074860000053 ], [ 171.319545123000012, 7.074084140000025 ], [ 171.319504702000017, 7.074057012000026 ], [ 171.31945354700008, 7.074062010000034 ], [ 171.319444961000045, 7.074079501000028 ], [ 171.319332639000095, 7.074029706000033 ], [ 171.319291862000114, 7.073975268000027 ], [ 171.319191700000033, 7.073979552000026 ], [ 171.319151276000071, 7.073970450000047 ], [ 171.3191287410001, 7.073947962000034 ], [ 171.319110139000031, 7.073942073000069 ], [ 171.319088319000116, 7.073935648000031 ], [ 171.31894702000011, 7.07389316900003 ], [ 171.318920548000051, 7.073875142000077 ], [ 171.318915898000114, 7.073852655000053 ], [ 171.318847216000108, 7.073801967000065 ], [ 171.318783185000029, 7.073920298000075 ], [ 171.31876637400012, 7.073911731000067 ], [ 171.318757430000119, 7.073884602000021 ], [ 171.318684457000018, 7.073869253000055 ], [ 171.318611480000072, 7.073865862000048 ], [ 171.31857535100005, 7.07387050400007 ], [ 171.318552817000068, 7.073861400000055 ], [ 171.318516688000045, 7.073852298000077 ], [ 171.31849701100009, 7.073854260000076 ], [ 171.318471615000021, 7.073856759000023 ], [ 171.318466605000026, 7.073843195000052 ], [ 171.318421175000026, 7.073829631000024 ], [ 171.31824017100007, 7.073793224000042 ], [ 171.318204041000058, 7.07377501700006 ], [ 171.318180790000042, 7.073770377000073 ], [ 171.31815396200011, 7.07377501700006 ], [ 171.318122483000025, 7.07376591700006 ], [ 171.318032337000091, 7.073726649000037 ], [ 171.317683921000025, 7.074760573000049 ], [ 171.31756658900008, 7.074690253000028 ], [ 171.317346594000014, 7.074558359000036 ], [ 171.317202791000113, 7.074710242000037 ], [ 171.316973136000115, 7.074771997000028 ], [ 171.316880846000117, 7.074968142000046 ], [ 171.317237848000104, 7.07505881000003 ], [ 171.317211376000046, 7.075104142000043 ], [ 171.317338365000069, 7.075223009000069 ], [ 171.317374855000025, 7.075205340000025 ], [ 171.31739273800008, 7.075259417000041 ], [ 171.317496835000043, 7.075386852000065 ], [ 171.317510429000095, 7.075441466000029 ], [ 171.31752902900007, 7.075478234000059 ], [ 171.317560866000122, 7.075474128000053 ], [ 171.317605582000056, 7.075559441000053 ], [ 171.317560508000042, 7.075591209000038 ], [ 171.317502201000025, 7.07567741400004 ], [ 171.317448542000079, 7.075677593000023 ], [ 171.317311536000034, 7.075604775000045 ], [ 171.31729400800009, 7.075618338000027 ], [ 171.317248221000114, 7.075604951000059 ], [ 171.317216743000017, 7.075674915000036 ], [ 171.317593776000081, 7.075825016000067 ], [ 171.317657806000057, 7.075674381000056 ], [ 171.317938973000082, 7.075641183000073 ], [ 171.318095295000035, 7.075689907000026 ], [ 171.318233016000022, 7.075654568000061 ], [ 171.318377178000105, 7.075675271000023 ], [ 171.318563905000019, 7.075702045000071 ], [ 171.318549596000025, 7.075747912000054 ], [ 171.318463387000065, 7.075727746000041 ], [ 171.318428330000074, 7.075821981000047 ], [ 171.318658700000015, 7.075912114000062 ], [ 171.31870162700011, 7.075816626000062 ], [ 171.318598604000044, 7.075760406000029 ], [ 171.318610051000064, 7.075717394000037 ], [ 171.318824682000013, 7.075829655000064 ], [ 171.318772097000078, 7.075956911000048 ], [ 171.319311892000087, 7.076192323000043 ], [ 171.319378427000061, 7.076229804000036 ], [ 171.319581612000093, 7.076278351000042 ], [ 171.319815915000049, 7.076359736000029 ], [ 171.319833801000073, 7.076383652000061 ], [ 171.319905345000052, 7.076401678000025 ], [ 171.319965441000022, 7.07634777800007 ], [ 171.320277013000123, 7.076459327000066 ], [ 171.320518829000093, 7.076443263000044 ], [ 171.32067908700003, 7.076485027000047 ], [ 171.320744906000073, 7.076528754000037 ], [ 171.320762436000109, 7.076538749000065 ], [ 171.320798566000121, 7.076526969000042 ], [ 171.321024643000101, 7.076586582000061 ], [ 171.321126591000052, 7.076586403000022 ], [ 171.321144478000065, 7.076568377000058 ], [ 171.321173810000118, 7.07655070800007 ], [ 171.321214231000113, 7.076556419000042 ], [ 171.321202785000082, 7.076597468000045 ], [ 171.321298655000078, 7.076586403000022 ], [ 171.321328702000073, 7.076568555000051 ], [ 171.321559787000069, 7.076592115000039 ], [ 171.321566225000083, 7.076634236000075 ], [ 171.321619524000084, 7.076651903000027 ], [ 171.321638484000118, 7.076705982000021 ], [ 171.321728272000087, 7.076687065000044 ], [ 171.321728272000087, 7.076658508000037 ], [ 171.321774418000018, 7.076675999000031 ], [ 171.321827719000112, 7.076711516000046 ], [ 171.321827719000112, 7.07675346000002 ], [ 171.321864204000121, 7.076777911000022 ], [ 171.321975455000029, 7.076775767000072 ], [ 171.322048784000117, 7.076771664000034 ], [ 171.32211997200011, 7.076795580000066 ], [ 171.322275221000041, 7.076771484000062 ], [ 171.322480194000036, 7.076807181000049 ], [ 171.322509883000066, 7.07681842300002 ], [ 171.322539217000099, 7.07681842300002 ], [ 171.322539217000099, 7.076828241000044 ], [ 171.322513461000085, 7.076844483000059 ], [ 171.322528484000031, 7.076859653000042 ], [ 171.322602176000032, 7.076882497000042 ], [ 171.322634012000094, 7.076889816000062 ], [ 171.322641881000095, 7.076874109000073 ], [ 171.322641881000095, 7.076845553000055 ], [ 171.322681588000023, 7.076870719000055 ], [ 171.322689101000037, 7.076880713000037 ], [ 171.322704125000087, 7.076900880000039 ], [ 171.322722369000076, 7.076913375000061 ], [ 171.322743830000036, 7.07692783300007 ], [ 171.322909453000079, 7.077039915000057 ], [ 171.322932348000109, 7.077062582000053 ], [ 171.322970267000073, 7.077081501000066 ], [ 171.322999598000024, 7.077077752000037 ], [ 171.323037159000023, 7.077100242000029 ], [ 171.323082232000047, 7.077100063000046 ], [ 171.323097612000083, 7.077096849000043 ], [ 171.323172019000026, 7.077081324000062 ], [ 171.323179887000038, 7.077054907000047 ], [ 171.323219594000079, 7.077046343000063 ], [ 171.323257155000078, 7.077045093000038 ], [ 171.323287561000029, 7.07704669900005 ], [ 171.323365902000091, 7.077054907000047 ], [ 171.323407397000096, 7.077043485000047 ], [ 171.323530451000124, 7.077021890000026 ], [ 171.323706450000032, 7.076915338000049 ], [ 171.323796235000032, 7.076847517000033 ], [ 171.323803748000046, 7.076802185000076 ], [ 171.323855259000084, 7.076757563000058 ], [ 171.323873861000038, 7.076772377000054 ], [ 171.323937533000048, 7.076776125000038 ], [ 171.323960071000101, 7.076768629000071 ], [ 171.324004784000067, 7.076768629000071 ], [ 171.324012655000047, 7.07675346000002 ], [ 171.324079904000087, 7.076751674000036 ], [ 171.324080263000042, 7.076751674000036 ], [ 171.324084555000013, 7.076590509000027 ], [ 171.324090279000075, 7.076375620000022 ], [ 171.324094930000115, 7.076203926000062 ], [ 171.324043417000098, 7.075968334000038 ], [ 171.324138213000083, 7.075592637000057 ], [ 171.324350340000024, 7.075393814000051 ], [ 171.324448355000072, 7.075029361000077 ] ] ] ] } },
{ "type": "Feature", "properties": { "ADM0_EN": "Republic of the Marshall Islands", "ADM0_PCODE": "MH", "ADM1_EN": "Majuro", "ADM1_PCODE": "MH15", "ADM2_EN": "Rairok", "ADM2_PCODE": "MH1515", "Shape_Leng": 0.02791530701, "Shape_Area": 1.808954e-05, "ADM0_EN_2": "Republic of the Marshall Islands", "ADM0_PCODE_2": "MH", "ADM1_EN_2": "Majuro", "ADM1_PCODE_2": "MH15", "ADM2_EN_2": "Rairok", "ADM2_PCODE_2": "MH1515", "Shape_Leng_2": 0.02791530701, "Shape_Area_2": 1.808954e-05, "xcoord": 171.31326598944335, "ycoord": 7.0729393825000386 }, "geometry": { "type": "MultiPolygon", "coordinates": [ [ [ [ 171.318032337000091, 7.073726649000037 ], [ 171.317374137000115, 7.073506408000071 ], [ 171.317339797000045, 7.073507836000033 ], [ 171.317276124000045, 7.073510333000058 ], [ 171.317143409000096, 7.073515688000043 ], [ 171.317022860000066, 7.073446615000023 ], [ 171.316894438000077, 7.073365411000054 ], [ 171.31684865200009, 7.073365411000054 ], [ 171.316789985000014, 7.073347206000051 ], [ 171.316730961000076, 7.073269745000061 ], [ 171.316690183000105, 7.073274208000043 ], [ 171.316604332000111, 7.073187825000048 ], [ 171.316558544000031, 7.073183183000026 ], [ 171.316527421000046, 7.073174081000047 ], [ 171.316508820000081, 7.073133030000065 ], [ 171.31648163300008, 7.073119288000044 ], [ 171.316454448000059, 7.073123752000072 ], [ 171.316429049000021, 7.073091982000051 ], [ 171.316404009000053, 7.073050931000068 ], [ 171.316367881000019, 7.073060035000026 ], [ 171.316349636000041, 7.073055573000033 ], [ 171.316336400000068, 7.07306449500004 ], [ 171.316273442000124, 7.073023802000023 ], [ 171.31624089100012, 7.072982574000036 ], [ 171.316200827000102, 7.072982574000036 ], [ 171.31616004600005, 7.072928317000049 ], [ 171.316123201000096, 7.072918857000047 ], [ 171.316078129000061, 7.072914395000055 ], [ 171.316046650000089, 7.072882626000023 ], [ 171.316019463000089, 7.072850679000055 ], [ 171.315987626000037, 7.072846039000069 ], [ 171.31592610000007, 7.072794280000039 ], [ 171.315858847000072, 7.072737523000058 ], [ 171.315779075000023, 7.072695760000045 ], [ 171.315717550000045, 7.072680589000072 ], [ 171.315661387000091, 7.072632043000056 ], [ 171.315620250000052, 7.072613660000059 ], [ 171.315556219000086, 7.072595456000045 ], [ 171.315534400000047, 7.07260866300004 ], [ 171.315521163000085, 7.072582247000071 ], [ 171.315484676000096, 7.072536558000024 ], [ 171.315461422000112, 7.072540661000062 ], [ 171.315434594000067, 7.072536201000048 ], [ 171.315403115000095, 7.072509072000059 ], [ 171.315366629000096, 7.072499790000052 ], [ 171.315298663000021, 7.072468022000066 ], [ 171.315248582000095, 7.072458740000059 ], [ 171.315208161000101, 7.072436074000052 ], [ 171.315184907000116, 7.072413230000052 ], [ 171.315148778000093, 7.072413230000052 ], [ 171.315058635000014, 7.072354332000032 ], [ 171.315045042000065, 7.072322206000024 ], [ 171.314990310000098, 7.072281156000031 ], [ 171.314917337000111, 7.072276514000066 ], [ 171.314844361000041, 7.072285797000063 ], [ 171.314812882000069, 7.07230846300007 ], [ 171.314691260000018, 7.072281335000071 ], [ 171.314590740000085, 7.072213869000052 ], [ 171.314486644000112, 7.072153721000063 ], [ 171.314385409000124, 7.07217085700006 ], [ 171.314342127000032, 7.072181029000035 ], [ 171.314225511000018, 7.072119097000041 ], [ 171.314142520000019, 7.072087862000046 ], [ 171.314083856000025, 7.072062876000075 ], [ 171.314015889000075, 7.072058237000022 ], [ 171.313979760000052, 7.072030931000029 ], [ 171.313933972000086, 7.072012725000036 ], [ 171.313861711000072, 7.072003623000057 ], [ 171.313829876000113, 7.071980777000022 ], [ 171.313793746000101, 7.071971674000054 ], [ 171.313752966000038, 7.071954363000032 ], [ 171.313708252000083, 7.071935622000069 ], [ 171.313703602000032, 7.07189475000007 ], [ 171.313621326000089, 7.071903317000022 ], [ 171.313590204000093, 7.071880828000076 ], [ 171.31353475800006, 7.071857983000029 ], [ 171.3134939790001, 7.07188975300005 ], [ 171.313412777000053, 7.071894393000036 ], [ 171.313345528000013, 7.071889933000023 ], [ 171.31333157600011, 7.071858161000023 ], [ 171.313281495000069, 7.071844419000058 ], [ 171.313245007000091, 7.071876189000022 ], [ 171.313212456000088, 7.071870299000068 ], [ 171.313154863000022, 7.071862625000051 ], [ 171.313023581000039, 7.07181729000007 ], [ 171.312858317000064, 7.071733584000071 ], [ 171.312826837000102, 7.071744115000058 ], [ 171.312820754000086, 7.071722698000031 ], [ 171.312778187000049, 7.071722876000024 ], [ 171.312751, 7.071690395000076 ], [ 171.31270771700008, 7.071679505000077 ], [ 171.312648693000028, 7.071690395000076 ], [ 171.312578582000015, 7.071647024000072 ], [ 171.312542093000047, 7.071637207000038 ], [ 171.312379690000057, 7.071593121000035 ], [ 171.312358225000025, 7.071549932000039 ], [ 171.312331396000104, 7.071533511000041 ], [ 171.312293481000097, 7.071501029000046 ], [ 171.312263074000043, 7.071489604000021 ], [ 171.312212993000117, 7.071479431000057 ], [ 171.312191531000053, 7.071420534000026 ], [ 171.312217644000043, 7.071192083000028 ], [ 171.311490046000017, 7.071055547000071 ], [ 171.310870480000062, 7.070947568000065 ], [ 171.310825409000017, 7.071235096000066 ], [ 171.310749929000053, 7.071179232000077 ], [ 171.310536016000015, 7.071244021000041 ], [ 171.3104312050001, 7.071199579000051 ], [ 171.310289907000083, 7.071207610000044 ], [ 171.310243760000048, 7.071193153000024 ], [ 171.310274524000079, 7.071151746000055 ], [ 171.310273809000023, 7.071122477000074 ], [ 171.31018903000006, 7.071118550000051 ], [ 171.310155405000046, 7.071165489000066 ], [ 171.309972611000035, 7.071112302000074 ], [ 171.309793752000019, 7.071065898000029 ], [ 171.309705396000027, 7.071070004000035 ], [ 171.309653169000057, 7.071029666000072 ], [ 171.309560163000015, 7.070993080000051 ], [ 171.309504716000106, 7.070990581000046 ], [ 171.309378442000025, 7.070985049000058 ], [ 171.309253598000055, 7.070960774000071 ], [ 171.309208885000089, 7.07092829100003 ], [ 171.309176332000106, 7.070932574000039 ], [ 171.309115520000091, 7.070985584000027 ], [ 171.308918775000052, 7.070928471000059 ], [ 171.308809314000086, 7.070958813000061 ], [ 171.308753867000064, 7.070912585000031 ], [ 171.308668373000046, 7.070904375000055 ], [ 171.308567499000105, 7.070920796000053 ], [ 171.308478784000044, 7.070960953000053 ], [ 171.308426200000099, 7.07095363600007 ], [ 171.308388282000124, 7.071002002000057 ], [ 171.308249486000022, 7.07103038200006 ], [ 171.308221585000069, 7.071028952000063 ], [ 171.308104970000045, 7.071022706000065 ], [ 171.30797976700012, 7.071015923000061 ], [ 171.307843836000075, 7.070999684000071 ], [ 171.30768536800008, 7.070978087000071 ], [ 171.307656750000092, 7.070945602000052 ], [ 171.307592003000082, 7.070937573000037 ], [ 171.30756374200007, 7.070969698000056 ], [ 171.307536199000083, 7.070946138000068 ], [ 171.307478607000121, 7.070915619000061 ], [ 171.307623840000019, 7.071419462000051 ], [ 171.307342316000017, 7.071412681000027 ], [ 171.307266837000043, 7.071710204000055 ], [ 171.307100498000068, 7.071968998000045 ], [ 171.30710586400005, 7.071987737000029 ], [ 171.307132694000074, 7.072011296000028 ], [ 171.307249667000065, 7.07202736000005 ], [ 171.307382738000115, 7.072120526000049 ], [ 171.307479322000063, 7.072165144000053 ], [ 171.307508296000037, 7.072189597000033 ], [ 171.307536914000025, 7.072189597000033 ], [ 171.307564815000092, 7.072177461000024 ], [ 171.307757983000101, 7.07223814300005 ], [ 171.307806632000052, 7.072266521000074 ], [ 171.307919671000036, 7.072286688000077 ], [ 171.307978695000088, 7.072283654000046 ], [ 171.30805238500011, 7.072298826000065 ], [ 171.308113195000033, 7.072302574000048 ], [ 171.308140383000023, 7.072304178000024 ], [ 171.308175797000104, 7.072306321000042 ], [ 171.308309941000061, 7.072266521000074 ], [ 171.308313876000057, 7.072322562000068 ], [ 171.308349647000114, 7.072380390000035 ], [ 171.308580735000078, 7.072468915000059 ], [ 171.308616861000019, 7.072493188000067 ], [ 171.308722388000092, 7.072533879000048 ], [ 171.308762809000086, 7.07252567200004 ], [ 171.308771039000021, 7.072501398000043 ], [ 171.308788924000055, 7.072503361000031 ], [ 171.308806451000123, 7.072505325000066 ], [ 171.30883041900006, 7.072529240000051 ], [ 171.308838291000029, 7.072549407000054 ], [ 171.308867264000014, 7.072557974000063 ], [ 171.30888371900005, 7.07254994300007 ], [ 171.308923783000068, 7.07253780800005 ], [ 171.308971360000101, 7.072537628000021 ], [ 171.308979946000022, 7.072561901000029 ], [ 171.309170965000021, 7.072650426000052 ], [ 171.309542278000094, 7.072783571000059 ], [ 171.309763348000047, 7.072848536000038 ], [ 171.30984490600008, 7.072826405000058 ], [ 171.309861002000048, 7.072799456000041 ], [ 171.309887116000027, 7.072788926000044 ], [ 171.310048448000089, 7.072891550000065 ], [ 171.310226231000115, 7.072978291000027 ], [ 171.310286329000064, 7.072989 ], [ 171.310318524000081, 7.07296722500007 ], [ 171.310329611000043, 7.072950448000029 ], [ 171.310334978000014, 7.072924390000026 ], [ 171.310727036000117, 7.073129641000037 ], [ 171.310823977000041, 7.073162123000031 ], [ 171.310883002000082, 7.073151415000041 ], [ 171.310920561000103, 7.073199783000064 ], [ 171.31100248000007, 7.073221556000021 ], [ 171.311023583000065, 7.073205493000046 ], [ 171.311050055000123, 7.073216201000037 ], [ 171.311087615000019, 7.073237798000036 ], [ 171.311131257000056, 7.073243332000061 ], [ 171.311174183000048, 7.073237798000036 ], [ 171.311222832000112, 7.073259394000047 ], [ 171.311255027000016, 7.073259394000047 ], [ 171.311325499000077, 7.073270282000067 ], [ 171.311362342000052, 7.073259394000047 ], [ 171.311389529000053, 7.073286344000053 ], [ 171.311572321000085, 7.073340423000047 ], [ 171.311615247000077, 7.073394324000049 ], [ 171.311665328000117, 7.073398607000058 ], [ 171.311750466000035, 7.073405388000026 ], [ 171.31179911400011, 7.073416275000056 ], [ 171.311836675000109, 7.073410744000057 ], [ 171.311848122000015, 7.073388970000053 ], [ 171.311890690000041, 7.073372905000042 ], [ 171.311943990000032, 7.073378260000027 ], [ 171.311976185000049, 7.073399677000054 ], [ 171.311997648000101, 7.073421452000048 ], [ 171.31202590700002, 7.073421095000072 ], [ 171.312041648000104, 7.073399677000054 ], [ 171.312078491000079, 7.073389147000057 ], [ 171.312084215000027, 7.073405210000033 ], [ 171.312165417000074, 7.07340503100005 ], [ 171.312214425000093, 7.073382366000033 ], [ 171.312198685000112, 7.073318648000054 ], [ 171.312235530000066, 7.073323647000052 ], [ 171.312278455000069, 7.073302050000052 ], [ 171.312278814000024, 7.073279561000049 ], [ 171.312267366000015, 7.073256896000032 ], [ 171.312246977000086, 7.073251896000045 ], [ 171.312251627000023, 7.073242438000023 ], [ 171.312299561000032, 7.073237082000048 ], [ 171.312327463000088, 7.073209418000033 ], [ 171.312348568000061, 7.073161231000029 ], [ 171.312380048000023, 7.073161052000046 ], [ 171.312423332000094, 7.073193537000066 ], [ 171.312514907000036, 7.073177293000072 ], [ 171.312706285000104, 7.073196569000061 ], [ 171.312724531000072, 7.073237618000064 ], [ 171.312802153000121, 7.073278669000047 ], [ 171.312852234000047, 7.073269209000046 ], [ 171.312897664000047, 7.073264925000046 ], [ 171.312929860000054, 7.073250647000066 ], [ 171.312938800000097, 7.073214061000044 ], [ 171.312929860000054, 7.073191214000076 ], [ 171.312967418000085, 7.073132495000038 ], [ 171.312986735000095, 7.07312767600007 ], [ 171.313041109000096, 7.073213704000068 ], [ 171.312959907000049, 7.073333107000053 ], [ 171.313128034000101, 7.073520150000036 ], [ 171.313182408000102, 7.073551918000021 ], [ 171.313227837000113, 7.073583868000071 ], [ 171.313345528000013, 7.07364758500006 ], [ 171.313395250000099, 7.073688633000074 ], [ 171.313432094000063, 7.073688813000047 ], [ 171.313473233000082, 7.073652224000057 ], [ 171.313550140000075, 7.073655257000041 ], [ 171.313604872000042, 7.073661149000031 ], [ 171.313654594000013, 7.073624738000035 ], [ 171.31368571500002, 7.073620276000042 ], [ 171.313707894000117, 7.073638125000059 ], [ 171.313735080000015, 7.073678995000023 ], [ 171.313744023000027, 7.073710407000021 ], [ 171.313690009000084, 7.073807145000046 ], [ 171.313921452000045, 7.073939396000071 ], [ 171.313972246000048, 7.073948141000074 ], [ 171.314013027000101, 7.073902449000059 ], [ 171.31403127100009, 7.073856759000023 ], [ 171.314048798000044, 7.073843553000074 ], [ 171.314129643000115, 7.073871395000026 ], [ 171.314247689000013, 7.073914586000058 ], [ 171.31435142600003, 7.07397062900003 ], [ 171.314365021000071, 7.074043270000061 ], [ 171.314401507000071, 7.074080036000055 ], [ 171.314424759000076, 7.074121265000031 ], [ 171.314465897000105, 7.074194440000042 ], [ 171.314483782000025, 7.074189800000056 ], [ 171.314524204000122, 7.07420800500006 ], [ 171.314585733000058, 7.074236026000051 ], [ 171.314809307000019, 7.074307953000073 ], [ 171.314823257000057, 7.074353821000045 ], [ 171.315222112000015, 7.074453769000058 ], [ 171.315321913000048, 7.074490179000065 ], [ 171.315336222000042, 7.074481076000041 ], [ 171.315444611000089, 7.074476613000058 ], [ 171.315539048000119, 7.074462871000037 ], [ 171.315566594000074, 7.074512844000026 ], [ 171.315593780000086, 7.074526588000026 ], [ 171.31570252500012, 7.074562998000033 ], [ 171.315735792000055, 7.074564603000056 ], [ 171.315838099000075, 7.074569422000025 ], [ 171.315893189000121, 7.074571922000075 ], [ 171.315979040000116, 7.074599229000057 ], [ 171.316010876000064, 7.074581201000058 ], [ 171.316089933000057, 7.07464509700003 ], [ 171.316158257000097, 7.074668836000058 ], [ 171.316201539000076, 7.074654021000072 ], [ 171.316305278000073, 7.074685610000074 ], [ 171.316327815000022, 7.074708456000053 ], [ 171.316350709000062, 7.074699531000022 ], [ 171.316365017000066, 7.074708456000053 ], [ 171.31638719700004, 7.074699531000022 ], [ 171.316418675000023, 7.074726662000046 ], [ 171.316495585000098, 7.074763070000074 ], [ 171.31653171500011, 7.074790377000056 ], [ 171.316554609000036, 7.074799481000071 ], [ 171.316595386000017, 7.074804121000057 ], [ 171.316613631000109, 7.074817687000063 ], [ 171.316616850000059, 7.074819112000057 ], [ 171.316661207000038, 7.074836427000037 ], [ 171.316645109000092, 7.074872479000021 ], [ 171.316880846000117, 7.074968142000046 ], [ 171.316973136000115, 7.074771997000028 ], [ 171.317202791000113, 7.074710242000037 ], [ 171.317346594000014, 7.074558359000036 ], [ 171.317683921000025, 7.074760573000049 ], [ 171.318032337000091, 7.073726649000037 ] ] ] ] } },
{ "type": "Feature", "properties": { "ADM0_EN": "Republic of the Marshall Islands", "ADM0_PCODE": "MH", "ADM1_EN": "Majuro", "ADM1_PCODE": "MH15", "ADM2_EN": "Rairok - Airport", "ADM2_PCODE": "MH1516", "Shape_Leng": 0.12684197268, "Shape_Area": 7.505217e-05, "ADM0_EN_2": "Republic of the Marshall Islands", "ADM0_PCODE_2": "MH", "ADM1_EN_2": "Majuro", "ADM1_PCODE_2": "MH15", "ADM2_EN_2": "Rairok - Airport", "ADM2_PCODE_2": "MH1516", "Shape_Leng_2": 0.12684197268, "Shape_Area_2": 7.505217e-05, "xcoord": 171.27138387871554, "ycoord": 7.0651978075000557 }, "geometry": { "type": "MultiPolygon", "coordinates": [ [ [ [ 171.307623840000019, 7.071419462000051 ], [ 171.307478607000121, 7.070915619000061 ], [ 171.307426737000014, 7.070883493000053 ], [ 171.307410281000102, 7.070850833000065 ], [ 171.307353048000095, 7.070822275000069 ], [ 171.307292950000033, 7.070838518000073 ], [ 171.307260757000108, 7.070826561000047 ], [ 171.307148074000111, 7.07075356200005 ], [ 171.307115523000107, 7.070745350000038 ], [ 171.306954192000035, 7.070643977000032 ], [ 171.306875496000089, 7.070638623000036 ], [ 171.306813252000097, 7.070637372000022 ], [ 171.306768179000073, 7.070656292000024 ], [ 171.306751726000016, 7.070680741000047 ], [ 171.306695563000062, 7.070688773000029 ], [ 171.306647272000077, 7.070705194000027 ], [ 171.306595044000119, 7.070713225000077 ], [ 171.306606133000059, 7.070742497000026 ], [ 171.306598621000035, 7.070753919000026 ], [ 171.306578947000048, 7.070756775000063 ], [ 171.306542817000036, 7.070761951000065 ], [ 171.306527437000113, 7.070750349000036 ], [ 171.30653101300004, 7.070713225000077 ], [ 171.306490949000022, 7.070705194000027 ], [ 171.306462332000024, 7.070668606000027 ], [ 171.306418332000021, 7.070668606000027 ], [ 171.30641082000011, 7.070653613000047 ], [ 171.306438364000087, 7.07063237400007 ], [ 171.306421552000074, 7.070620059000021 ], [ 171.306381845000033, 7.070632018000026 ], [ 171.306366105000052, 7.070572050000067 ], [ 171.306328545000042, 7.070579546000033 ], [ 171.30631995900012, 7.070612207000067 ], [ 171.306309586000111, 7.070619346000058 ], [ 171.306309586000111, 7.070587934000059 ], [ 171.306297423000046, 7.070567767000057 ], [ 171.306216580000068, 7.070510832000025 ], [ 171.306192256000031, 7.070441939000034 ], [ 171.306167573000039, 7.070413204000033 ], [ 171.306086727000093, 7.070421236000072 ], [ 171.306037722000042, 7.07045086100004 ], [ 171.306053818000123, 7.070499232000031 ], [ 171.306030568000097, 7.070533856000054 ], [ 171.306019120000087, 7.070502978000036 ], [ 171.30598692600006, 7.070458359000042 ], [ 171.305897496000057, 7.070461929000032 ], [ 171.305800197000053, 7.070401247000063 ], [ 171.305763711000054, 7.070417844000076 ], [ 171.30575190400009, 7.070441582000058 ], [ 171.305663905000074, 7.07040945500006 ], [ 171.305627777000041, 7.070389287000069 ], [ 171.305603453000117, 7.070361087000038 ], [ 171.305534412000043, 7.070368940000037 ], [ 171.305320855000105, 7.070308258000068 ], [ 171.305312270000059, 7.070328070000073 ], [ 171.305293312000117, 7.070316647000027 ], [ 171.305281149000052, 7.070284342000036 ], [ 171.305252532000054, 7.07026774600007 ], [ 171.305214970000065, 7.070268459000033 ], [ 171.305207101000065, 7.070307902000025 ], [ 171.305179916000043, 7.070296302000031 ], [ 171.305163818000096, 7.070279881000033 ], [ 171.305135200000109, 7.07026774600007 ], [ 171.305119104000028, 7.070279523000067 ], [ 171.305103006000081, 7.070263639000075 ], [ 171.305066160000024, 7.070255608000025 ], [ 171.305054356000028, 7.07028327300003 ], [ 171.30503039000007, 7.070255608000025 ], [ 171.305002129000059, 7.070247578000021 ], [ 171.304993543000023, 7.070271492000074 ], [ 171.30493845500007, 7.07023811800002 ], [ 171.304867628000125, 7.07020581300003 ], [ 171.304714883000088, 7.070144594000055 ], [ 171.304605064000043, 7.070092836000072 ], [ 171.304546755000047, 7.07007980800006 ], [ 171.30450096800007, 7.07010265100007 ], [ 171.30454210500011, 7.070120321000047 ], [ 171.304567145000078, 7.070138704000044 ], [ 171.304488448000029, 7.070154410000043 ], [ 171.304456255000105, 7.070174043000065 ], [ 171.304417620000095, 7.070183682000049 ], [ 171.30437934400004, 7.070180469000036 ], [ 171.304356809000069, 7.07015780200004 ], [ 171.304285622000066, 7.070144952000021 ], [ 171.304259867000042, 7.070141561000071 ], [ 171.304236973000116, 7.070151377000059 ], [ 171.304207998000038, 7.070154590000072 ], [ 171.304162926000117, 7.070151377000059 ], [ 171.304146827000068, 7.070167260000062 ], [ 171.304102114000102, 7.070119251000051 ], [ 171.304082439000013, 7.070115861000033 ], [ 171.304050245000099, 7.070099618000029 ], [ 171.304033433000086, 7.070115681000061 ], [ 171.303992294000068, 7.07010622100006 ], [ 171.30396010000004, 7.070086768000067 ], [ 171.303949368000076, 7.070115503000068 ], [ 171.303924684000094, 7.07010622100006 ], [ 171.303892491000056, 7.070051251000052 ], [ 171.303843484000026, 7.070044469000038 ], [ 171.303814866000039, 7.070038044000057 ], [ 171.303779095000095, 7.070018591000064 ], [ 171.303549797000073, 7.069937560000028 ], [ 171.303475752000054, 7.069953802000043 ], [ 171.303450710000106, 7.069937917000061 ], [ 171.303434613000036, 7.069902400000046 ], [ 171.303404921000038, 7.069885802000044 ], [ 171.30336950800006, 7.069875985000067 ], [ 171.303321216000086, 7.069859921000045 ], [ 171.303288665000082, 7.069827261000057 ], [ 171.303240373000108, 7.069817622000073 ], [ 171.30319565700006, 7.069782105000058 ], [ 171.303162748000091, 7.069778714000051 ], [ 171.303092635000098, 7.069756405000021 ], [ 171.303099075000091, 7.069718032000026 ], [ 171.302827567000122, 7.069652352000048 ], [ 171.302740284000038, 7.069580960000053 ], [ 171.302613653000094, 7.06953562800004 ], [ 171.30255605900004, 7.069574355000043 ], [ 171.302407965000043, 7.069487082000023 ], [ 171.302340355000069, 7.069425507000062 ], [ 171.302195123000047, 7.069308603000025 ], [ 171.302165790000117, 7.069305214000053 ], [ 171.302139318000059, 7.069318242000065 ], [ 171.302116783000088, 7.069337873000052 ], [ 171.302062050000018, 7.069383207000044 ], [ 171.302030215000059, 7.069386419000068 ], [ 171.302010898000049, 7.069383207000044 ], [ 171.301952948000121, 7.069383207000044 ], [ 171.30189499800008, 7.069363933000034 ], [ 171.301779097000122, 7.069260236000048 ], [ 171.301733310000031, 7.069253632000027 ], [ 171.301675360000104, 7.069263270000022 ], [ 171.301620629000013, 7.069253632000027 ], [ 171.30156554000007, 7.069260236000048 ], [ 171.301507589000039, 7.069263449000061 ], [ 171.301436764000073, 7.069237570000041 ], [ 171.301382031000117, 7.069208298000035 ], [ 171.301337318000037, 7.069209192000073 ], [ 171.301238587000057, 7.069210974000043 ], [ 171.301194589000033, 7.069211689000042 ], [ 171.301010722000115, 7.069146902000057 ], [ 171.300971729000025, 7.069140479000055 ], [ 171.300910560000034, 7.069159933000037 ], [ 171.300882299000023, 7.069153684000071 ], [ 171.300881943000036, 7.069127447000028 ], [ 171.30085904800012, 7.069121023000037 ], [ 171.30083293600012, 7.069127092000031 ], [ 171.300791083000036, 7.069140479000055 ], [ 171.300633688000062, 7.069124415000033 ], [ 171.300617231000047, 7.069098358000076 ], [ 171.300568941000051, 7.069085505000032 ], [ 171.300530306000041, 7.069066052000039 ], [ 171.300484877000031, 7.069053023000038 ], [ 171.300449463000064, 7.069036781000023 ], [ 171.300391513000022, 7.069023931000061 ], [ 171.300346442000091, 7.069037852000065 ], [ 171.300271677000069, 7.068975205000072 ], [ 171.300200848000031, 7.068975205000072 ], [ 171.300153273000092, 7.068981988000075 ], [ 171.300109990000124, 7.068952719000038 ], [ 171.300061698000036, 7.068975383000065 ], [ 171.300010186000122, 7.068985201000032 ], [ 171.299969406000059, 7.069007869000075 ], [ 171.299765149000109, 7.068956108000066 ], [ 171.299715070000047, 7.068957002000047 ], [ 171.299555170000076, 7.068957002000047 ], [ 171.299388473000022, 7.068936833000066 ], [ 171.299336247000042, 7.068881684000075 ], [ 171.299294392000093, 7.068872046000024 ], [ 171.299260052000022, 7.068862585000034 ], [ 171.29926613400005, 7.068840100000045 ], [ 171.299242526000057, 7.068842775000064 ], [ 171.299235728000099, 7.068855804000066 ], [ 171.299203892000037, 7.068859017000023 ], [ 171.29917527300006, 7.068852592000042 ], [ 171.299137357000063, 7.068849378000039 ], [ 171.299139859000093, 7.06882028800004 ], [ 171.299104445000012, 7.068800833000068 ], [ 171.299067959000013, 7.068810650000046 ], [ 171.299036123000064, 7.068833139000049 ], [ 171.298955635000084, 7.068794229000048 ], [ 171.298841166000102, 7.068762461000063 ], [ 171.298774988000105, 7.068747647000066 ], [ 171.29869128200005, 7.068723018000071 ], [ 171.298630113000058, 7.068674648000069 ], [ 171.298584325000093, 7.068674293000072 ], [ 171.298561788000029, 7.068690534000041 ], [ 171.298475221000103, 7.06868410800007 ], [ 171.298455904000093, 7.068658409000022 ], [ 171.298423710000066, 7.068632352000066 ], [ 171.29840045900005, 7.068632173000026 ], [ 171.29838114100005, 7.068641988000024 ], [ 171.298183683000047, 7.068598617000021 ], [ 171.298103911000112, 7.068590229000051 ], [ 171.298039523000057, 7.06855132000004 ], [ 171.298016628000028, 7.068547573000046 ], [ 171.297981572000026, 7.068541684000024 ], [ 171.297930060000112, 7.068505989000073 ], [ 171.297849217000021, 7.068489746000068 ], [ 171.297787690000064, 7.068509199000061 ], [ 171.297613124000122, 7.068460832000028 ], [ 171.297580570000036, 7.068477074000043 ], [ 171.297555173000092, 7.068505989000073 ], [ 171.29747790600004, 7.06848350000007 ], [ 171.297436054000059, 7.06848350000007 ], [ 171.297419239000078, 7.06850330900005 ], [ 171.297415662000049, 7.068532402000073 ], [ 171.297371663000035, 7.068545253000025 ], [ 171.29732337300004, 7.068525798000053 ], [ 171.29721677200007, 7.068499921000068 ], [ 171.297116968000068, 7.068490281000038 ], [ 171.29705902000012, 7.068470828000045 ], [ 171.296978532000026, 7.068373737000059 ], [ 171.296906273000104, 7.068363741000042 ], [ 171.29685798200012, 7.068389799000045 ], [ 171.296800389000055, 7.068408182000042 ], [ 171.296738861000108, 7.068417461000024 ], [ 171.29666481400011, 7.068419068000026 ], [ 171.29662260300006, 7.068425672000046 ], [ 171.296571450000101, 7.068454764000023 ], [ 171.29650562900008, 7.068431739000061 ], [ 171.296439453000062, 7.068416035000041 ], [ 171.296410120000019, 7.068432097000027 ], [ 171.296362186000124, 7.068396758000063 ], [ 171.296319617000108, 7.068399793000026 ], [ 171.296270610000079, 7.068409965000058 ], [ 171.296248432000084, 7.068438700000058 ], [ 171.296205863000068, 7.068432631000064 ], [ 171.296236627000098, 7.068404612000052 ], [ 171.296236627000098, 7.068381232000036 ], [ 171.296184759000084, 7.06836088600005 ], [ 171.296145767000098, 7.068344822000029 ], [ 171.29611929500004, 7.068361063000054 ], [ 171.296065281000097, 7.068370702000038 ], [ 171.296032728000114, 7.068348034000053 ], [ 171.295986940000034, 7.068341610000061 ], [ 171.295929348000072, 7.068370702000038 ], [ 171.295815593000043, 7.068331972000067 ], [ 171.295684312000049, 7.068283247000068 ], [ 171.295593809000025, 7.068280034000054 ], [ 171.295576997000012, 7.068309484000054 ], [ 171.295535859000097, 7.068325547000029 ], [ 171.295517258000018, 7.068325547000029 ], [ 171.295513680000113, 7.068293241000049 ], [ 171.295434983000064, 7.068296990000022 ], [ 171.295422462000033, 7.068335362000028 ], [ 171.295339471000034, 7.068322512000066 ], [ 171.295323732000043, 7.068296812000028 ], [ 171.29528760200003, 7.068296454000063 ], [ 171.29526828500002, 7.068303058000026 ], [ 171.295203897000079, 7.06828039100003 ], [ 171.295177428000102, 7.068306270000051 ], [ 171.29512305500009, 7.06828699600004 ], [ 171.29509121600006, 7.068283783000027 ], [ 171.295046144000025, 7.068228810000051 ], [ 171.294909853000036, 7.068225421000022 ], [ 171.294896261000076, 7.068303415000059 ], [ 171.294857986000125, 7.068316265000021 ], [ 171.294835449000061, 7.068329294000023 ], [ 171.294787515000053, 7.068332508000026 ], [ 171.294757466000078, 7.068329473000063 ], [ 171.294658738000066, 7.068319655000039 ], [ 171.294616168000061, 7.068287351000038 ], [ 171.294580754000094, 7.068303594000042 ], [ 171.294577177000065, 7.068316265000021 ], [ 171.294526739000048, 7.068306448000044 ], [ 171.294464140000059, 7.068298952000021 ], [ 171.294380076000039, 7.068310377000046 ], [ 171.294239135000112, 7.068329651000056 ], [ 171.294201933000068, 7.06832911500004 ], [ 171.294110357000022, 7.068327508000039 ], [ 171.294064568000067, 7.068326795000075 ], [ 171.294016993000014, 7.068327687000021 ], [ 171.293957612000099, 7.068329651000056 ], [ 171.293848865000086, 7.068333221000046 ], [ 171.293819531000054, 7.068326795000075 ], [ 171.293778394000014, 7.068342680000057 ], [ 171.293768734000082, 7.068294669000068 ], [ 171.293742622000082, 7.068287887000054 ], [ 171.293712932000062, 7.068297526000038 ], [ 171.293673941000065, 7.068333221000046 ], [ 171.293383832000018, 7.068333577000033 ], [ 171.293341979000047, 7.068356244000029 ], [ 171.293193884000061, 7.068408360000035 ], [ 171.293144876000042, 7.068411750000053 ], [ 171.293113040000094, 7.068444056000033 ], [ 171.293044715000065, 7.068451017000029 ], [ 171.293032195000023, 7.068469934000063 ], [ 171.292839029000106, 7.068450660000053 ], [ 171.292819354000017, 7.068466900000033 ], [ 171.292658382000013, 7.068463867000048 ], [ 171.292561798000065, 7.068486533000055 ], [ 171.292498483000031, 7.068488675000026 ], [ 171.292278128000021, 7.068499741000039 ], [ 171.292187984000066, 7.068467436000049 ], [ 171.292158293000057, 7.068486890000031 ], [ 171.292094262000091, 7.068477253000026 ], [ 171.291974426000024, 7.068477253000026 ], [ 171.291845648000049, 7.068506522000064 ], [ 171.291791274000047, 7.068483856000057 ], [ 171.291726528000027, 7.068506522000064 ], [ 171.291703993000056, 7.068490460000021 ], [ 171.291626010000073, 7.068506701000047 ], [ 171.291555539000115, 7.068542218000061 ], [ 171.291504029000066, 7.068506881000076 ], [ 171.291480775000082, 7.068545432000064 ], [ 171.291445721000059, 7.068526335000058 ], [ 171.291365233000079, 7.068545787000062 ], [ 171.291313721000051, 7.068523121000055 ], [ 171.291175644000077, 7.068527584000037 ], [ 171.291029693000041, 7.068533117000072 ], [ 171.290964948000124, 7.068507059000069 ], [ 171.290826153000012, 7.068520266000064 ], [ 171.290710254000032, 7.068500811000035 ], [ 171.290536045000067, 7.068481357000053 ], [ 171.290465218000122, 7.068497600000057 ], [ 171.290430161000018, 7.068471899000031 ], [ 171.290125385000124, 7.06847386100003 ], [ 171.289965128000063, 7.068465472000071 ], [ 171.289932219000093, 7.068491710000046 ], [ 171.289900381000052, 7.068504560000065 ], [ 171.289852090000068, 7.068504560000065 ], [ 171.289716516000112, 7.068491710000046 ], [ 171.289674663000028, 7.068501346000062 ], [ 171.289561982000123, 7.068478859000038 ], [ 171.28953264900008, 7.06849492200007 ], [ 171.289510469000106, 7.068479037000031 ], [ 171.289468258000056, 7.068465829000047 ], [ 171.289429627000118, 7.068475467000042 ], [ 171.289397788000088, 7.068452978000039 ], [ 171.289352716000053, 7.068455478000033 ], [ 171.289330538000058, 7.068454229000054 ], [ 171.289303710000013, 7.068452978000039 ], [ 171.289261856000053, 7.068475647000071 ], [ 171.289236458000119, 7.068462797000052 ], [ 171.289214996000055, 7.068460653000045 ], [ 171.289181012000086, 7.068457443000057 ], [ 171.289138802000025, 7.068469221000043 ], [ 171.289087648000077, 7.06846600700004 ], [ 171.289035779000073, 7.068466186000023 ], [ 171.288977828000043, 7.068479217000061 ], [ 171.28889734400002, 7.068476003000058 ], [ 171.288869084000112, 7.068467436000049 ], [ 171.288823296000032, 7.068456550000064 ], [ 171.288806482000041, 7.068479037000031 ], [ 171.288752825000074, 7.068456728000058 ], [ 171.288743166000017, 7.068434418000038 ], [ 171.288700598000105, 7.068417641000053 ], [ 171.288674485000115, 7.068430492000061 ], [ 171.288645868000117, 7.068417641000053 ], [ 171.288542488000076, 7.068391761000044 ], [ 171.288532114000077, 7.06841085800005 ], [ 171.288332507000064, 7.068304129000069 ], [ 171.287916481000025, 7.068418176000023 ], [ 171.287484361000111, 7.068493138000065 ], [ 171.287241828000106, 7.068509378000044 ], [ 171.287094090000096, 7.068519195000022 ], [ 171.286719559000062, 7.068685180000045 ], [ 171.286712763000082, 7.068815111000049 ], [ 171.28662333300008, 7.06882153600003 ], [ 171.286365062000073, 7.068795837000039 ], [ 171.286345388000086, 7.068831353000064 ], [ 171.286307470000111, 7.068828319000033 ], [ 171.286220546000095, 7.068773169000053 ], [ 171.286055636000015, 7.068724444000054 ], [ 171.285933298000032, 7.068734260000042 ], [ 171.285739414000091, 7.068734439000025 ], [ 171.285668588000021, 7.068698922000067 ], [ 171.28552335400002, 7.068650197000068 ], [ 171.285419973000103, 7.068633957000031 ], [ 171.285294056000112, 7.06860236700004 ], [ 171.285192106000068, 7.068565599000067 ], [ 171.285058679000031, 7.068523835000065 ], [ 171.284982485000114, 7.068514021000055 ], [ 171.284807204000117, 7.068484928000032 ], [ 171.284688085000084, 7.068436381000026 ], [ 171.284542851000083, 7.068300202000046 ], [ 171.284465226000066, 7.068258082000057 ], [ 171.28442373200005, 7.068209893000073 ], [ 171.284433389000014, 7.068145641000058 ], [ 171.284468446000119, 7.068113336000067 ], [ 171.284491340000045, 7.06807746100003 ], [ 171.284480965000057, 7.068046765000076 ], [ 171.284425878000093, 7.068043550000027 ], [ 171.284406560000093, 7.068037126000036 ], [ 171.284384024000019, 7.068037126000036 ], [ 171.284342529000014, 7.068043730000056 ], [ 171.284268481000026, 7.067978940000046 ], [ 171.284232711000072, 7.067969126000037 ], [ 171.284193718000097, 7.067981977000045 ], [ 171.284171540000102, 7.067978940000046 ], [ 171.284152581000058, 7.067933967000045 ], [ 171.284112875000119, 7.067930038000043 ], [ 171.284090339000045, 7.067949315000021 ], [ 171.284058860000073, 7.067920937000054 ], [ 171.28405564000002, 7.067897911000045 ], [ 171.28400699000008, 7.067888096000047 ], [ 171.283984813000075, 7.067865786000027 ], [ 171.283981234000066, 7.067832946000067 ], [ 171.283946535000041, 7.06781028100005 ], [ 171.283864977000121, 7.067751918000056 ], [ 171.283800587000087, 7.067727286000036 ], [ 171.283677890000035, 7.067680526000061 ], [ 171.283632459000046, 7.06759289300004 ], [ 171.283512983000037, 7.067527927000071 ], [ 171.283486153000013, 7.067554164000057 ], [ 171.283445374000053, 7.067559341000049 ], [ 171.283343781000099, 7.067503656000042 ], [ 171.283313735000092, 7.067445651000071 ], [ 171.283230386000014, 7.067277700000034 ], [ 171.280460581000057, 7.066613405000055 ], [ 171.265887539000119, 7.063015644000075 ], [ 171.264858388000107, 7.062759173000074 ], [ 171.264380478000021, 7.062640127000066 ], [ 171.263905788000102, 7.062519118000068 ], [ 171.263257960000033, 7.062353848000043 ], [ 171.262059964000059, 7.062040977000038 ], [ 171.261539844000026, 7.061908369000037 ], [ 171.261041543000033, 7.061780576000046 ], [ 171.260795078000115, 7.061725961000036 ], [ 171.260732834000123, 7.061707402000025 ], [ 171.260709582000118, 7.061670100000072 ], [ 171.260657714000104, 7.061639402000026 ], [ 171.260519278000061, 7.061576933000026 ], [ 171.260474561000024, 7.061564084000054 ], [ 171.260340776000021, 7.061525712000048 ], [ 171.260044229000073, 7.061514109000029 ], [ 171.259990569000024, 7.061551590000022 ], [ 171.25989112700006, 7.061577290000059 ], [ 171.259856427000045, 7.061611202000051 ], [ 171.259753405000083, 7.061718467000048 ], [ 171.259655033000058, 7.06182680400002 ], [ 171.25959243200009, 7.061829302000035 ], [ 171.259513733000063, 7.061857321000048 ], [ 171.259485833000099, 7.061917649000065 ], [ 171.259383881000076, 7.06188695000003 ], [ 171.259256535000077, 7.061848576000045 ], [ 171.259076604000029, 7.061792179000065 ], [ 171.25891205400012, 7.061722394000071 ], [ 171.258877354000106, 7.061722394000071 ], [ 171.258844803000102, 7.06170561700003 ], [ 171.258796511000014, 7.061680630000069 ], [ 171.258699212000124, 7.06160120800007 ], [ 171.258614076000072, 7.061574078000035 ], [ 171.258580807000044, 7.061567117000038 ], [ 171.258495314000015, 7.061559443000021 ], [ 171.258398015000012, 7.061494119000031 ], [ 171.258305723000035, 7.061470918000055 ], [ 171.258027419000086, 7.061394173000053 ], [ 171.257295171000123, 7.061200525000061 ], [ 171.256861619000119, 7.061084692000065 ], [ 171.256796872000109, 7.061112712000067 ], [ 171.256727831000035, 7.061133773000051 ], [ 171.256450960000052, 7.061093437000068 ], [ 171.256242409000038, 7.06103543100005 ], [ 171.25602169800004, 7.060961720000023 ], [ 171.255819231000032, 7.060856597000054 ], [ 171.255657900000074, 7.06077306800006 ], [ 171.25557991800008, 7.060740941000063 ], [ 171.255403204000118, 7.060668301000021 ], [ 171.255315566000036, 7.06059816000004 ], [ 171.255246168000099, 7.06052427000003 ], [ 171.255230070000039, 7.060463944000048 ], [ 171.255230070000039, 7.060415040000066 ], [ 171.255223988000012, 7.060373456000036 ], [ 171.255188217000068, 7.060211934000051 ], [ 171.25507661000006, 7.060148397000034 ], [ 171.254942465000113, 7.060089675000029 ], [ 171.254786501000012, 7.060055408000039 ], [ 171.254670959000123, 7.060060226000076 ], [ 171.25447457100006, 7.059994369000037 ], [ 171.254131520000101, 7.05987050400006 ], [ 171.253705123000032, 7.05970648400006 ], [ 171.253519826000115, 7.059606356000074 ], [ 171.253406786000028, 7.059599396000067 ], [ 171.253388185000063, 7.059553171000061 ], [ 171.253330234000032, 7.05953657200007 ], [ 171.25331342100003, 7.059487491000027 ], [ 171.253125978000071, 7.059429306000027 ], [ 171.252973232000045, 7.059360593000065 ], [ 171.25278078000008, 7.059282599000028 ], [ 171.252730343000053, 7.059282599000028 ], [ 171.25272032700002, 7.059219596000048 ], [ 171.252650571000117, 7.059222095000052 ], [ 171.252586183000062, 7.059229056000049 ], [ 171.252542540000036, 7.059210671000073 ], [ 171.252500330000089, 7.059154629000034 ], [ 171.252359389000048, 7.059115008000049 ], [ 171.252276040000083, 7.059080026000061 ], [ 171.252250285000059, 7.059084665000057 ], [ 171.252227751000078, 7.059061644000053 ], [ 171.252160142000093, 7.058984718000033 ], [ 171.252110775000119, 7.058961516000068 ], [ 171.252005248000046, 7.058912435000025 ], [ 171.25179026100011, 7.058811950000063 ], [ 171.251596735000021, 7.058719500000052 ], [ 171.251487275000045, 7.058672738000041 ], [ 171.251306628000066, 7.058608129000049 ], [ 171.251164257000028, 7.058558513000037 ], [ 171.251113459000067, 7.058509789000027 ], [ 171.251085558000113, 7.058465703000024 ], [ 171.251047999000093, 7.058455889000072 ], [ 171.251003641000125, 7.058472308000034 ], [ 171.25098468200008, 7.058506575000024 ], [ 171.250954633000106, 7.058561367000038 ], [ 171.250924585000121, 7.058649001000049 ], [ 171.250850539000112, 7.058827300000075 ], [ 171.251193589000081, 7.058995961000051 ], [ 171.251237589000084, 7.059033265000039 ], [ 171.251321294000036, 7.059065927000063 ], [ 171.25148334000005, 7.05912875000007 ], [ 171.251667564000059, 7.059200857000064 ], [ 171.251763432000075, 7.059238157000038 ], [ 171.25180492700008, 7.059265820000064 ], [ 171.251876113000094, 7.059310262000054 ], [ 171.25198664900006, 7.059371838000061 ], [ 171.252081086000089, 7.059424666000041 ], [ 171.252155848000029, 7.059449654000048 ], [ 171.252268530000038, 7.059487491000027 ], [ 171.252403032000075, 7.059522292000054 ], [ 171.252457045000028, 7.059542820000047 ], [ 171.252543970000033, 7.059575838000058 ], [ 171.252567581000108, 7.059608500000024 ], [ 171.252646279000032, 7.05962474100005 ], [ 171.252682410000034, 7.05962474100005 ], [ 171.252682766000021, 7.059652404000076 ], [ 171.252703870000119, 7.059687208000071 ], [ 171.252733561000014, 7.059723974000065 ], [ 171.252923868000039, 7.059829634000039 ], [ 171.253118822000033, 7.05991351800003 ], [ 171.253138498000112, 7.059921729000052 ], [ 171.253329520000079, 7.059999723000033 ], [ 171.253410363000057, 7.060022569000068 ], [ 171.253494069000112, 7.060046305000071 ], [ 171.253651466000065, 7.060123051000062 ], [ 171.253730161000021, 7.060123051000062 ], [ 171.254040301000032, 7.06026976000004 ], [ 171.25411685500012, 7.06032080500006 ], [ 171.254157276000115, 7.060351681000043 ], [ 171.254249209000022, 7.06040718600002 ], [ 171.254388005000123, 7.060430392000058 ], [ 171.254454898000063, 7.060451629000056 ], [ 171.254513204000091, 7.060470012000053 ], [ 171.254590830000097, 7.060508207000055 ], [ 171.254726045000098, 7.060579241000028 ], [ 171.25485053400007, 7.060634213000071 ], [ 171.254985751000049, 7.060684188000039 ], [ 171.25505407300011, 7.06072434500004 ], [ 171.255203600000073, 7.060793772000068 ], [ 171.255240445000027, 7.060795915000028 ], [ 171.255303403000084, 7.060854275000054 ], [ 171.2553448970001, 7.060858917000076 ], [ 171.255410361000031, 7.060883011000044 ], [ 171.255444344000011, 7.060891757000036 ], [ 171.255516960000023, 7.060925489000056 ], [ 171.255919032000065, 7.061107893000042 ], [ 171.255963392000012, 7.061133594000069 ], [ 171.256011325000031, 7.061143589000039 ], [ 171.25628748400004, 7.061212124000065 ], [ 171.256549331000087, 7.061275485000067 ], [ 171.256796872000109, 7.061377931000038 ], [ 171.256865910000101, 7.061414162000062 ], [ 171.256970722000119, 7.061471097000037 ], [ 171.257096281000031, 7.061517680000065 ], [ 171.257165677000103, 7.061524640000073 ], [ 171.257313775000057, 7.061527674000047 ], [ 171.257373870000038, 7.061533742000051 ], [ 171.257413218000124, 7.061552482000025 ], [ 171.257494420000057, 7.061566403000029 ], [ 171.257524826000122, 7.061559443000021 ], [ 171.257553801000086, 7.061564440000041 ], [ 171.257653961000074, 7.061584965000065 ], [ 171.257665409000083, 7.061594068000034 ], [ 171.257746611000016, 7.061652251000055 ], [ 171.257804204000081, 7.061683484000071 ], [ 171.257920462000016, 7.061743275000026 ], [ 171.258166928000037, 7.061798604000046 ], [ 171.25824491000003, 7.061813060000077 ], [ 171.258296065000081, 7.061803779000059 ], [ 171.258340064000095, 7.061803779000059 ], [ 171.258416615000101, 7.061782541000071 ], [ 171.258488516000057, 7.061738277000075 ], [ 171.258521069000039, 7.061737385000072 ], [ 171.258575799000027, 7.061735958000043 ], [ 171.25858939200009, 7.061756661000061 ], [ 171.258682040000053, 7.061847508000028 ], [ 171.258714953000094, 7.061861786000065 ], [ 171.258830494000108, 7.06187570700007 ], [ 171.258849096000063, 7.061891948000039 ], [ 171.25890740300008, 7.061917649000065 ], [ 171.258964996000032, 7.061919967000051 ], [ 171.259011142000077, 7.061959056000035 ], [ 171.259133837000036, 7.062054898000042 ], [ 171.259208960000024, 7.062101302000031 ], [ 171.259379232000015, 7.062201429000027 ], [ 171.259391036000125, 7.062224809000043 ], [ 171.259439687000054, 7.062271392000071 ], [ 171.259514093000121, 7.062292453000055 ], [ 171.25956953900004, 7.062331896000046 ], [ 171.259591716000045, 7.062362416000042 ], [ 171.259691162000081, 7.062496809000038 ], [ 171.25977415300008, 7.062601397000037 ], [ 171.26008679600011, 7.062965314000053 ], [ 171.260300713000106, 7.06321250700006 ], [ 171.26044666100006, 7.063283185000046 ], [ 171.260531440000022, 7.06330138900006 ], [ 171.260856963000037, 7.063371352000047 ], [ 171.261288726000089, 7.063464162000059 ], [ 171.262058535000051, 7.06367547800005 ], [ 171.2623110830001, 7.063740624000047 ], [ 171.262623370000028, 7.06380451900003 ], [ 171.262823335000121, 7.063848601000075 ], [ 171.263369926000109, 7.063994775000026 ], [ 171.264538231000074, 7.064288194000028 ], [ 171.265282282000044, 7.064470420000021 ], [ 171.265652879000072, 7.064564657000062 ], [ 171.265731574000029, 7.064564300000029 ], [ 171.265811703000054, 7.064584290000028 ], [ 171.265946563000057, 7.064617843000065 ], [ 171.266007018000096, 7.064622483000051 ], [ 171.266095016000122, 7.064638725000066 ], [ 171.266277094000088, 7.064654966000035 ], [ 171.266273159000093, 7.064692268000044 ], [ 171.266453805000083, 7.064735996000024 ], [ 171.266645900000071, 7.064779902000055 ], [ 171.266840855000055, 7.064823984000043 ], [ 171.267038315000036, 7.064883776000045 ], [ 171.267095550000022, 7.06489698300004 ], [ 171.267155647000095, 7.064901624000072 ], [ 171.267313400000035, 7.064955166000061 ], [ 171.267403544000103, 7.064957309000022 ], [ 171.267543056000022, 7.065013528000065 ], [ 171.267623540000045, 7.065034054000023 ], [ 171.267692940000074, 7.065073675000065 ], [ 171.267720841000028, 7.065071534000026 ], [ 171.267778791000069, 7.065103838000027 ], [ 171.267868936000013, 7.065127219000033 ], [ 171.267887538000082, 7.065152741000077 ], [ 171.267961942000056, 7.065157559000056 ], [ 171.268028479000122, 7.065171303000056 ], [ 171.268053874000088, 7.065224312000055 ], [ 171.268037777000018, 7.06531497800006 ], [ 171.26800128900004, 7.06546811100003 ], [ 171.267938332000085, 7.065734758000076 ], [ 171.267915439000035, 7.065911810000046 ], [ 171.267929390000063, 7.065954287000068 ], [ 171.267971244000023, 7.065984986000046 ], [ 171.268122915000049, 7.066029068000034 ], [ 171.268212343000073, 7.066054949000034 ], [ 171.268701703000033, 7.066154538000035 ], [ 171.268990736000092, 7.066210581000064 ], [ 171.269030802000088, 7.066210401000035 ], [ 171.269084459000055, 7.066156324000076 ], [ 171.269093401000077, 7.066109741000048 ], [ 171.269137399000101, 7.065892713000039 ], [ 171.269211448000078, 7.06556663300006 ], [ 171.269273334000104, 7.065508805000036 ], [ 171.269400323000013, 7.065476144000058 ], [ 171.269576321000045, 7.065506306000032 ], [ 171.269608514000083, 7.065506306000032 ], [ 171.269678268000121, 7.065532722000057 ], [ 171.269741228000044, 7.065548963000026 ], [ 171.269817064000108, 7.065570022000031 ], [ 171.269979109000019, 7.065617855000028 ], [ 171.270013808000044, 7.065641237000023 ], [ 171.27005172600002, 7.065650340000047 ], [ 171.27007891300002, 7.065631955000072 ], [ 171.27010860300004, 7.065648018000047 ], [ 171.270224503000122, 7.065683 ], [ 171.270273153000062, 7.065710843000033 ], [ 171.270341478000091, 7.065727977000051 ], [ 171.270536075000109, 7.065775809000058 ], [ 171.271146341000076, 7.065916449000042 ], [ 171.271725842000023, 7.066054412000028 ], [ 171.272151884000095, 7.06615864500003 ], [ 171.272462024000106, 7.066236638000021 ], [ 171.27258972900006, 7.066301784000075 ], [ 171.272619779000024, 7.066308743000036 ], [ 171.272638738000069, 7.066312850000031 ], [ 171.272735678000117, 7.06634372700006 ], [ 171.272765726000102, 7.066348366000057 ], [ 171.272797922000109, 7.066357648000064 ], [ 171.272821173000125, 7.066357648000064 ], [ 171.272842278000098, 7.066376208000065 ], [ 171.272881626000071, 7.066385491000062 ], [ 171.272891285000014, 7.066373888000044 ], [ 171.272930277000114, 7.066366929000026 ], [ 171.273002179000059, 7.066366929000026 ], [ 171.273027218000038, 7.066371389000039 ], [ 171.273108419000096, 7.066387097000074 ], [ 171.27327046500011, 7.066427254000075 ], [ 171.273509064000109, 7.066480796000064 ], [ 171.273540185000115, 7.066496860000029 ], [ 171.273551274000056, 7.066480974000058 ], [ 171.273592412000085, 7.066503999000076 ], [ 171.273671467000099, 7.06652255900002 ], [ 171.273721904000013, 7.066534163000028 ], [ 171.273731563000069, 7.066550582000048 ], [ 171.273821707000025, 7.066583066000021 ], [ 171.273869641000033, 7.066591454000047 ], [ 171.273903982000093, 7.066596807000053 ], [ 171.273915429000112, 7.066582352000069 ], [ 171.27391793400011, 7.066563966000047 ], [ 171.27393581900003, 7.066545762000032 ], [ 171.273975526000072, 7.066545762000032 ], [ 171.273988047000103, 7.066559148000067 ], [ 171.273988404000079, 7.066615547000026 ], [ 171.274035265000066, 7.066638929000021 ], [ 171.274078191000058, 7.066642141000045 ], [ 171.274133995000057, 7.066643569000064 ], [ 171.274134710000112, 7.066669269000045 ], [ 171.274153312000067, 7.066669269000045 ], [ 171.274196954000104, 7.066662308000048 ], [ 171.274218059000077, 7.066680871000074 ], [ 171.274238091000029, 7.066685332000077 ], [ 171.274240953000117, 7.066699432000064 ], [ 171.274262415000067, 7.066701753000075 ], [ 171.274292106000075, 7.066692473000046 ], [ 171.274347911000064, 7.066722814000059 ], [ 171.274405503000025, 7.066729596000073 ], [ 171.274421956000083, 7.066743697000049 ], [ 171.274499940000055, 7.066752797000049 ], [ 171.274505305000048, 7.066764578000061 ], [ 171.27453034600012, 7.066764578000061 ], [ 171.27453714100011, 7.066778498000076 ], [ 171.274567906000016, 7.06679955900006 ], [ 171.274622638000096, 7.066790277000052 ], [ 171.274623353000038, 7.066804198000057 ], [ 171.274653759000103, 7.066804914000045 ], [ 171.274720652000042, 7.066806521000046 ], [ 171.274764651000055, 7.066834363000055 ], [ 171.274937784000031, 7.06686916700005 ], [ 171.275480442000116, 7.06697375400006 ], [ 171.277075145000026, 7.067367832000059 ], [ 171.277166363000106, 7.067383182000071 ], [ 171.277247209000052, 7.067404064000073 ], [ 171.277261159000091, 7.067413701000021 ], [ 171.27729406900005, 7.06743672500005 ], [ 171.277333417000023, 7.06743904700005 ], [ 171.277370620000056, 7.067445651000071 ], [ 171.27741211600005, 7.067452967000065 ], [ 171.277504407000038, 7.067462070000033 ], [ 171.277514066000094, 7.06747617000002 ], [ 171.277567007000016, 7.067487770000071 ], [ 171.277581316000123, 7.067483130000028 ], [ 171.277645704000065, 7.067492410000057 ], [ 171.27766430600002, 7.067527392000045 ], [ 171.277713315000028, 7.06754363400006 ], [ 171.277766256000064, 7.067545063000068 ], [ 171.277817051000056, 7.06754363400006 ], [ 171.277836010000101, 7.067564516000061 ], [ 171.277896107000061, 7.067576116000055 ], [ 171.277951553000094, 7.067573798000069 ], [ 171.277977308000118, 7.067594679000024 ], [ 171.27806888300006, 7.067618237000033 ], [ 171.278099289000124, 7.067645544000072 ], [ 171.278139354000018, 7.067720149000024 ], [ 171.278284229000064, 7.067965378000054 ], [ 171.278634793000037, 7.068526156000075 ], [ 171.278703116000088, 7.068580055000041 ], [ 171.280124685000033, 7.068924697000057 ], [ 171.281238974000075, 7.069217757000047 ], [ 171.281536595000034, 7.069292720000021 ], [ 171.282057074000022, 7.06940944400003 ], [ 171.282465587000047, 7.069509035000067 ], [ 171.282589355000027, 7.069526882000048 ], [ 171.282756411000037, 7.069496541000035 ], [ 171.282844409000063, 7.069459060000042 ], [ 171.28292417900002, 7.069407123000076 ], [ 171.283115559000066, 7.069265234000056 ], [ 171.283303002000025, 7.069111386000031 ], [ 171.283434643000078, 7.069018220000032 ], [ 171.283514056000058, 7.069023395000045 ], [ 171.28363639500003, 7.068982703000074 ], [ 171.283819905000087, 7.068958251000026 ], [ 171.283845301000042, 7.068980917000033 ], [ 171.283881074000078, 7.069000372000062 ], [ 171.28392865100011, 7.069008046000022 ], [ 171.284023088000026, 7.069026251000025 ], [ 171.284048484000095, 7.069042315000047 ], [ 171.284113232000095, 7.069078010000055 ], [ 171.284160809000014, 7.06909246500004 ], [ 171.284216970000102, 7.069100854000055 ], [ 171.284239864000028, 7.069091039000057 ], [ 171.284246660000122, 7.069064089000051 ], [ 171.284237359000031, 7.069025894000049 ], [ 171.284278140000083, 7.06901322300007 ], [ 171.284335733000034, 7.069022859000029 ], [ 171.284367569000096, 7.069100141000035 ], [ 171.284458787000062, 7.06913637200006 ], [ 171.284661971000105, 7.069152614000075 ], [ 171.284787887000107, 7.069197946000031 ], [ 171.284842618000084, 7.069201160000034 ], [ 171.284924892000049, 7.069221507000066 ], [ 171.284964957000057, 7.06922382700003 ], [ 171.28498713700003, 7.069249169000045 ], [ 171.28499071300007, 7.069288613000026 ], [ 171.285023263000085, 7.069317885000032 ], [ 171.285052596000014, 7.069321097000056 ], [ 171.285077996000041, 7.069321097000056 ], [ 171.285094450000088, 7.069334126000058 ], [ 171.285127002000081, 7.069337339000072 ], [ 171.285152401000119, 7.069324488000063 ], [ 171.285194254000089, 7.069366608000053 ], [ 171.285214644000121, 7.069369466000069 ], [ 171.285227522000014, 7.069353223000064 ], [ 171.285240400000021, 7.069320919000063 ], [ 171.285264366000092, 7.069315742000072 ], [ 171.285284757000113, 7.069311281000068 ], [ 171.285319454000046, 7.069327165000061 ], [ 171.285323389000041, 7.069346977000066 ], [ 171.28535987600003, 7.069346440000061 ], [ 171.285365959000046, 7.069330913000044 ], [ 171.285397438000018, 7.069337159000042 ], [ 171.285427127000048, 7.069356436000021 ], [ 171.285465403000103, 7.069334126000058 ], [ 171.285487940000053, 7.069356615000061 ], [ 171.285539808000067, 7.069356615000061 ], [ 171.285568783000031, 7.069350187000055 ], [ 171.285597400000029, 7.069356615000061 ], [ 171.285621010000114, 7.069352865000042 ], [ 171.285668943000019, 7.069288613000026 ], [ 171.285700422000104, 7.069304498000065 ], [ 171.285745853000094, 7.069314315000042 ], [ 171.285786634000033, 7.069317885000032 ], [ 171.28583349500002, 7.069336802000066 ], [ 171.285862828000063, 7.069326987000068 ], [ 171.285878566000065, 7.069310923000046 ], [ 171.286103929000092, 7.069323773000065 ], [ 171.286329648000105, 7.069330198000046 ], [ 171.286358981000035, 7.069349654000064 ], [ 171.286403339000117, 7.069355900000062 ], [ 171.286423372000058, 7.069411229000025 ], [ 171.286442688000079, 7.06941444000006 ], [ 171.28657897700009, 7.069411943000034 ], [ 171.28662333300008, 7.069411050000042 ], [ 171.286775363000061, 7.069433715000059 ], [ 171.286904499000116, 7.06942461400007 ], [ 171.287122349000015, 7.06941729600004 ], [ 171.287119486000051, 7.069436216000042 ], [ 171.287136658000122, 7.069469233000063 ], [ 171.287168851000047, 7.069459418000065 ], [ 171.287169568000081, 7.069414085000062 ], [ 171.287374897000063, 7.069417119000036 ], [ 171.287390639000023, 7.069433182000068 ], [ 171.287449302000027, 7.069442996000021 ], [ 171.287533366000048, 7.06944621100007 ], [ 171.287620293000032, 7.069439785000043 ], [ 171.287652845000025, 7.069429967000076 ], [ 171.287671444000011, 7.069429967000076 ], [ 171.287697560000083, 7.069455848000075 ], [ 171.287765526000044, 7.06944621100007 ], [ 171.287955115000045, 7.06945816800004 ], [ 171.288004123000064, 7.06944603200003 ], [ 171.288097488000062, 7.069478337000021 ], [ 171.288120381000113, 7.069471911000051 ], [ 171.288287792000119, 7.069482263000054 ], [ 171.288363271000094, 7.06948690400003 ], [ 171.288436601000058, 7.069501003000028 ], [ 171.288488114000074, 7.069497611000031 ], [ 171.288510650000035, 7.069510640000033 ], [ 171.288533544000074, 7.069508678000034 ], [ 171.288701669000034, 7.069474589000038 ], [ 171.288743166000017, 7.069445497000061 ], [ 171.288839751000069, 7.069435679000037 ], [ 171.288900919000071, 7.06943889300004 ], [ 171.288962447000017, 7.069425865000028 ], [ 171.289013602000068, 7.06943889300004 ], [ 171.289149534000103, 7.069438715000047 ], [ 171.289181728000017, 7.069416226000044 ], [ 171.289216785000121, 7.069432111000026 ], [ 171.289275450000105, 7.069441927000071 ], [ 171.289355935000117, 7.069425685000056 ], [ 171.289363091000041, 7.069402661000026 ], [ 171.289384196000015, 7.069396593000022 ], [ 171.289390635000018, 7.069418546000065 ], [ 171.289417464000053, 7.069432111000026 ], [ 171.289465756000027, 7.069409264000058 ], [ 171.289533364000022, 7.069386597000062 ], [ 171.289591313000074, 7.069389811000065 ], [ 171.289672157000041, 7.069409086000064 ], [ 171.289733686000091, 7.069379995000077 ], [ 171.289755505000016, 7.069379995000077 ], [ 171.289800580000019, 7.069396058000052 ], [ 171.289817391000042, 7.069386419000068 ], [ 171.289865684000119, 7.069402661000026 ], [ 171.289910755000051, 7.069402661000026 ], [ 171.290034883000089, 7.069426043000021 ], [ 171.290133256000104, 7.069444603000022 ], [ 171.290165808000097, 7.069434787000034 ], [ 171.290252733000102, 7.069418546000065 ], [ 171.290351821000058, 7.069441034000022 ], [ 171.290348960000074, 7.069467270000075 ], [ 171.290465932000075, 7.069509392000043 ], [ 171.290572176000069, 7.069489759000021 ], [ 171.290595068000016, 7.069460668000033 ], [ 171.29069379800012, 7.069476730000076 ], [ 171.290697377000015, 7.069502431000046 ], [ 171.290747098000111, 7.069548299000076 ], [ 171.290800398000101, 7.069603091000033 ], [ 171.291104099000108, 7.069658243000049 ], [ 171.29140494000012, 7.069804058000045 ], [ 171.291665715000022, 7.069800845000032 ], [ 171.29175264200012, 7.069830117000038 ], [ 171.291766235000068, 7.06981369600004 ], [ 171.291797356000075, 7.069807450000042 ], [ 171.291801292000059, 7.069817087000047 ], [ 171.291843143000051, 7.069823514000063 ], [ 171.291923987000018, 7.069820122000067 ], [ 171.292017351000027, 7.069807093000065 ], [ 171.292059562000077, 7.069814232000056 ], [ 171.292149348000066, 7.069818337000072 ], [ 171.292175464000024, 7.069819942000038 ], [ 171.292204438000113, 7.069807093000065 ], [ 171.292311039000083, 7.069827439000051 ], [ 171.292365410000116, 7.069829582000068 ], [ 171.292384726000023, 7.069842610000023 ], [ 171.292591845000061, 7.06989776000006 ], [ 171.29278859100009, 7.06988455100003 ], [ 171.292911645000117, 7.069893298000068 ], [ 171.293072260000031, 7.069900614000062 ], [ 171.293152747000022, 7.069920069000034 ], [ 171.293210696000074, 7.069945949000044 ], [ 171.293272225000123, 7.069968795000023 ], [ 171.293320874000074, 7.069958977000056 ], [ 171.293343052000068, 7.069960049000031 ], [ 171.293382043000065, 7.069962190000069 ], [ 171.293504741000106, 7.069939344000034 ], [ 171.293583081000065, 7.069941844000027 ], [ 171.293714005000083, 7.069971649000024 ], [ 171.293862458000035, 7.069952016000059 ], [ 171.294174743000099, 7.069998063000071 ], [ 171.294375067000033, 7.070023230000061 ], [ 171.294420497000033, 7.070078378000062 ], [ 171.294636916000059, 7.070120501000076 ], [ 171.294817562000048, 7.070104080000021 ], [ 171.294891610000036, 7.070117109000023 ], [ 171.2949595770001, 7.070116929000051 ], [ 171.295030403000055, 7.070129959000042 ], [ 171.295081915000083, 7.070100868000054 ], [ 171.295108030000051, 7.070126568000035 ], [ 171.295178856000121, 7.070116929000051 ], [ 171.295217491000017, 7.070129782000038 ], [ 171.295237164000014, 7.070116929000051 ], [ 171.295258986000022, 7.070123179000063 ], [ 171.295267928000044, 7.070138169000074 ], [ 171.295249328000068, 7.070145844000024 ], [ 171.295390981000082, 7.070239723000043 ], [ 171.295403860000079, 7.070278096000038 ], [ 171.295390981000082, 7.070307010000022 ], [ 171.295398496000075, 7.070343955000055 ], [ 171.295437487000072, 7.070340741000052 ], [ 171.295521549000114, 7.070298441000034 ], [ 171.295547665000072, 7.070268102000057 ], [ 171.295528348000062, 7.07021955600004 ], [ 171.29557628200007, 7.070135849000053 ], [ 171.295771596000122, 7.070055176000039 ], [ 171.295775530000014, 7.070080701000052 ], [ 171.295863171000065, 7.070087125000043 ], [ 171.296024141000089, 7.069992888000058 ], [ 171.296110353000017, 7.070003776000021 ], [ 171.296188692000101, 7.07000573800002 ], [ 171.296426574000066, 7.069999848000066 ], [ 171.296523873000069, 7.07000234800006 ], [ 171.296791446000043, 7.069993067000041 ], [ 171.296833657000093, 7.069995744000039 ], [ 171.2970021430001, 7.069995208000023 ], [ 171.297020742000086, 7.069970043000069 ], [ 171.29704614000002, 7.069992174000049 ], [ 171.297087994000094, 7.070011628000032 ], [ 171.297155960000055, 7.070024658000023 ], [ 171.297214626000027, 7.070044112000062 ], [ 171.297259697000072, 7.070037687000024 ], [ 171.297310853000113, 7.070034295000028 ], [ 171.297339469000121, 7.070046967000053 ], [ 171.297343045000048, 7.070092657000032 ], [ 171.297433549000061, 7.070099261000053 ], [ 171.297441062000075, 7.070040899000048 ], [ 171.297497937000117, 7.070050359000049 ], [ 171.29754980600012, 7.070050359000049 ], [ 171.297730455000078, 7.070092479000039 ], [ 171.297829540000066, 7.070093730000053 ], [ 171.297934712000028, 7.07010122500003 ], [ 171.298127163000117, 7.070114968000041 ], [ 171.298220884000102, 7.070131208000021 ], [ 171.29831746900004, 7.070144060000075 ], [ 171.298430508000024, 7.070215450000035 ], [ 171.2985596420001, 7.070208845000025 ], [ 171.298622601000034, 7.070211524000058 ], [ 171.298852970000098, 7.070221697000022 ], [ 171.298898399000109, 7.070254180000063 ], [ 171.298985684000058, 7.070260606000033 ], [ 171.299069390000113, 7.070247578000021 ], [ 171.299149876000115, 7.070263639000075 ], [ 171.299260411000091, 7.070267030000025 ], [ 171.299459660000025, 7.070273277000069 ], [ 171.299485416000039, 7.070266675000028 ], [ 171.299536926000087, 7.070282916000053 ], [ 171.299574129000121, 7.070275956000046 ], [ 171.299646746000121, 7.07026542400007 ], [ 171.299672859000111, 7.070253645000037 ], [ 171.299759069000061, 7.070253467000043 ], [ 171.299782677000053, 7.070282736000024 ], [ 171.299818092000123, 7.070272921000026 ], [ 171.299830968000038, 7.070253467000043 ], [ 171.299852790000045, 7.070253467000043 ], [ 171.299869244000092, 7.070272921000026 ], [ 171.299914675000082, 7.070285949000038 ], [ 171.299992300000099, 7.070280596000032 ], [ 171.300215158000015, 7.070278988000041 ], [ 171.300234474000035, 7.070259713000041 ], [ 171.300279189000094, 7.070249896000064 ], [ 171.300346797000088, 7.070256321000045 ], [ 171.300404748000119, 7.07024668400004 ], [ 171.30046913700005, 7.070259534000058 ], [ 171.300540324000053, 7.070259534000058 ], [ 171.300601849000032, 7.070246506000046 ], [ 171.300643346000015, 7.070233477000045 ], [ 171.300684840000031, 7.070255964000069 ], [ 171.300698435000072, 7.070275598000023 ], [ 171.300888740000119, 7.070284878000052 ], [ 171.301233579000041, 7.070395356000063 ], [ 171.301298326000051, 7.070408385000064 ], [ 171.301346975000115, 7.070431051000071 ], [ 171.301408145000096, 7.070424627000023 ], [ 171.301453933000062, 7.070430873000021 ], [ 171.301482551000049, 7.070404994000057 ], [ 171.301565181000115, 7.070411418000049 ], [ 171.301563035000072, 7.070421236000072 ], [ 171.30169825300004, 7.070408206000025 ], [ 171.30189821700003, 7.070453362000023 ], [ 171.30192111100007, 7.070469782000032 ], [ 171.301950086000033, 7.070469604000039 ], [ 171.301975485000071, 7.070476029000076 ], [ 171.302013761000012, 7.070517793000022 ], [ 171.302108197000052, 7.070511903000067 ], [ 171.302234114000044, 7.070578296000065 ], [ 171.302291350000019, 7.070598821000033 ], [ 171.302392226000052, 7.070635051000068 ], [ 171.302417622000121, 7.070631839000043 ], [ 171.302440517000036, 7.070651116000022 ], [ 171.302501685000038, 7.070667356000058 ], [ 171.30251849900003, 7.070641478000027 ], [ 171.302559636000069, 7.070647903000065 ], [ 171.302582174000122, 7.070670569000072 ], [ 171.302656219000028, 7.070693237000057 ], [ 171.302695211000014, 7.070725719000052 ], [ 171.302719178000075, 7.070734286000061 ], [ 171.302740284000038, 7.070741782000027 ], [ 171.302788575000022, 7.070777478000025 ], [ 171.302808251000101, 7.07076801900007 ], [ 171.302820770000039, 7.070780511000066 ], [ 171.302850817000035, 7.070783903000063 ], [ 171.302889095000069, 7.070758023000053 ], [ 171.302930588000095, 7.070764447000045 ], [ 171.302952767000079, 7.070799786000066 ], [ 171.303001775000098, 7.070813173000033 ], [ 171.303060083000105, 7.070774265000068 ], [ 171.303085123000074, 7.070780511000066 ], [ 171.303085482000029, 7.070793541000057 ], [ 171.303127693000079, 7.070813173000033 ], [ 171.303160242000104, 7.07081299400005 ], [ 171.303198519000034, 7.070803357000045 ], [ 171.303218194000124, 7.070826023000052 ], [ 171.30327864700007, 7.070832449000022 ], [ 171.303279006000025, 7.070842086000027 ], [ 171.303301542000099, 7.070858328000043 ], [ 171.30332085800012, 7.070859756000061 ], [ 171.30335126500006, 7.070861364000052 ], [ 171.303363428000011, 7.070845658000053 ], [ 171.303421019000098, 7.070874393000054 ], [ 171.303449995000051, 7.070900271000028 ], [ 171.303472889000091, 7.070900628000061 ], [ 171.303705047000108, 7.070991295000056 ], [ 171.303746899000089, 7.070991295000056 ], [ 171.303785533000109, 7.071026991000053 ], [ 171.303879255000084, 7.071049656000071 ], [ 171.30389571000012, 7.071069112000032 ], [ 171.303979773000037, 7.071085350000033 ], [ 171.304018408000047, 7.071078748000048 ], [ 171.304034147000039, 7.071066254000073 ], [ 171.304047026000035, 7.071088387000032 ], [ 171.304076359000078, 7.071108019000064 ], [ 171.304153983000106, 7.071098204000066 ], [ 171.304211217000102, 7.071101415000044 ], [ 171.304214794000018, 7.071117657000059 ], [ 171.304408321000096, 7.071201899000073 ], [ 171.304463407000071, 7.071211715000061 ], [ 171.304495603000078, 7.071208325000043 ], [ 171.304517779000093, 7.071221175000062 ], [ 171.304569650000076, 7.071244021000041 ], [ 171.304611860000023, 7.071244021000041 ], [ 171.304656932000057, 7.071253657000057 ], [ 171.304696996000075, 7.071270077000065 ], [ 171.304824702000019, 7.071322371000065 ], [ 171.304881579000039, 7.071341112000027 ], [ 171.304914131000032, 7.071361459000059 ], [ 171.304982097000106, 7.071359852000057 ], [ 171.305115525000019, 7.071353248000037 ], [ 171.305151655000031, 7.071373416000029 ], [ 171.305196371000079, 7.071385731000021 ], [ 171.305268630000114, 7.07139376300006 ], [ 171.305333018000056, 7.071418573000074 ], [ 171.305519031000017, 7.071519411000054 ], [ 171.305619549000085, 7.071519411000054 ], [ 171.305739744000107, 7.071548324000048 ], [ 171.305814506000047, 7.071582415000023 ], [ 171.30588819500008, 7.071616146000054 ], [ 171.306023769000035, 7.071658267000032 ], [ 171.306135377000032, 7.071690749000027 ], [ 171.306200123000053, 7.071709669000029 ], [ 171.306228384000065, 7.071729838000067 ], [ 171.306268806000048, 7.071742153000059 ], [ 171.306293132000064, 7.071742153000059 ], [ 171.306338562000064, 7.071766246000038 ], [ 171.306354301000056, 7.07174625600004 ], [ 171.306410106000044, 7.071754288000022 ], [ 171.306732766000096, 7.071851379000066 ], [ 171.306761027000107, 7.071851379000066 ], [ 171.306841512000119, 7.071899925000025 ], [ 171.307039330000066, 7.071932410000045 ], [ 171.307100498000068, 7.071968998000045 ], [ 171.307266837000043, 7.071710204000055 ], [ 171.307342316000017, 7.071412681000027 ], [ 171.307623840000019, 7.071419462000051 ] ] ] ] } },
{ "type": "Feature", "properties": { "ADM0_EN": "Republic of the Marshall Islands", "ADM0_PCODE": "MH", "ADM1_EN": "Majuro", "ADM1_PCODE": "MH15", "ADM2_EN": "Rita 1", "ADM2_PCODE": "MH1501", "Shape_Leng": 0.01731062111, "Shape_Area": 1.431162e-05, "ADM0_EN_2": "Republic of the Marshall Islands", "ADM0_PCODE_2": "MH", "ADM1_EN_2": "Majuro", "ADM1_PCODE_2": "MH15", "ADM2_EN_2": "Rita 1", "ADM2_PCODE_2": "MH1501", "Shape_Leng_2": 0.01731062111, "Shape_Area_2": 1.431162e-05, "xcoord": 171.35740268829335, "ycoord": 7.1242669955000508 }, "geometry": { "type": "MultiPolygon", "coordinates": [ [ [ [ 171.360862178000048, 7.125288961000024 ], [ 171.360670442000014, 7.124940571000025 ], [ 171.360521632000086, 7.124680530000035 ], [ 171.36031200900004, 7.12432393000006 ], [ 171.360108469000124, 7.124051037000072 ], [ 171.359939984000107, 7.12372620900004 ], [ 171.359888116000093, 7.123454386000049 ], [ 171.359767205000026, 7.123237533000065 ], [ 171.359675630000083, 7.122945009000034 ], [ 171.359718556000075, 7.122890038000037 ], [ 171.359704248000071, 7.122791697000025 ], [ 171.359577615000035, 7.122639277000076 ], [ 171.359481749000111, 7.122695140000076 ], [ 171.359447049000096, 7.12270888200004 ], [ 171.359261752000066, 7.122782416000064 ], [ 171.35909076400003, 7.122850060000076 ], [ 171.359029951000025, 7.12283149700005 ], [ 171.358867905000125, 7.122882900000036 ], [ 171.358811028000105, 7.122784735000039 ], [ 171.358569928000065, 7.122873439000045 ], [ 171.358376760000056, 7.122963214000038 ], [ 171.358229021000056, 7.123021220000055 ], [ 171.358159267000019, 7.123047812000038 ], [ 171.35806161000005, 7.12301515200005 ], [ 171.357932474000108, 7.123026930000037 ], [ 171.357855924000091, 7.123034069000028 ], [ 171.357800834000045, 7.123060126000041 ], [ 171.357753616000082, 7.123051561000068 ], [ 171.357614105000039, 7.123052987000051 ], [ 171.357425232000082, 7.123115633000054 ], [ 171.357286079000119, 7.123165429000039 ], [ 171.357219186000066, 7.12318631100004 ], [ 171.357093629000019, 7.123225398000045 ], [ 171.357073953000054, 7.123231467000039 ], [ 171.356961629000011, 7.123180243000036 ], [ 171.356868624000072, 7.123250563000056 ], [ 171.356808169000033, 7.123241283000027 ], [ 171.356584596000062, 7.123297681000054 ], [ 171.35647334500004, 7.123308569000073 ], [ 171.356407526000112, 7.123316601000056 ], [ 171.356278031000102, 7.123377283000025 ], [ 171.356239756000036, 7.123247709000054 ], [ 171.356044085000121, 7.123327130000064 ], [ 171.356113125000093, 7.123499896000055 ], [ 171.355902431000118, 7.123548442000072 ], [ 171.355650239000056, 7.123576107000076 ], [ 171.355494631000056, 7.123593242000027 ], [ 171.355378016000031, 7.123586101000058 ], [ 171.355349399000033, 7.123584495000046 ], [ 171.355053567000027, 7.123465629000066 ], [ 171.354822123000076, 7.123399058000075 ], [ 171.354609996000022, 7.123229145000039 ], [ 171.354538811000111, 7.123252528000023 ], [ 171.354468698000119, 7.123365326000055 ], [ 171.354474064000101, 7.123464737000063 ], [ 171.354478, 7.123534878000044 ], [ 171.354524860000083, 7.123741021000058 ], [ 171.354506618000073, 7.124046040000053 ], [ 171.354539169000077, 7.124210061000042 ], [ 171.354532371000118, 7.124326072000031 ], [ 171.3545298680001, 7.124364802000059 ], [ 171.354674743000032, 7.124777800000061 ], [ 171.35476810900002, 7.124965202000055 ], [ 171.354791360000036, 7.125077643000054 ], [ 171.355048201000045, 7.125424783000028 ], [ 171.355239937000078, 7.125556321000033 ], [ 171.355584777000104, 7.125640564000037 ], [ 171.355664191000074, 7.12562646300006 ], [ 171.355742173000067, 7.125626285000067 ], [ 171.355737879000117, 7.125643953000065 ], [ 171.355761846000064, 7.125691966000034 ], [ 171.35580906600012, 7.125697319000039 ], [ 171.35584626800005, 7.125701245000073 ], [ 171.355897063000043, 7.125673224000025 ], [ 171.355942135000078, 7.12567733000003 ], [ 171.356539881000117, 7.125733550000064 ], [ 171.356585669000083, 7.12575193300006 ], [ 171.356568142000015, 7.125846170000045 ], [ 171.357356193000101, 7.125882758000046 ], [ 171.357407347000049, 7.125840636000021 ], [ 171.357472091000091, 7.125803157000064 ], [ 171.357551147000095, 7.125803157000064 ], [ 171.357607668000014, 7.125801908000028 ], [ 171.357774721000055, 7.125798337000049 ], [ 171.357877029000065, 7.125816899000029 ], [ 171.357955010000069, 7.125818505000041 ], [ 171.358124926000073, 7.125821719000044 ], [ 171.358282678000023, 7.125824754000064 ], [ 171.358366027000102, 7.125823503000049 ], [ 171.358772037000108, 7.125778705000073 ], [ 171.358902246000071, 7.125731766000058 ], [ 171.358963059000075, 7.125764427000036 ], [ 171.359251737000022, 7.125665728000058 ], [ 171.359656671000039, 7.125581130000057 ], [ 171.359694231000049, 7.125604510000073 ], [ 171.36022937700011, 7.125464940000029 ], [ 171.360439356000029, 7.125407113000051 ], [ 171.360472267000091, 7.12543495500006 ], [ 171.360862178000048, 7.125288961000024 ] ] ] ] } },
{ "type": "Feature", "properties": { "ADM0_EN": "Republic of the Marshall Islands", "ADM0_PCODE": "MH", "ADM1_EN": "Majuro", "ADM1_PCODE": "MH15", "ADM2_EN": "Rita 2", "ADM2_PCODE": "MH1502", "Shape_Leng": 0.01149484445, "Shape_Area": 7.999e-06, "ADM0_EN_2": "Republic of the Marshall Islands", "ADM0_PCODE_2": "MH", "ADM1_EN_2": "Majuro", "ADM1_PCODE_2": "MH15", "ADM2_EN_2": "Rita 2", "ADM2_PCODE_2": "MH1502", "Shape_Leng_2": 0.01149484445, "Shape_Area_2": 7.999e-06, "xcoord": 171.36149965535381, "ycoord": 7.1232938440000453 }, "geometry": { "type": "MultiPolygon", "coordinates": [ [ [ [ 171.363376573000096, 7.123037819000047 ], [ 171.363001326000017, 7.122782058000041 ], [ 171.362911541000017, 7.122720125000058 ], [ 171.362782405000075, 7.122561996000059 ], [ 171.362630734000049, 7.122505597000043 ], [ 171.362479061000045, 7.122375842000054 ], [ 171.362411810000026, 7.122432421000042 ], [ 171.362265861000083, 7.122330867000073 ], [ 171.362046938000049, 7.122150246000047 ], [ 171.361732505000077, 7.121901984000033 ], [ 171.361552929000027, 7.121732607000069 ], [ 171.361229553000044, 7.121371904000057 ], [ 171.36101635600005, 7.121534853000071 ], [ 171.360835350000116, 7.121706015000029 ], [ 171.360773465000079, 7.121772407000037 ], [ 171.360771319000037, 7.12183148500003 ], [ 171.360687612000106, 7.121883063000041 ], [ 171.360568492000084, 7.122047443000042 ], [ 171.3604826400001, 7.122075465000023 ], [ 171.360315230000083, 7.12224894600007 ], [ 171.360231524000028, 7.122263224000051 ], [ 171.360124566000081, 7.122333543000025 ], [ 171.360082355000031, 7.122408682000071 ], [ 171.359924246000105, 7.122446163000063 ], [ 171.359840182000084, 7.122540220000076 ], [ 171.359798685000101, 7.122563423000031 ], [ 171.359723923000047, 7.122554321000052 ], [ 171.359577615000035, 7.122639277000076 ], [ 171.359704248000071, 7.122791697000025 ], [ 171.359718556000075, 7.122890038000037 ], [ 171.359675630000083, 7.122945009000034 ], [ 171.359767205000026, 7.123237533000065 ], [ 171.359888116000093, 7.123454386000049 ], [ 171.359939984000107, 7.12372620900004 ], [ 171.360108469000124, 7.124051037000072 ], [ 171.36031200900004, 7.12432393000006 ], [ 171.360521632000086, 7.124680530000035 ], [ 171.360670442000014, 7.124940571000025 ], [ 171.360862178000048, 7.125288961000024 ], [ 171.361501776000068, 7.124998043000062 ], [ 171.361800114000062, 7.12481938600007 ], [ 171.362461176000124, 7.124240938000071 ], [ 171.362428980000118, 7.124180435000028 ], [ 171.363015279000024, 7.123537913000064 ], [ 171.363089684000101, 7.123425293000025 ], [ 171.363168739000116, 7.123350155000026 ], [ 171.363239567000051, 7.123225398000045 ], [ 171.363355467000019, 7.123087079000072 ], [ 171.363376573000096, 7.123037819000047 ] ] ] ] } },
{ "type": "Feature", "properties": { "ADM0_EN": "Republic of the Marshall Islands", "ADM0_PCODE": "MH", "ADM1_EN": "Majuro", "ADM1_PCODE": "MH15", "ADM2_EN": "Rita 3", "ADM2_PCODE": "MH1503", "Shape_Leng": 0.01759476068, "Shape_Area": 1.131298e-05, "ADM0_EN_2": "Republic of the Marshall Islands", "ADM0_PCODE_2": "MH", "ADM1_EN_2": "Majuro", "ADM1_PCODE_2": "MH15", "ADM2_EN_2": "Rita 3", "ADM2_PCODE_2": "MH1503", "Shape_Leng_2": 0.01759476068, "Shape_Area_2": 1.131298e-05, "xcoord": 171.36388856625081, "ycoord": 7.1198676010000668 }, "geometry": { "type": "MultiPolygon", "coordinates": [ [ [ [ 171.365325416000019, 7.11698509200005 ], [ 171.364621072000091, 7.116686496000057 ], [ 171.36427229700007, 7.116844808000053 ], [ 171.364268719000052, 7.116896922000024 ], [ 171.364208980000058, 7.116985448000037 ], [ 171.364191453000103, 7.117024713000035 ], [ 171.364187875000084, 7.117095392000067 ], [ 171.364071617000036, 7.117490183000029 ], [ 171.363817637000125, 7.118129313000054 ], [ 171.363802257000089, 7.118226406000076 ], [ 171.363763623000068, 7.118308506000062 ], [ 171.363729282000122, 7.118390606000048 ], [ 171.363684926000019, 7.118434690000072 ], [ 171.363652373000036, 7.118445399000052 ], [ 171.363649868000039, 7.118476810000061 ], [ 171.363593349000098, 7.118467530000032 ], [ 171.363524311000106, 7.118637618000037 ], [ 171.363625186000036, 7.118731678000074 ], [ 171.36355436000008, 7.118899270000043 ], [ 171.363453842000013, 7.118850008000038 ], [ 171.362961262000113, 7.119540183000026 ], [ 171.363067506000107, 7.119610505000026 ], [ 171.363015279000024, 7.119640487000026 ], [ 171.362942304000057, 7.119574987000021 ], [ 171.362648261000118, 7.119703311000023 ], [ 171.362656489000074, 7.11974757400003 ], [ 171.362813884000047, 7.119677968000076 ], [ 171.362832842000103, 7.119734903000051 ], [ 171.362809949000052, 7.119769527000074 ], [ 171.362855736000029, 7.119831995000027 ], [ 171.362789560000124, 7.119889107000063 ], [ 171.362736975000075, 7.119916773000057 ], [ 171.362590309000097, 7.119936584000072 ], [ 171.362470476000112, 7.120045455000025 ], [ 171.362419322000051, 7.120127020000041 ], [ 171.362402508000059, 7.120273904000044 ], [ 171.36231272200007, 7.120298 ], [ 171.362254771000039, 7.12032548600007 ], [ 171.362154253000085, 7.120414905000075 ], [ 171.362096662000113, 7.120527523000021 ], [ 171.361966095000071, 7.120570180000072 ], [ 171.361916373000099, 7.120519670000022 ], [ 171.361634491000018, 7.120799345000023 ], [ 171.361477094000065, 7.120976039000027 ], [ 171.361401974000046, 7.12106170800007 ], [ 171.361455630000023, 7.121138632000054 ], [ 171.361293944000067, 7.121289803000025 ], [ 171.361229553000044, 7.121371904000057 ], [ 171.361552929000027, 7.121732607000069 ], [ 171.361732505000077, 7.121901984000033 ], [ 171.362046938000049, 7.122150246000047 ], [ 171.362265861000083, 7.122330867000073 ], [ 171.362411810000026, 7.122432421000042 ], [ 171.362479061000045, 7.122375842000054 ], [ 171.362630734000049, 7.122505597000043 ], [ 171.362782405000075, 7.122561996000059 ], [ 171.362911541000017, 7.122720125000058 ], [ 171.363001326000017, 7.122782058000041 ], [ 171.363376573000096, 7.123037819000047 ], [ 171.363429515000121, 7.123019791000047 ], [ 171.363525741000103, 7.122884863000024 ], [ 171.363570455000058, 7.122824 ], [ 171.363647366000123, 7.122652841000047 ], [ 171.363676340000097, 7.12259715600004 ], [ 171.363697801000058, 7.122555570000031 ], [ 171.363712827000086, 7.122466332000045 ], [ 171.363762193000071, 7.122392976000071 ], [ 171.363824793000049, 7.122299277000025 ], [ 171.363882384000021, 7.122209680000026 ], [ 171.363931751000109, 7.122125974000028 ], [ 171.363986481000097, 7.121953206000057 ], [ 171.364013668000098, 7.121921973000042 ], [ 171.364036561000034, 7.121848260000036 ], [ 171.364094511000076, 7.121762771000022 ], [ 171.364115975000118, 7.121677993000048 ], [ 171.364156040000012, 7.121611241000039 ], [ 171.364205045000062, 7.121504336000044 ], [ 171.364244753000094, 7.121416880000027 ], [ 171.364318085000036, 7.121311576000039 ], [ 171.364341335000063, 7.121218235000072 ], [ 171.364348848000077, 7.12110186600006 ], [ 171.364414312000122, 7.120993173000045 ], [ 171.36444149700003, 7.12088804900003 ], [ 171.364456522000069, 7.120833792000042 ], [ 171.3644951550001, 7.120798631000071 ], [ 171.364510537000115, 7.120744197000022 ], [ 171.364541300000042, 7.120666737000022 ], [ 171.364568487000042, 7.120635503000074 ], [ 171.364591739000048, 7.12057696200003 ], [ 171.364610698000092, 7.120491827000023 ], [ 171.364684029000045, 7.120402411000043 ], [ 171.364703347000045, 7.12032834300004 ], [ 171.364729818000114, 7.120274798000025 ], [ 171.36476415900006, 7.120289968000066 ], [ 171.364837490000014, 7.120289968000066 ], [ 171.364861458000064, 7.12023107300007 ], [ 171.364865393000059, 7.120176636000053 ], [ 171.364888286000109, 7.120102924000037 ], [ 171.364923700000077, 7.120021360000067 ], [ 171.364946236000037, 7.119970495000075 ], [ 171.364957684000046, 7.119904458000065 ], [ 171.364965553000047, 7.119846095000071 ], [ 171.364965553000047, 7.11978791100006 ], [ 171.364984513000081, 7.11975721400006 ], [ 171.36503566500005, 7.119722230000036 ], [ 171.365054981000071, 7.119632279000029 ], [ 171.365087176000088, 7.119516088000069 ], [ 171.365082526000037, 7.119461118000061 ], [ 171.365104347000056, 7.119381873000066 ], [ 171.365151208000043, 7.119332435000047 ], [ 171.36514834500008, 7.119275680000044 ], [ 171.365146559000095, 7.119242125000028 ], [ 171.365114721000054, 7.119226954000055 ], [ 171.365148704000035, 7.119153064000045 ], [ 171.365153712000051, 7.119095595000033 ], [ 171.365117226000052, 7.119044551000059 ], [ 171.365064283000038, 7.118997966000052 ], [ 171.365025292000041, 7.119000287000063 ], [ 171.365024934000076, 7.118913725000027 ], [ 171.365005260000089, 7.118886597000028 ], [ 171.365012772000114, 7.11871097300002 ], [ 171.365010983000047, 7.118528391000041 ], [ 171.365009910000026, 7.118449503000022 ], [ 171.365036024000119, 7.118295477000061 ], [ 171.365046755000094, 7.11822587000006 ], [ 171.365081452000027, 7.118111288000023 ], [ 171.365083598000069, 7.118049714000051 ], [ 171.365125452000029, 7.118032221000021 ], [ 171.36514584400004, 7.117943162000074 ], [ 171.365169453000021, 7.117840358000024 ], [ 171.365197354000088, 7.117801271000076 ], [ 171.365169453000021, 7.117749870000068 ], [ 171.365163370000118, 7.117646710000031 ], [ 171.365158006000115, 7.117553187000055 ], [ 171.365164444000015, 7.117471266000052 ], [ 171.365170882000029, 7.117388452000057 ], [ 171.365174817000025, 7.117339549000064 ], [ 171.365226687000018, 7.117241921000073 ], [ 171.36526639200008, 7.117155538000077 ], [ 171.365297515000066, 7.117091999000024 ], [ 171.365325416000019, 7.11698509200005 ] ] ] ] } },
{ "type": "Feature", "properties": { "ADM0_EN": "Republic of the Marshall Islands", "ADM0_PCODE": "MH", "ADM1_EN": "Majuro", "ADM1_PCODE": "MH15", "ADM2_EN": "Small Island", "ADM2_PCODE": "MH1507", "Shape_Leng": 0.02318122717, "Shape_Area": 8.26734e-06, "ADM0_EN_2": "Republic of the Marshall Islands", "ADM0_PCODE_2": "MH", "ADM1_EN_2": "Majuro", "ADM1_PCODE_2": "MH15", "ADM2_EN_2": "Small Island", "ADM2_PCODE_2": "MH1507", "Shape_Leng_2": 0.02318122717, "Shape_Area_2": 8.26734e-06, "xcoord": 171.37874690804182, "ycoord": 7.0980557085000555 }, "geometry": { "type": "MultiPolygon", "coordinates": [ [ [ [ 171.380660754000019, 7.095230758000071 ], [ 171.380382806000057, 7.095465455000067 ], [ 171.380108439000082, 7.095281267000075 ], [ 171.378364209000097, 7.094945907000067 ], [ 171.37821146400006, 7.094934127000045 ], [ 171.37827191800011, 7.095055671000068 ], [ 171.378275853000105, 7.095099040000036 ], [ 171.378284439000026, 7.095153655000047 ], [ 171.378224701000022, 7.095185601000026 ], [ 171.37820466800008, 7.095531493000067 ], [ 171.37840033800012, 7.095540059000029 ], [ 171.378417151000122, 7.095636081000066 ], [ 171.378453639000099, 7.09570943500006 ], [ 171.37847403000012, 7.095718002000069 ], [ 171.378457931000071, 7.095738348000054 ], [ 171.378462225000021, 7.095811169000058 ], [ 171.378453639000099, 7.095861855000066 ], [ 171.378432890000113, 7.095883094000044 ], [ 171.378449346000025, 7.095921825000062 ], [ 171.378424664000022, 7.095954843000072 ], [ 171.378404274000104, 7.095942529000069 ], [ 171.378378160000125, 7.095955200000049 ], [ 171.378394258000071, 7.095990003000054 ], [ 171.378377802000045, 7.096010885000055 ], [ 171.378373511000063, 7.096139031000064 ], [ 171.378411786000015, 7.096156879000034 ], [ 171.378428240000062, 7.096202570000059 ], [ 171.378395330000103, 7.096219169000051 ], [ 171.378456501000073, 7.096414245000062 ], [ 171.37845685700006, 7.096447978000072 ], [ 171.378422518000093, 7.096453153000027 ], [ 171.378388534000123, 7.096497416000034 ], [ 171.378162455000052, 7.096514193000075 ], [ 171.377968930000065, 7.096549354000047 ], [ 171.377863047000119, 7.096572019000064 ], [ 171.377731050000079, 7.096542571000043 ], [ 171.377662368000074, 7.096473678000052 ], [ 171.377593329000092, 7.096345174000021 ], [ 171.377533590000098, 7.096379442000057 ], [ 171.377498892000062, 7.096374446000027 ], [ 171.377506045000018, 7.096480995000036 ], [ 171.377513202000046, 7.096583266000039 ], [ 171.377552907000108, 7.096677500000055 ], [ 171.377602272000104, 7.096692671000028 ], [ 171.377656287000036, 7.096746928000073 ], [ 171.37774571500006, 7.096687673000076 ], [ 171.377794008000023, 7.096692671000028 ], [ 171.377853032000075, 7.096731935000037 ], [ 171.37813312600008, 7.096688923000045 ], [ 171.378277642000057, 7.09674960500007 ], [ 171.378250813000022, 7.097175990000039 ], [ 171.378353836000088, 7.097230961000037 ], [ 171.378329870000016, 7.097348756000031 ], [ 171.378256180000108, 7.097431928000049 ], [ 171.378094133000104, 7.097615758000074 ], [ 171.378030459000115, 7.097719812000037 ], [ 171.378054783000039, 7.097759969000037 ], [ 171.378035110000042, 7.097823866000056 ], [ 171.378069450000112, 7.097908284000027 ], [ 171.378045124000096, 7.09795736500007 ], [ 171.378059792000045, 7.09800180700006 ], [ 171.378011858000036, 7.098026082000047 ], [ 171.377953193000053, 7.097996633000037 ], [ 171.37787842900002, 7.098125135000032 ], [ 171.377830139000025, 7.098130135000076 ], [ 171.377843731000098, 7.098160652000047 ], [ 171.37780796100003, 7.098208663000037 ], [ 171.377790431000108, 7.098203667000064 ], [ 171.377767179000102, 7.098170470000071 ], [ 171.377772545000084, 7.098154049000073 ], [ 171.377753587000029, 7.098139414000059 ], [ 171.377726399000039, 7.098191172000043 ], [ 171.377794366000103, 7.098235258000045 ], [ 171.377770398000052, 7.098283981000066 ], [ 171.377799732000085, 7.098293083000044 ], [ 171.377697425000065, 7.098416769000039 ], [ 171.377644124000085, 7.098382679000053 ], [ 171.377545753000049, 7.098525105000022 ], [ 171.377553979000027, 7.098541705000059 ], [ 171.377519997000036, 7.098580791000074 ], [ 171.377519997000036, 7.09866039000002 ], [ 171.377496031000078, 7.098703940000064 ], [ 171.377472061000049, 7.098694303000059 ], [ 171.377417333000039, 7.098794964000035 ], [ 171.377495672000123, 7.098834407000027 ], [ 171.377510338000093, 7.098873138000044 ], [ 171.377500679000036, 7.098892413000044 ], [ 171.377476712000089, 7.098906870000064 ], [ 171.377418048000095, 7.098887236000053 ], [ 171.377358665000088, 7.098968266000043 ], [ 171.377416976000063, 7.098992719000023 ], [ 171.377437008000015, 7.099182618000043 ], [ 171.377376196000114, 7.099182618000043 ], [ 171.377359025000032, 7.099211710000077 ], [ 171.377322538000044, 7.099207605000061 ], [ 171.377309302000072, 7.099258293000048 ], [ 171.377337920000059, 7.099382693000052 ], [ 171.377218799000048, 7.099448908000056 ], [ 171.37716084900012, 7.099603291000051 ], [ 171.37716084900012, 7.099647375000075 ], [ 171.377137598000104, 7.099627922000025 ], [ 171.377017046000105, 7.099798010000029 ], [ 171.376984493000123, 7.099777664000044 ], [ 171.376929764000124, 7.099869759000057 ], [ 171.376835327000094, 7.10030292600004 ], [ 171.376822807000053, 7.10036021600007 ], [ 171.376793830000111, 7.10042250500004 ], [ 171.376748757000087, 7.100555114000031 ], [ 171.376707621000037, 7.100555292000024 ], [ 171.376686518000042, 7.100572427000031 ], [ 171.376686518000042, 7.100601520000055 ], [ 171.376624631000027, 7.100730201000033 ], [ 171.376579559000106, 7.100805518000072 ], [ 171.376544502000115, 7.10088922500006 ], [ 171.377349724000055, 7.101203703000067 ], [ 171.377333268000029, 7.101154086000065 ], [ 171.377335415000061, 7.101115179000033 ], [ 171.377337203000025, 7.101083767000034 ], [ 171.377374049000082, 7.101017373000047 ], [ 171.377427705000059, 7.100905109000053 ], [ 171.377477072000033, 7.100842821000072 ], [ 171.3777242540001, 7.100597770000036 ], [ 171.377823342000056, 7.100618295000061 ], [ 171.377947110000036, 7.100597414000049 ], [ 171.377972509000074, 7.100568324000051 ], [ 171.378211106000094, 7.100514243000021 ], [ 171.378309837000074, 7.100601162000032 ], [ 171.37834453500011, 7.100579745000061 ], [ 171.378364925000028, 7.100476407000031 ], [ 171.378430387000094, 7.100468196000065 ], [ 171.378460077000113, 7.100433750000036 ], [ 171.378435394000121, 7.100380029000064 ], [ 171.378480109000066, 7.100322380000023 ], [ 171.378562743000089, 7.100264373000073 ], [ 171.378624628000011, 7.100243313000021 ], [ 171.378591717000063, 7.100126054000043 ], [ 171.378589930000089, 7.100082326000063 ], [ 171.378587426000081, 7.100034137000023 ], [ 171.378554514000029, 7.100001118000023 ], [ 171.378538059000107, 7.099930798000059 ], [ 171.378517312000099, 7.099868331000039 ], [ 171.378455427000063, 7.099826567000036 ], [ 171.378446841000027, 7.099726618000034 ], [ 171.378413932000058, 7.099689496000053 ], [ 171.378397478000124, 7.09958169500004 ], [ 171.378294097000094, 7.09938661700005 ], [ 171.378460077000113, 7.09921474500004 ], [ 171.378523751000102, 7.099219563000077 ], [ 171.378577767000024, 7.099209570000028 ], [ 171.37862713200002, 7.099179941000045 ], [ 171.378808853000123, 7.099169946000075 ], [ 171.378887192000093, 7.099154954000028 ], [ 171.378956232000064, 7.099159773000054 ], [ 171.379118278000078, 7.099120151000022 ], [ 171.3792363230001, 7.099134965000076 ], [ 171.379379053000093, 7.099119795000036 ], [ 171.379472417000102, 7.099050544000022 ], [ 171.379570790000116, 7.099000572000023 ], [ 171.379629814000054, 7.098906690000035 ], [ 171.379717810000102, 7.098574008000071 ], [ 171.379560773000094, 7.098490123000033 ], [ 171.379570433000026, 7.098347519000072 ], [ 171.379614788000026, 7.09823347300005 ], [ 171.379555766000067, 7.098203308000052 ], [ 171.379560415000014, 7.098085335000064 ], [ 171.379589749000047, 7.098025724000024 ], [ 171.379614073000084, 7.097565429000042 ], [ 171.379599050000024, 7.097530447000054 ], [ 171.379525358000024, 7.097466195000038 ], [ 171.379466336000064, 7.097402121000073 ], [ 171.379446663000067, 7.097342509000043 ], [ 171.379338989000075, 7.09725398300003 ], [ 171.379348647000029, 7.097219716000041 ], [ 171.379307868000069, 7.097248452000031 ], [ 171.379284258000098, 7.097248452000031 ], [ 171.379186245000028, 7.097041774000047 ], [ 171.379200909000019, 7.097006792000059 ], [ 171.379166212000086, 7.096922729000028 ], [ 171.37913401600008, 7.096903989000054 ], [ 171.379180878000057, 7.096898991000046 ], [ 171.379126864000114, 7.096843485000022 ], [ 171.379092523000054, 7.096764419000067 ], [ 171.37902849000011, 7.096650908000072 ], [ 171.379013824000026, 7.096507768000038 ], [ 171.379066051000109, 7.096353742000076 ], [ 171.379106831000058, 7.096155987000031 ], [ 171.379166212000086, 7.096066392000068 ], [ 171.37923382200006, 7.095863105000035 ], [ 171.379354370000101, 7.095651251000049 ], [ 171.379449524000051, 7.095592532000069 ], [ 171.379491377000022, 7.095513109000024 ], [ 171.379538238000123, 7.095470988000045 ], [ 171.379688121000072, 7.095481519000032 ], [ 171.37986447500009, 7.095481341000038 ], [ 171.38012239000011, 7.095555408000052 ], [ 171.380249020000065, 7.095597707000024 ], [ 171.380412856000021, 7.095576291000043 ], [ 171.380549862000066, 7.095512573000065 ], [ 171.380618901000048, 7.095387995000067 ], [ 171.380650023000044, 7.095331775000034 ], [ 171.380660754000019, 7.095230758000071 ] ] ] ] } },
{ "type": "Feature", "properties": { "ADM0_EN": "Republic of the Marshall Islands", "ADM0_PCODE": "MH", "ADM1_EN": "Majuro", "ADM1_PCODE": "MH15", "ADM2_EN": "Uliga", "ADM2_PCODE": "MH1506", "Shape_Leng": 0.0153196902, "Shape_Area": 1.026845e-05, "ADM0_EN_2": "Republic of the Marshall Islands", "ADM0_PCODE_2": "MH", "ADM1_EN_2": "Majuro", "ADM1_PCODE_2": "MH15", "ADM2_EN_2": "Uliga", "ADM2_PCODE_2": "MH1506", "Shape_Leng_2": 0.0153196902, "Shape_Area_2": 1.026845e-05, "xcoord": 171.37581056709109, "ycoord": 7.1037081980000494 }, "geometry": { "type": "MultiPolygon", "coordinates": [ [ [ [ 171.377841585000056, 7.102142677000074 ], [ 171.377817260000029, 7.102109658000074 ], [ 171.377829422000104, 7.102051475000053 ], [ 171.377762172000075, 7.101861574000054 ], [ 171.377673458000118, 7.101743244000033 ], [ 171.377583670000035, 7.101648115000046 ], [ 171.377569004000065, 7.10161099100003 ], [ 171.377564712000094, 7.101577615000053 ], [ 171.377547899000092, 7.101556734000042 ], [ 171.37749030800012, 7.101465533000066 ], [ 171.377481722000084, 7.101390392000042 ], [ 171.377403380000032, 7.101323999000044 ], [ 171.377374406000058, 7.101274916000023 ], [ 171.377349724000055, 7.101203703000067 ], [ 171.376544502000115, 7.10088922500006 ], [ 171.376530193000121, 7.100929562000033 ], [ 171.376505154000029, 7.100938307000035 ], [ 171.376410358000044, 7.101125353000043 ], [ 171.376410358000044, 7.101154086000065 ], [ 171.376378163000027, 7.101158192000071 ], [ 171.376340246000041, 7.101204239000026 ], [ 171.376340246000041, 7.101279023000075 ], [ 171.376254394000057, 7.101316145000055 ], [ 171.376217548000113, 7.101307934000033 ], [ 171.376167467000073, 7.10136594100004 ], [ 171.376088413000048, 7.101316859000065 ], [ 171.375977161000037, 7.101487841000051 ], [ 171.375977161000037, 7.101536921000047 ], [ 171.375915994000025, 7.101549417000058 ], [ 171.375861977000113, 7.101624199000071 ], [ 171.375820839000085, 7.101620094000054 ], [ 171.375791507000031, 7.101653648000024 ], [ 171.375799734000111, 7.101675779000061 ], [ 171.375849100000096, 7.101717007000047 ], [ 171.375832643000081, 7.101790896000068 ], [ 171.37579186500011, 7.10183248200002 ], [ 171.375783280000064, 7.101857646000042 ], [ 171.375753588000066, 7.101957773000038 ], [ 171.375678110000081, 7.102060219000066 ], [ 171.375667736000082, 7.102182121000055 ], [ 171.37561014400012, 7.102264935000051 ], [ 171.375618372000076, 7.10230705500004 ], [ 171.375580811000077, 7.102417176000074 ], [ 171.375552554000024, 7.10247286200007 ], [ 171.375503187000049, 7.102518730000043 ], [ 171.375531805000037, 7.102544610000052 ], [ 171.375540032000117, 7.102602080000054 ], [ 171.37537941700009, 7.102784840000027 ], [ 171.375350442000013, 7.102838920000067 ], [ 171.375292848000072, 7.102884432000053 ], [ 171.375198411000042, 7.103012936000027 ], [ 171.375087520000079, 7.102955288000032 ], [ 171.374859654000034, 7.103313135000064 ], [ 171.374831394000012, 7.103329377000023 ], [ 171.374789541000041, 7.103317062000031 ], [ 171.374789184000065, 7.103318312000056 ], [ 171.374801345000037, 7.103351152000073 ], [ 171.37476915000002, 7.103420579000044 ], [ 171.374719071000072, 7.103384169000037 ], [ 171.374434687000075, 7.104107898000052 ], [ 171.37451696200003, 7.104195533000052 ], [ 171.374468311000101, 7.104285485000048 ], [ 171.374427887000024, 7.104253002000064 ], [ 171.3743774510001, 7.104298692000043 ], [ 171.374327728000026, 7.104361337000057 ], [ 171.374343825000096, 7.104378650000058 ], [ 171.374283728000023, 7.104517685000076 ], [ 171.374216121000018, 7.10464618900005 ], [ 171.374215047000121, 7.104681349000032 ], [ 171.374210755000036, 7.104809140000043 ], [ 171.374010075000115, 7.105017066000073 ], [ 171.374004352000043, 7.105135576000066 ], [ 171.373937457000125, 7.105236773000058 ], [ 171.373942825000086, 7.105326903000048 ], [ 171.373870565000061, 7.105411146000051 ], [ 171.373836940000047, 7.10549003400007 ], [ 171.373961069000075, 7.105643168000029 ], [ 171.374196087000087, 7.105861983000068 ], [ 171.374628210000083, 7.106202339000049 ], [ 171.37488397900006, 7.106334235000077 ], [ 171.375073567000072, 7.106486476000043 ], [ 171.375176233000047, 7.10638724100005 ], [ 171.375253143000123, 7.106316742000047 ], [ 171.375304295000092, 7.106228219000059 ], [ 171.375331126000106, 7.106180922000021 ], [ 171.37531467000008, 7.106136123000056 ], [ 171.375349369000105, 7.106007441000031 ], [ 171.375392653000063, 7.105888933000074 ], [ 171.375425920000112, 7.10581593400002 ], [ 171.375503903000094, 7.105709027000046 ], [ 171.375543252000057, 7.10561318300006 ], [ 171.375622664000048, 7.105417035000073 ], [ 171.375672029000043, 7.105325834000041 ], [ 171.375758597000072, 7.105271575000074 ], [ 171.375878076000049, 7.105009749000033 ], [ 171.375981097000022, 7.104943353000067 ], [ 171.376055146000112, 7.104922651000038 ], [ 171.376129192000121, 7.104926578000061 ], [ 171.376191794000079, 7.104922830000021 ], [ 171.376265840000087, 7.104918190000035 ], [ 171.37628694700004, 7.104897129000051 ], [ 171.376299465000102, 7.104863932000058 ], [ 171.376328083000089, 7.104851260000032 ], [ 171.376369578000094, 7.104797359000031 ], [ 171.376645737000104, 7.104518754000026 ], [ 171.376675069000044, 7.10451357900007 ], [ 171.376662907000082, 7.104496982000057 ], [ 171.37673695400008, 7.104356162000045 ], [ 171.376708337000082, 7.104346881000026 ], [ 171.376728370000023, 7.104293874000064 ], [ 171.376827455000011, 7.104168941000069 ], [ 171.376848203000122, 7.104110754000033 ], [ 171.37693334100004, 7.103935488000047 ], [ 171.377013110000121, 7.103778072000068 ], [ 171.377021340000056, 7.103742734000036 ], [ 171.377037436000023, 7.103673662000062 ], [ 171.377057826000055, 7.10359941400003 ], [ 171.377093240000022, 7.103527846000077 ], [ 171.377140459000088, 7.103447887000073 ], [ 171.377231675000075, 7.103352937000068 ], [ 171.37731073100008, 7.103311173000066 ], [ 171.377346862000081, 7.103262628000039 ], [ 171.377391933000013, 7.103254418000063 ], [ 171.377409103000105, 7.103216400000065 ], [ 171.377400878000117, 7.103191414000037 ], [ 171.37747099000012, 7.103141797000035 ], [ 171.377586532000123, 7.102974742000072 ], [ 171.377590468000108, 7.102946185000064 ], [ 171.377606922000041, 7.102909061000048 ], [ 171.377647703000093, 7.102896568000062 ], [ 171.377620157000024, 7.102866585000072 ], [ 171.377640190000079, 7.102850342000067 ], [ 171.3777060110001, 7.102646521000054 ], [ 171.377701717000036, 7.10255085600005 ], [ 171.377734628000098, 7.102497135000021 ], [ 171.377771830000029, 7.10245126600006 ], [ 171.377784349000081, 7.10240539800003 ], [ 171.377833715000065, 7.102272430000028 ], [ 171.377829422000104, 7.10220978500007 ], [ 171.37783765100005, 7.102180693000037 ], [ 171.377841585000056, 7.102142677000074 ] ] ] ] } },
{ "type": "Feature", "properties": { "ADM0_EN": "Republic of the Marshall Islands", "ADM0_PCODE": "MH", "ADM1_EN": "Majuro", "ADM1_PCODE": "MH15", "ADM2_EN": "Woja - Arrak", "ADM2_PCODE": "MH1519", "Shape_Leng": 0.10327145085, "Shape_Area": 7.027746e-05, "ADM0_EN_2": "Republic of the Marshall Islands", "ADM0_PCODE_2": "MH", "ADM1_EN_2": "Majuro", "ADM1_PCODE_2": "MH15", "ADM2_EN_2": "Woja - Arrak", "ADM2_PCODE_2": "MH1519", "Shape_Leng_2": 0.10327145085, "Shape_Area_2": 7.027746e-05, "xcoord": 171.04983774979146, "ycoord": 7.1256849150000505 }, "geometry": { "type": "MultiPolygon", "coordinates": [ [ [ [ 171.074548173000039, 7.110599325000067 ], [ 171.074456238000039, 7.109739417000071 ], [ 171.074191886000108, 7.109746378000068 ], [ 171.073416357000042, 7.109826870000063 ], [ 171.072916626000051, 7.109894337000071 ], [ 171.072766739000031, 7.109902190000071 ], [ 171.07267695400003, 7.109931816000028 ], [ 171.072644759000013, 7.110005351000041 ], [ 171.072514907000027, 7.110145812000042 ], [ 171.072043436000058, 7.110360522000065 ], [ 171.071800189000101, 7.110432983000067 ], [ 171.071539770000072, 7.110479923000071 ], [ 171.071263613000042, 7.110618066000029 ], [ 171.071051129000011, 7.110642695000024 ], [ 171.070489154000029, 7.11097662700007 ], [ 171.07014252700003, 7.111234706000062 ], [ 171.069926465000094, 7.111365708000051 ], [ 171.069695381000088, 7.111549185000058 ], [ 171.069460004000121, 7.111730518000059 ], [ 171.069370574000118, 7.111743369000067 ], [ 171.069303680000075, 7.11178727500004 ], [ 171.069293305000087, 7.111863129000028 ], [ 171.069215324000083, 7.111954152000067 ], [ 171.068995328000028, 7.112041427000065 ], [ 171.068522068000107, 7.112275414000067 ], [ 171.068116416000066, 7.112474236000025 ], [ 171.067735092000021, 7.112653430000023 ], [ 171.067262546000052, 7.112895981000065 ], [ 171.066956697000023, 7.11305393300006 ], [ 171.066603273000055, 7.113186364000057 ], [ 171.06638685300004, 7.11327185500005 ], [ 171.066377553000052, 7.113325756000052 ], [ 171.066219442000033, 7.113362522000045 ], [ 171.066099607000069, 7.113343602000043 ], [ 171.066018763000102, 7.113410711000029 ], [ 171.06592253700012, 7.113489419000075 ], [ 171.065833465000082, 7.113547960000062 ], [ 171.065734020000036, 7.113557064000076 ], [ 171.065623844000015, 7.113533682000025 ], [ 171.065494349000119, 7.11353189700003 ], [ 171.065444627000034, 7.113621849000026 ], [ 171.065384171000119, 7.113679499000057 ], [ 171.065284010000028, 7.113722512000038 ], [ 171.065125543000022, 7.113801043000024 ], [ 171.06474636400003, 7.113895636000052 ], [ 171.06439329400007, 7.114011289000075 ], [ 171.064235541000016, 7.114056088000041 ], [ 171.063936849000015, 7.114162996000061 ], [ 171.063581993000071, 7.114221 ], [ 171.063277217000064, 7.114359858000057 ], [ 171.063170618000072, 7.114326482000024 ], [ 171.063041125000041, 7.114387343000033 ], [ 171.062943109000116, 7.114470871000037 ], [ 171.062819698000112, 7.114499783000042 ], [ 171.062676970000098, 7.11454993600006 ], [ 171.062521004000018, 7.11471984800005 ], [ 171.061950087000014, 7.115140519000022 ], [ 171.061826318000044, 7.115166578000071 ], [ 171.061560176000057, 7.115364687000067 ], [ 171.061528336000038, 7.115451251000025 ], [ 171.061340538000081, 7.115539953000052 ], [ 171.06119065300004, 7.115610274000062 ], [ 171.05882328000007, 7.117383632000042 ], [ 171.058609723000018, 7.117735590000052 ], [ 171.058219097000119, 7.118072380000058 ], [ 171.058027361000086, 7.118411846000072 ], [ 171.057816306000063, 7.118779509000035 ], [ 171.057546587000047, 7.119046870000034 ], [ 171.0569488430001, 7.119429883000066 ], [ 171.056794309000111, 7.119425600000056 ], [ 171.056637272000103, 7.119525013000043 ], [ 171.0566115150001, 7.119620319000035 ], [ 171.056196205000106, 7.119834494000031 ], [ 171.056185474000017, 7.119935333000058 ], [ 171.054499194000073, 7.120777572000065 ], [ 171.054295296000078, 7.120778107000035 ], [ 171.053580218000093, 7.121126675000028 ], [ 171.053258273000097, 7.121322645000021 ], [ 171.052988198000094, 7.121494160000054 ], [ 171.052504565000049, 7.121753132000038 ], [ 171.0522888590001, 7.121918403000052 ], [ 171.052119302000051, 7.122004608000054 ], [ 171.05193758300004, 7.122243234000052 ], [ 171.051776252000082, 7.122402258000022 ], [ 171.051607766000075, 7.122628388000066 ], [ 171.051338047000058, 7.122799906000068 ], [ 171.051199970000084, 7.123037283000031 ], [ 171.050985696000112, 7.123246638000069 ], [ 171.050923811000075, 7.123346049000077 ], [ 171.050691653000058, 7.123557367000046 ], [ 171.05047451900009, 7.123774396000044 ], [ 171.050333221000074, 7.123949484000036 ], [ 171.050253808000093, 7.124025159000041 ], [ 171.050038104000123, 7.124190430000056 ], [ 171.049864253000123, 7.124335887000029 ], [ 171.049741197000117, 7.12450883300005 ], [ 171.049590242000022, 7.124662860000058 ], [ 171.049379904000034, 7.125004645000047 ], [ 171.049316589000114, 7.125155818000053 ], [ 171.049236459000099, 7.125257371000032 ], [ 171.049175289000118, 7.125330903000076 ], [ 171.049022901000058, 7.125536689000057 ], [ 171.048789313000043, 7.125847239000052 ], [ 171.048446261000095, 7.126244890000066 ], [ 171.048054204000096, 7.126706613000067 ], [ 171.04783313300004, 7.126983075000055 ], [ 171.047669301000042, 7.127123894000022 ], [ 171.047570570000062, 7.127253469000038 ], [ 171.047202478000031, 7.127720367000052 ], [ 171.047061896000059, 7.127869576000023 ], [ 171.046961376000013, 7.128003614000022 ], [ 171.046914874000095, 7.128108737000048 ], [ 171.046856566000088, 7.128174595000075 ], [ 171.046749251000051, 7.128231172000028 ], [ 171.046439824000117, 7.128632390000064 ], [ 171.046245586000055, 7.12876196600007 ], [ 171.046169748000125, 7.128995772000053 ], [ 171.046036679000053, 7.129147657000033 ], [ 171.045869625000023, 7.129418052000062 ], [ 171.045691123000097, 7.129745023000055 ], [ 171.045358447000012, 7.130329717000052 ], [ 171.04517171800012, 7.130653832000064 ], [ 171.045087655000088, 7.13091084000007 ], [ 171.045115914000121, 7.131191587000046 ], [ 171.045232888000101, 7.131443777000072 ], [ 171.045278676000066, 7.131652417000055 ], [ 171.045290480000062, 7.131787526000039 ], [ 171.045206416000042, 7.131948692000037 ], [ 171.04484297700003, 7.13237900300004 ], [ 171.04457719200002, 7.132682772000067 ], [ 171.044385098000021, 7.132926394000037 ], [ 171.044341100000111, 7.133023844000036 ], [ 171.04403310500004, 7.13327728400003 ], [ 171.043796296000096, 7.133548212000051 ], [ 171.043503684000029, 7.133830029000023 ], [ 171.043237899000019, 7.134133979000069 ], [ 171.043030065000039, 7.134397946000036 ], [ 171.042785028000026, 7.134716352000055 ], [ 171.042415507000101, 7.135139165000055 ], [ 171.042087123000101, 7.135472562000075 ], [ 171.041835289000119, 7.135737780000056 ], [ 171.04131481100012, 7.136218778000057 ], [ 171.040946721000068, 7.136493994000034 ], [ 171.040386535000039, 7.136916807000034 ], [ 171.040095711000049, 7.137098141000024 ], [ 171.039336278000064, 7.137821512000073 ], [ 171.039232538000078, 7.138012842000023 ], [ 171.039040446000058, 7.138151697000069 ], [ 171.038903081000058, 7.13828716200004 ], [ 171.038688092000029, 7.138211844000068 ], [ 171.038044203000027, 7.138749063000034 ], [ 171.038244167000016, 7.139151531000039 ], [ 171.038276719000123, 7.13920614500006 ], [ 171.038873392000028, 7.139740509000035 ], [ 171.039080866000063, 7.140222756000071 ], [ 171.039882869000053, 7.140662348000035 ], [ 171.040434827000013, 7.140843146000066 ], [ 171.040664481000022, 7.140840113000024 ], [ 171.041011108000021, 7.141169227000034 ], [ 171.041288696000038, 7.141442831000063 ], [ 171.042145072000039, 7.138854901000059 ], [ 171.042247023000073, 7.138689632000023 ], [ 171.042463441000109, 7.138339635000023 ], [ 171.042761777000123, 7.13786488300002 ], [ 171.042979270000046, 7.137584850000053 ], [ 171.043227524000031, 7.137243958000056 ], [ 171.043527650000101, 7.136809719000041 ], [ 171.043592397000111, 7.136689783000065 ], [ 171.043906472000117, 7.136179158000061 ], [ 171.044056714000021, 7.135944102000053 ], [ 171.044281360000014, 7.135551629000076 ], [ 171.044394041000032, 7.135397245000036 ], [ 171.04449098200007, 7.135222872000043 ], [ 171.044938846000036, 7.134472729000038 ], [ 171.04544751800006, 7.133686176000026 ], [ 171.045755513000017, 7.133250332000046 ], [ 171.046096416000069, 7.13274880900002 ], [ 171.046429809000074, 7.132179106000024 ], [ 171.046449843000119, 7.132089689000054 ], [ 171.046563596000055, 7.131894256000066 ], [ 171.0466916580001, 7.131700251000041 ], [ 171.046820437000065, 7.13154604500005 ], [ 171.046937410000055, 7.131351148000022 ], [ 171.047060465000072, 7.131130549000034 ], [ 171.047113765000063, 7.131028280000066 ], [ 171.047211781000101, 7.130827672000066 ], [ 171.047375972000054, 7.130515333000062 ], [ 171.04756520400008, 7.130109832000073 ], [ 171.047686112000065, 7.129886199000055 ], [ 171.047965132000058, 7.129382892000024 ], [ 171.048173323000015, 7.129070020000029 ], [ 171.048440896000102, 7.128685042000029 ], [ 171.048888400000124, 7.128051980000066 ], [ 171.048981049000076, 7.127950425000051 ], [ 171.049130217000084, 7.127759812000022 ], [ 171.049232526000083, 7.127645764000022 ], [ 171.049393495000118, 7.127417312000034 ], [ 171.049793065000017, 7.126874739000073 ], [ 171.049975504000031, 7.126661100000035 ], [ 171.050218750000113, 7.126316459000066 ], [ 171.050470584000095, 7.126064091000046 ], [ 171.050660532000052, 7.125825109000061 ], [ 171.050867649000111, 7.12554472100004 ], [ 171.050930250000079, 7.125488501000063 ], [ 171.051080849000073, 7.125294495000048 ], [ 171.051378827000121, 7.124881496000057 ], [ 171.051607409000098, 7.124613599000043 ], [ 171.051649263000058, 7.124553989000049 ], [ 171.051763016000109, 7.124433872000054 ], [ 171.051882852000062, 7.124299835000045 ], [ 171.052245220000032, 7.12390468600006 ], [ 171.052448044000016, 7.123700150000047 ], [ 171.052681992000089, 7.123485975000051 ], [ 171.052884817000063, 7.123363362000021 ], [ 171.053177430000119, 7.123194344000069 ], [ 171.053522983000107, 7.123022291000041 ], [ 171.053822036000042, 7.122861124000053 ], [ 171.054235915000049, 7.122692641000071 ], [ 171.055439276000016, 7.122001039000054 ], [ 171.055531208000048, 7.122033164000072 ], [ 171.055880700000102, 7.121881994000034 ], [ 171.055930422000074, 7.121745816000043 ], [ 171.056148271000097, 7.121632480000073 ], [ 171.056356461000064, 7.121524145000024 ], [ 171.056692360000056, 7.121289626000021 ], [ 171.056842600000095, 7.121257499000023 ], [ 171.057038987000055, 7.121146129000067 ], [ 171.057139864000078, 7.120938916000057 ], [ 171.057495076000123, 7.120636930000046 ], [ 171.057822746000056, 7.120241245000045 ], [ 171.057980858000064, 7.120313708000026 ], [ 171.058047034000083, 7.120154863000039 ], [ 171.058223032000114, 7.120027428000071 ], [ 171.058327843000029, 7.120228394000037 ], [ 171.058507059000021, 7.120297108000045 ], [ 171.058627609000041, 7.120105780000074 ], [ 171.05857788600008, 7.119956751000075 ], [ 171.058671250000089, 7.119842525000024 ], [ 171.058898759000044, 7.119608362000065 ], [ 171.059242167000093, 7.119077388000051 ], [ 171.059535853000057, 7.118726680000066 ], [ 171.059960464000028, 7.118132348000074 ], [ 171.060714175000044, 7.117541764000066 ], [ 171.061604530000068, 7.116843737000067 ], [ 171.061703619000014, 7.116821962000074 ], [ 171.062254862000032, 7.116393972000026 ], [ 171.062413689000095, 7.11632686300004 ], [ 171.062514564000026, 7.116192469000055 ], [ 171.062842950000118, 7.115937425000027 ], [ 171.063061872000048, 7.115834086000064 ], [ 171.063296177000097, 7.115653644000076 ], [ 171.063590579000106, 7.115465351000068 ], [ 171.063819518000059, 7.115458032000049 ], [ 171.06416364200004, 7.115225476000035 ], [ 171.064353946000097, 7.115152837000039 ], [ 171.064516351000066, 7.115099648000069 ], [ 171.064577521000047, 7.114972751000039 ], [ 171.064890880000121, 7.114825507000035 ], [ 171.064979594000079, 7.114846567000029 ], [ 171.065023592000102, 7.114896897000051 ], [ 171.065108373000044, 7.114865307000059 ], [ 171.065191005000088, 7.114793201000055 ], [ 171.065253963000032, 7.114713602000052 ], [ 171.06548826900007, 7.114565999000035 ], [ 171.065792327000054, 7.114381274000039 ], [ 171.066033787000038, 7.114230460000044 ], [ 171.066067770000018, 7.114277042000026 ], [ 171.066190467000069, 7.11427668500005 ], [ 171.066495601000042, 7.114063762000058 ], [ 171.066774261000091, 7.113949535000074 ], [ 171.066879073000109, 7.113942218000034 ], [ 171.066957769000055, 7.11400522100007 ], [ 171.067088695000052, 7.114018963000035 ], [ 171.067046842000082, 7.114124623000066 ], [ 171.06705721600008, 7.114246702000059 ], [ 171.067169897000099, 7.114310598000031 ], [ 171.067319064000117, 7.114211542000021 ], [ 171.067316203000019, 7.114062512000032 ], [ 171.067363779000061, 7.114040024000076 ], [ 171.067482542000107, 7.114072150000027 ], [ 171.067764065000119, 7.113856371000054 ], [ 171.06822158500006, 7.113435163000076 ], [ 171.06877032400007, 7.112981292000029 ], [ 171.069011425000099, 7.112720180000053 ], [ 171.06956445600008, 7.112349659000074 ], [ 171.069687868000074, 7.112320745000034 ], [ 171.069959018000077, 7.112180996000063 ], [ 171.07028239400006, 7.111974854000039 ], [ 171.070488797000053, 7.111979852000047 ], [ 171.070555691000095, 7.111873302000049 ], [ 171.070999619000077, 7.11158381000007 ], [ 171.071065438000119, 7.111573816000032 ], [ 171.07117525700005, 7.111551327000029 ], [ 171.071261108000044, 7.111423358000025 ], [ 171.071604517000083, 7.111287179000044 ], [ 171.071867438000027, 7.111201331000075 ], [ 171.072086719000026, 7.111173489000066 ], [ 171.072268440000016, 7.111109057000021 ], [ 171.072515982000027, 7.111034453000059 ], [ 171.072924494000063, 7.110859366000057 ], [ 171.073580548000109, 7.110718191000046 ], [ 171.073931109000114, 7.110687314000074 ], [ 171.074166847000015, 7.110614138000074 ], [ 171.074267364000093, 7.110633770000049 ], [ 171.074431556000036, 7.110585760000049 ], [ 171.074548173000039, 7.110599325000067 ] ] ] ] } },
{ "type": "Feature", "properties": { "ADM0_EN": "Republic of the Marshall Islands", "ADM0_PCODE": "MH", "ADM1_EN": "Maloelap", "ADM1_PCODE": "MH16", "ADM2_EN": "Airok", "ADM2_PCODE": "MH1605", "Shape_Leng": 0.03400064312, "Shape_Area": 6.6835e-05, "ADM0_EN_2": "Republic of the Marshall Islands", "ADM0_PCODE_2": "MH", "ADM1_EN_2": "Maloelap", "ADM1_PCODE_2": "MH16", "ADM2_EN_2": "Airok", "ADM2_PCODE_2": "MH1605", "Shape_Leng_2": 0.03400064312, "Shape_Area_2": 6.6835e-05, "xcoord": 171.19140124299656, "ycoord": 8.4975584930000423 }, "geometry": { "type": "MultiPolygon", "coordinates": [ [ [ [ 171.194667785000092, 8.497196450000047 ], [ 171.194657767000081, 8.49678827200006 ], [ 171.19416912500003, 8.495392394000021 ], [ 171.193873652000093, 8.494869989000051 ], [ 171.193504844000017, 8.494422367000027 ], [ 171.192518977000077, 8.493641346000061 ], [ 171.191852192000056, 8.493302060000076 ], [ 171.189763481000114, 8.491704681000044 ], [ 171.189174677000096, 8.491352901000027 ], [ 171.18877296200003, 8.491244564000056 ], [ 171.18839807400002, 8.491190308000057 ], [ 171.187996358000078, 8.491000942000028 ], [ 171.187541340000053, 8.491027892000034 ], [ 171.187148925000088, 8.491257058000031 ], [ 171.186200973000041, 8.491761795000059 ], [ 171.185532758000022, 8.492544063000025 ], [ 171.185479458000032, 8.492814813000052 ], [ 171.186095090000094, 8.493410397000048 ], [ 171.186550464000106, 8.493979027000023 ], [ 171.186952182000027, 8.494709894000039 ], [ 171.187104926000075, 8.495277276000024 ], [ 171.18774846000008, 8.496548932000053 ], [ 171.188327604000051, 8.497920536000038 ], [ 171.18840164900007, 8.499808477000045 ], [ 171.188204907000113, 8.500893982000036 ], [ 171.188154469000096, 8.501511158000028 ], [ 171.188035349000074, 8.501901668000073 ], [ 171.188989022000101, 8.502268618000073 ], [ 171.190756504000092, 8.503401241000063 ], [ 171.191184692000093, 8.503530814000044 ], [ 171.191485888000102, 8.503533673000049 ], [ 171.192153388000065, 8.503003235000051 ], [ 171.193054479000011, 8.501548460000038 ], [ 171.193919797000035, 8.500184529000023 ], [ 171.194228507000048, 8.499296603000062 ], [ 171.194556533000082, 8.49820253200005 ], [ 171.194667785000092, 8.497196450000047 ] ] ] ] } },
{ "type": "Feature", "properties": { "ADM0_EN": "Republic of the Marshall Islands", "ADM0_PCODE": "MH", "ADM1_EN": "Maloelap", "ADM1_PCODE": "MH16", "ADM2_EN": "Jang", "ADM2_PCODE": "MH1602", "Shape_Leng": 0.02719541916, "Shape_Area": 4.179372e-05, "ADM0_EN_2": "Republic of the Marshall Islands", "ADM0_PCODE_2": "MH", "ADM1_EN_2": "Maloelap", "ADM1_PCODE_2": "MH16", "ADM2_EN_2": "Jang", "ADM2_PCODE_2": "MH1602", "Shape_Leng_2": 0.02719541916, "Shape_Area_2": 4.179372e-05, "xcoord": 171.06180045536783, "ycoord": 8.8620478065000441 }, "geometry": { "type": "MultiPolygon", "coordinates": [ [ [ [ 171.066589591000024, 8.858473874000026 ], [ 171.066371741000012, 8.858102283000051 ], [ 171.066229369000098, 8.857898638000052 ], [ 171.066173924000054, 8.857688214000063 ], [ 171.065889539000068, 8.857519908000029 ], [ 171.065477090000059, 8.857616286000052 ], [ 171.065321484000037, 8.857793336000043 ], [ 171.064884712000094, 8.858102103000022 ], [ 171.063900274000048, 8.858908824000025 ], [ 171.062921201000108, 8.859662894000053 ], [ 171.06177257100012, 8.86047996700006 ], [ 171.060549177000098, 8.860976848000064 ], [ 171.059482823000053, 8.861330594000037 ], [ 171.058203267000067, 8.861714680000034 ], [ 171.057953584000074, 8.861953123000035 ], [ 171.0577940390001, 8.862142490000053 ], [ 171.05783589300006, 8.862437158000034 ], [ 171.058452598000031, 8.863699887000053 ], [ 171.058653636000031, 8.864246925000032 ], [ 171.058750577000069, 8.864850180000076 ], [ 171.058736983000017, 8.865418455000054 ], [ 171.058833925000044, 8.865671002000056 ], [ 171.058993108000095, 8.865797185000076 ], [ 171.059419149000064, 8.866015821000076 ], [ 171.059801907000065, 8.86615574700005 ], [ 171.060178583000038, 8.866365459000065 ], [ 171.060441863000051, 8.866400620000036 ], [ 171.060816035000016, 8.86628121800004 ], [ 171.061051770000063, 8.866239275000055 ], [ 171.06155329000012, 8.866069364000055 ], [ 171.062239751000106, 8.865768986000035 ], [ 171.062729107000109, 8.865727043000049 ], [ 171.063068581000039, 8.865586760000042 ], [ 171.06371604900005, 8.865015809000056 ], [ 171.064179651000018, 8.864477340000064 ], [ 171.064815314000043, 8.863678830000026 ], [ 171.065584763000061, 8.862381114000073 ], [ 171.066049080000084, 8.861293827000054 ], [ 171.06641645600007, 8.860444986000061 ], [ 171.066437204000067, 8.859792647000063 ], [ 171.066549884000096, 8.859051071000067 ], [ 171.066589591000024, 8.858473874000026 ] ] ] ] } },
{ "type": "Feature", "properties": { "ADM0_EN": "Republic of the Marshall Islands", "ADM0_PCODE": "MH", "ADM1_EN": "Maloelap", "ADM1_PCODE": "MH16", "ADM2_EN": "Kaben", "ADM2_PCODE": "MH1601", "Shape_Leng": 0.06221920746, "Shape_Area": 0.00018120761, "ADM0_EN_2": "Republic of the Marshall Islands", "ADM0_PCODE_2": "MH", "ADM1_EN_2": "Maloelap", "ADM1_PCODE_2": "MH16", "ADM2_EN_2": "Kaben", "ADM2_PCODE_2": "MH1601", "Shape_Leng_2": 0.06221920746, "Shape_Area_2": 0.00018120761, "xcoord": 170.8401931977796, "ycoord": 8.8930268565000574 }, "geometry": { "type": "MultiPolygon", "coordinates": [ [ [ [ 170.852008059000013, 8.899398524000048 ], [ 170.851881784000057, 8.899228077000032 ], [ 170.851376687000084, 8.899228077000032 ], [ 170.850407989000018, 8.898972318000062 ], [ 170.848513161000028, 8.898034594000023 ], [ 170.846829026000023, 8.896628185000054 ], [ 170.845102328000053, 8.894539814000041 ], [ 170.843797016000053, 8.892067893000046 ], [ 170.84266019100005, 8.889169767000055 ], [ 170.842323222000118, 8.887294497000028 ], [ 170.841691852000054, 8.885120812000025 ], [ 170.841144187000054, 8.884950368000034 ], [ 170.840512816000114, 8.884822576000033 ], [ 170.840049572000112, 8.884396370000047 ], [ 170.839923296000052, 8.883842198000025 ], [ 170.83954411600007, 8.883543960000054 ], [ 170.839081230000033, 8.883416169000043 ], [ 170.83828101600011, 8.88350130300006 ], [ 170.837354532000063, 8.883586616000059 ], [ 170.836596886000052, 8.883757063000076 ], [ 170.835754461000079, 8.883714406000024 ], [ 170.835080880000078, 8.883842198000025 ], [ 170.834659845000033, 8.883970165000051 ], [ 170.834196603000123, 8.884268402000032 ], [ 170.834070328000053, 8.884865054000045 ], [ 170.833859632000099, 8.885504362000063 ], [ 170.833480810000083, 8.886228983000024 ], [ 170.833228260000055, 8.887081395000052 ], [ 170.833396390000075, 8.888189387000068 ], [ 170.833985907000056, 8.889468003000047 ], [ 170.835249366000085, 8.891471243000069 ], [ 170.836596886000052, 8.893985820000069 ], [ 170.837438950000092, 8.896585529000049 ], [ 170.83802847100003, 8.899014975000057 ], [ 170.838070321000032, 8.900464037000063 ], [ 170.838238807000039, 8.901486896000051 ], [ 170.838575776000084, 8.902509931000054 ], [ 170.839291568000021, 8.903063926000073 ], [ 170.840175846000079, 8.902978794000035 ], [ 170.842112884000016, 8.902723033000029 ], [ 170.843502259000047, 8.902723033000029 ], [ 170.84586033100004, 8.902680377000024 ], [ 170.847207852000111, 8.902467275000049 ], [ 170.848302824000029, 8.90259506600006 ], [ 170.849271164000015, 8.90259506600006 ], [ 170.849902893000035, 8.902296828000033 ], [ 170.850787171000093, 8.901742655000021 ], [ 170.851334478000012, 8.901231314000029 ], [ 170.851923996000096, 8.900378725000053 ], [ 170.851881784000057, 8.900165621000042 ], [ 170.851881784000057, 8.89986738500005 ], [ 170.852008059000013, 8.899398524000048 ] ] ] ] } },
{ "type": "Feature", "properties": { "ADM0_EN": "Republic of the Marshall Islands", "ADM0_PCODE": "MH", "ADM1_EN": "Maloelap", "ADM1_PCODE": "MH16", "ADM2_EN": "Tarawa", "ADM2_PCODE": "MH1604", "Shape_Leng": 0.05706393367, "Shape_Area": 0.00012574298, "ADM0_EN_2": "Republic of the Marshall Islands", "ADM0_PCODE_2": "MH", "ADM1_EN_2": "Maloelap", "ADM1_PCODE_2": "MH16", "ADM2_EN_2": "Tarawa", "ADM2_PCODE_2": "MH1604", "Shape_Leng_2": 0.05706393367, "Shape_Area_2": 0.00012574298, "xcoord": 171.2304846318041, "ycoord": 8.7031784010000308 }, "geometry": { "type": "MultiPolygon", "coordinates": [ [ [ [ 171.237150428000064, 8.706872093000072 ], [ 171.237020577000067, 8.705591692000041 ], [ 171.23659882700008, 8.704540990000055 ], [ 171.236176721000106, 8.703720170000054 ], [ 171.235105716000021, 8.70276799100003 ], [ 171.234391712000047, 8.702341248000039 ], [ 171.233840112000053, 8.702341248000039 ], [ 171.232996257000082, 8.701815810000028 ], [ 171.232022552000103, 8.701060670000061 ], [ 171.230984096000043, 8.70043688800007 ], [ 171.23030264700003, 8.700338369000065 ], [ 171.229750688000081, 8.700272688000041 ], [ 171.229134342000066, 8.699813107000068 ], [ 171.228517637000095, 8.69915648500006 ], [ 171.227900933000114, 8.698860926000066 ], [ 171.227089631000013, 8.698663887000066 ], [ 171.226472925000053, 8.698828087000038 ], [ 171.226115924000055, 8.698828087000038 ], [ 171.225661622000075, 8.698532528000044 ], [ 171.225077471000077, 8.69794158600007 ], [ 171.224720470000079, 8.697252125000034 ], [ 171.224622812000121, 8.696595504000072 ], [ 171.224785215000111, 8.69600456400002 ], [ 171.224817768000094, 8.695544804000065 ], [ 171.224590617000104, 8.695118063000052 ], [ 171.22426581000002, 8.694789663000051 ], [ 171.224136317000102, 8.694461443000023 ], [ 171.223973913000123, 8.694231564000063 ], [ 171.223551807000035, 8.693903342000056 ], [ 171.222967654000058, 8.693345062000049 ], [ 171.222513353000068, 8.693213881000077 ], [ 171.222253651000074, 8.693213881000077 ], [ 171.22238350300006, 8.693804822000061 ], [ 171.222545904000071, 8.694231564000063 ], [ 171.222902908000037, 8.694527123000057 ], [ 171.223227358000031, 8.694888183000046 ], [ 171.223389759000042, 8.695347942000069 ], [ 171.223422313000015, 8.695741845000043 ], [ 171.223649464000118, 8.696234265000044 ], [ 171.224006465000116, 8.696496984000021 ], [ 171.22426581000002, 8.696858223000049 ], [ 171.224428214000113, 8.697810227000048 ], [ 171.22455806500011, 8.698992287000067 ], [ 171.224850320000087, 8.699944466000034 ], [ 171.225272069000084, 8.701487589000067 ], [ 171.225401921000071, 8.70273515100007 ], [ 171.225401921000071, 8.703588811000031 ], [ 171.225207322000074, 8.704409631000033 ], [ 171.225401921000071, 8.705033412000034 ], [ 171.225466668000081, 8.70595275200003 ], [ 171.225174769000091, 8.706510854000044 ], [ 171.224655363000124, 8.707298833000038 ], [ 171.224395661000017, 8.707857114000035 ], [ 171.224460765000117, 8.708119833000069 ], [ 171.224460765000117, 8.708579415000031 ], [ 171.224233616000106, 8.709071835000032 ], [ 171.224136317000102, 8.709334555000055 ], [ 171.225239517000091, 8.709597273000043 ], [ 171.226310522000063, 8.709597273000043 ], [ 171.22705707800003, 8.709892655000033 ], [ 171.228290486000105, 8.710385254000073 ], [ 171.22890683300011, 8.710746493000045 ], [ 171.229004491000069, 8.711238915000024 ], [ 171.229101790000072, 8.711534475000065 ], [ 171.229653389000077, 8.711862697000072 ], [ 171.230205347000037, 8.712420976000033 ], [ 171.230562349000024, 8.712584999000057 ], [ 171.231211247000033, 8.71245381500006 ], [ 171.231827953000106, 8.712388137000062 ], [ 171.232639256000084, 8.71225677700005 ], [ 171.233028808000086, 8.711961216000077 ], [ 171.233807561000049, 8.711403115000053 ], [ 171.234456817000023, 8.711074715000052 ], [ 171.235332865000032, 8.710450936000029 ], [ 171.235982122000109, 8.709827153000049 ], [ 171.236501530000055, 8.709006154000065 ], [ 171.236955830000056, 8.70795563300004 ], [ 171.237150428000064, 8.706872093000072 ] ] ] ] } },
{ "type": "Feature", "properties": { "ADM0_EN": "Republic of the Marshall Islands", "ADM0_PCODE": "MH", "ADM1_EN": "Maloelap", "ADM1_PCODE": "MH16", "ADM2_EN": "Wolot", "ADM2_PCODE": "MH1603", "Shape_Leng": 0.02553800027, "Shape_Area": 3.377115e-05, "ADM0_EN_2": "Republic of the Marshall Islands", "ADM0_PCODE_2": "MH", "ADM1_EN_2": "Maloelap", "ADM1_PCODE_2": "MH16", "ADM2_EN_2": "Wolot", "ADM2_PCODE_2": "MH1603", "Shape_Leng_2": 0.02553800027, "Shape_Area_2": 3.377115e-05, "xcoord": 171.17553624324935, "ycoord": 8.7675542130000679 }, "geometry": { "type": "MultiPolygon", "coordinates": [ [ [ [ 171.178842496000016, 8.766092924000077 ], [ 171.178588516000104, 8.765424167000049 ], [ 171.178334178000114, 8.764961194000023 ], [ 171.177838741000073, 8.764261737000027 ], [ 171.177553642000021, 8.763672047000057 ], [ 171.177365839000117, 8.763701495000021 ], [ 171.176852158000088, 8.76421694000004 ], [ 171.176122771000109, 8.764858391000075 ], [ 171.174838208000097, 8.765988158000027 ], [ 171.17380834100004, 8.766829324000071 ], [ 171.171254598000019, 8.768586442000071 ], [ 171.169871305000015, 8.769192196000063 ], [ 171.169564383000079, 8.769565215000057 ], [ 171.169629130000089, 8.769967860000065 ], [ 171.170962342000053, 8.770619841000041 ], [ 171.17216677600004, 8.771306088000074 ], [ 171.172834635000072, 8.770986077000032 ], [ 171.17327570000009, 8.770954131000053 ], [ 171.174019036000118, 8.771232557000076 ], [ 171.174504100000036, 8.77117544400005 ], [ 171.175535042000092, 8.770334277000075 ], [ 171.17721667100011, 8.769478830000025 ], [ 171.177512502000013, 8.769201297000052 ], [ 171.177978250000024, 8.768279102000065 ], [ 171.178664710000021, 8.766813083000045 ], [ 171.178842496000016, 8.766092924000077 ] ] ] ] } },
{ "type": "Feature", "properties": { "ADM0_EN": "Republic of the Marshall Islands", "ADM0_PCODE": "MH", "ADM1_EN": "Mejit", "ADM1_PCODE": "MH17", "ADM2_EN": "Mejit", "ADM2_PCODE": "MH1701", "Shape_Leng": 0.08300244023, "Shape_Area": 0.00027583469, "ADM0_EN_2": "Republic of the Marshall Islands", "ADM0_PCODE_2": "MH", "ADM1_EN_2": "Mejit", "ADM1_PCODE_2": "MH17", "ADM2_EN_2": "Mejit", "ADM2_PCODE_2": "MH1701", "Shape_Leng_2": 0.08300244023, "Shape_Area_2": 0.00027583469, "xcoord": 170.87060244675698, "ycoord": 10.284074900500059 }, "geometry": { "type": "MultiPolygon", "coordinates": [ [ [ [ 170.878342953000015, 10.292864321000025 ], [ 170.878323635000015, 10.292237507000038 ], [ 170.877948034000042, 10.29153287400004 ], [ 170.877364237000052, 10.290375979000032 ], [ 170.876459572000044, 10.289189280000073 ], [ 170.875291983000125, 10.287795008000046 ], [ 170.87429967300011, 10.286065019000034 ], [ 170.873639686000047, 10.284840840000072 ], [ 170.873091305000116, 10.283359651000069 ], [ 170.872872741000037, 10.282298599000057 ], [ 170.872746824000046, 10.280990890000055 ], [ 170.87273859700008, 10.279793838000046 ], [ 170.872825164000119, 10.278839694000055 ], [ 170.873073419000093, 10.277192519000039 ], [ 170.873336343000119, 10.27627300100005 ], [ 170.87348050200012, 10.275287802000037 ], [ 170.873774188000084, 10.274848925000072 ], [ 170.874066086000084, 10.27410734800003 ], [ 170.874702105000097, 10.272845508000046 ], [ 170.874869519000072, 10.272078051000051 ], [ 170.874855210000078, 10.271331479000025 ], [ 170.87476649600012, 10.27007302800007 ], [ 170.874357982000106, 10.269212766000066 ], [ 170.873945534000086, 10.268995915000062 ], [ 170.873489803000098, 10.268671442000027 ], [ 170.872686728000076, 10.268248983000035 ], [ 170.872099712000022, 10.268056406000028 ], [ 170.871503756000038, 10.267988763000062 ], [ 170.869958061000034, 10.267975376000038 ], [ 170.869426851000071, 10.268024994000029 ], [ 170.867527728000027, 10.268293067000059 ], [ 170.866593373000114, 10.268500816000028 ], [ 170.865571731000045, 10.26915333200003 ], [ 170.864258552000024, 10.270221344000049 ], [ 170.863499477000119, 10.27131898500005 ], [ 170.863382861000105, 10.272119815000053 ], [ 170.863470144000075, 10.272950452000032 ], [ 170.863879014000076, 10.275175360000048 ], [ 170.86440450200007, 10.276599257000044 ], [ 170.864657047000037, 10.277945876000047 ], [ 170.864779030000022, 10.278491304000056 ], [ 170.864900655000042, 10.279773313000021 ], [ 170.864783681000063, 10.281108328000073 ], [ 170.864754707000088, 10.281820277000065 ], [ 170.864810509000108, 10.282403186000067 ], [ 170.864957530000083, 10.282788164000067 ], [ 170.865396808000014, 10.28294754500007 ], [ 170.866681014000051, 10.283273980000047 ], [ 170.867498397000077, 10.283362862000047 ], [ 170.867819627000017, 10.283778181000059 ], [ 170.867877936000014, 10.284371620000059 ], [ 170.86790261900012, 10.285217964000026 ], [ 170.86784574100011, 10.286465882000073 ], [ 170.867706589000022, 10.287084666000055 ], [ 170.867200777000107, 10.287921192000056 ], [ 170.866710346000104, 10.288863022000044 ], [ 170.866360140000097, 10.28960459700005 ], [ 170.866155527000046, 10.290286919000039 ], [ 170.866038910000043, 10.291859310000063 ], [ 170.866009578000103, 10.293194327000037 ], [ 170.866068245000065, 10.294024964000073 ], [ 170.866564397000047, 10.294588597000029 ], [ 170.867089883000062, 10.294914857000038 ], [ 170.867936242000042, 10.295122604000028 ], [ 170.869114563000039, 10.295474561000049 ], [ 170.869699073000106, 10.295681955000077 ], [ 170.870126545000062, 10.296026952000034 ], [ 170.871044805000111, 10.297077653000031 ], [ 170.872139421000043, 10.298326642000063 ], [ 170.873494810000125, 10.299348965000036 ], [ 170.873857895000015, 10.299579558000062 ], [ 170.874416648000079, 10.299813899000071 ], [ 170.874909941000055, 10.299937586000055 ], [ 170.875330259000066, 10.29994847200004 ], [ 170.875924427000086, 10.299725017000071 ], [ 170.876546854000026, 10.299008963000063 ], [ 170.877101673000084, 10.298415702000057 ], [ 170.877510188000088, 10.297940951000044 ], [ 170.877627160000088, 10.296754250000049 ], [ 170.877919057000099, 10.294974289000038 ], [ 170.878239930000063, 10.293668901000046 ], [ 170.878342953000015, 10.292864321000025 ] ] ] ] } },
{ "type": "Feature", "properties": { "ADM0_EN": "Republic of the Marshall Islands", "ADM0_PCODE": "MH", "ADM1_EN": "Mili", "ADM1_PCODE": "MH18", "ADM2_EN": "Aeloneo", "ADM2_PCODE": "MH1814", "Shape_Leng": 0.04639646039, "Shape_Area": 3.30651e-05, "ADM0_EN_2": "Republic of the Marshall Islands", "ADM0_PCODE_2": "MH", "ADM1_EN_2": "Mili", "ADM1_PCODE_2": "MH18", "ADM2_EN_2": "Aeloneo", "ADM2_PCODE_2": "MH1814", "Shape_Leng_2": 0.04639646039, "Shape_Area_2": 3.30651e-05, "xcoord": 172.13340869969591, "ycoord": 5.9299116300000492 }, "geometry": { "type": "MultiPolygon", "coordinates": [ [ [ [ 172.138290934000111, 5.924847759000045 ], [ 172.137867395000058, 5.924081733000037 ], [ 172.137528996000015, 5.923400839000067 ], [ 172.137284317000081, 5.922654264000073 ], [ 172.136138906000042, 5.922366380000028 ], [ 172.135484284000086, 5.922983379000073 ], [ 172.134820002000083, 5.92459235900003 ], [ 172.134227624000118, 5.925613609000038 ], [ 172.133634885000106, 5.926464772000031 ], [ 172.133042504000059, 5.926890264000065 ], [ 172.132957726000086, 5.928337184000043 ], [ 172.132957726000086, 5.929443572000025 ], [ 172.133042504000059, 5.930379688000073 ], [ 172.133042504000059, 5.931230850000077 ], [ 172.132618967000099, 5.93259246100007 ], [ 172.13202658900002, 5.933869113000071 ], [ 172.13185739000005, 5.935060632000045 ], [ 172.132280566000077, 5.936422421000032 ], [ 172.133126927000035, 5.937018179000063 ], [ 172.134227624000118, 5.937443672000029 ], [ 172.135327963000123, 5.937358538000069 ], [ 172.136428299000045, 5.936167017000059 ], [ 172.135835919000101, 5.935996929000055 ], [ 172.135243182000067, 5.936167017000059 ], [ 172.134650803000113, 5.936082064000061 ], [ 172.134481600000072, 5.935741525000026 ], [ 172.134904782000035, 5.935230902000058 ], [ 172.135835919000101, 5.934720274000028 ], [ 172.136767059000022, 5.934039381000048 ], [ 172.137444217000052, 5.93327335400005 ], [ 172.137444217000052, 5.932337236000023 ], [ 172.13668227800008, 5.931826612000066 ], [ 172.136005122000029, 5.93208183400003 ], [ 172.135412741000096, 5.932762727000068 ], [ 172.134820002000083, 5.933103264000067 ], [ 172.133804085000065, 5.932932996000034 ], [ 172.133719663000079, 5.93259246100007 ], [ 172.134058064000101, 5.931486075000066 ], [ 172.13388886600012, 5.930379688000073 ], [ 172.133719663000079, 5.929273303000059 ], [ 172.134058064000101, 5.927911517000041 ], [ 172.134650803000113, 5.927060533000031 ], [ 172.135666720000017, 5.92552865600004 ], [ 172.136089899000012, 5.925018029000057 ], [ 172.136767059000022, 5.924677493000047 ], [ 172.137359794000076, 5.924762628000053 ], [ 172.137867395000058, 5.92510298600007 ], [ 172.138290934000111, 5.924847759000045 ] ] ] ] } },
{ "type": "Feature", "properties": { "ADM0_EN": "Republic of the Marshall Islands", "ADM0_PCODE": "MH", "ADM1_EN": "Mili", "ADM1_PCODE": "MH18", "ADM2_EN": "Anel", "ADM2_PCODE": "MH1809", "Shape_Leng": 0.01387569272, "Shape_Area": 7.66407e-06, "ADM0_EN_2": "Republic of the Marshall Islands", "ADM0_PCODE_2": "MH", "ADM1_EN_2": "Mili", "ADM1_PCODE_2": "MH18", "ADM2_EN_2": "Anel", "ADM2_PCODE_2": "MH1809", "Shape_Leng_2": 0.01387569272, "Shape_Area_2": 7.66407e-06, "xcoord": 171.7841480459044, "ycoord": 6.2233595320000461 }, "geometry": { "type": "MultiPolygon", "coordinates": [ [ [ [ 171.78650596500006, 6.223936017000028 ], [ 171.786329967000029, 6.22349142500002 ], [ 171.786031630000025, 6.223242986000059 ], [ 171.785493267000106, 6.223045054000067 ], [ 171.785134117000098, 6.222989546000065 ], [ 171.784661574000097, 6.223020959000053 ], [ 171.783569822000118, 6.222760915000038 ], [ 171.782566782000117, 6.222624558000064 ], [ 171.782163635000074, 6.222448937000024 ], [ 171.781632425000112, 6.221943845000055 ], [ 171.781369145000099, 6.221801062000054 ], [ 171.780953835000105, 6.221744662000049 ], [ 171.780809676000104, 6.221896724000032 ], [ 171.780874422000124, 6.222217986000032 ], [ 171.781102288000056, 6.222621703000073 ], [ 171.781269341000097, 6.22280214400007 ], [ 171.781623123000031, 6.222890670000027 ], [ 171.781812714000012, 6.222997221000071 ], [ 171.782224804000066, 6.223476078000033 ], [ 171.782668375000071, 6.223759323000024 ], [ 171.783113731000071, 6.224179818000039 ], [ 171.783566601000075, 6.224385425000037 ], [ 171.784021259000042, 6.224686873000053 ], [ 171.784346425000081, 6.224803776000044 ], [ 171.784813246000112, 6.224842863000049 ], [ 171.785891764000098, 6.224639934000038 ], [ 171.786223010000072, 6.224506255000051 ], [ 171.786418323000021, 6.22431296000002 ], [ 171.78650596500006, 6.223936017000028 ] ] ] ] } },
{ "type": "Feature", "properties": { "ADM0_EN": "Republic of the Marshall Islands", "ADM0_PCODE": "MH", "ADM1_EN": "Mili", "ADM1_PCODE": "MH18", "ADM2_EN": "Arbar", "ADM2_PCODE": "MH1804", "Shape_Leng": 0.12549502547, "Shape_Area": 6.836671e-05, "ADM0_EN_2": "Republic of the Marshall Islands", "ADM0_PCODE_2": "MH", "ADM1_EN_2": "Mili", "ADM1_PCODE_2": "MH18", "ADM2_EN_2": "Arbar", "ADM2_PCODE_2": "MH1804", "Shape_Leng_2": 0.12549502547, "Shape_Area_2": 6.836671e-05, "xcoord": 171.79174192312388, "ycoord": 6.0528046775000632 }, "geometry": { "type": "MultiPolygon", "coordinates": [ [ [ [ 171.828214609000042, 6.044847056000037 ], [ 171.828193146000103, 6.044651265000027 ], [ 171.828128041000014, 6.044455653000057 ], [ 171.82778212900007, 6.044020879000072 ], [ 171.827392934000045, 6.04356415500007 ], [ 171.826917170000115, 6.043064237000067 ], [ 171.826506510000058, 6.042607512000075 ], [ 171.82559862200003, 6.041846661000022 ], [ 171.824798410000085, 6.04136833900003 ], [ 171.823976734000098, 6.040998711000043 ], [ 171.822593083000015, 6.040324600000076 ], [ 171.82181469000011, 6.040020295000033 ], [ 171.820993014000123, 6.039933376000022 ], [ 171.819955276000087, 6.039933376000022 ], [ 171.818549805000089, 6.039846279000074 ], [ 171.817122871000038, 6.039737584000022 ], [ 171.816409583000109, 6.039650667000046 ], [ 171.81571740000004, 6.039694216000044 ], [ 171.815133965000086, 6.039541971000062 ], [ 171.814052584000024, 6.039433281000072 ], [ 171.813079951000077, 6.039128798000036 ], [ 171.812387768000121, 6.039128798000036 ], [ 171.811717765000026, 6.039041877000045 ], [ 171.810831341000039, 6.039063651000049 ], [ 171.810182441000052, 6.039237489000072 ], [ 171.809469154000112, 6.039628893000042 ], [ 171.808950107000101, 6.040042070000027 ], [ 171.808539446000054, 6.040346374000023 ], [ 171.807631205000121, 6.040846468000041 ], [ 171.806680032000031, 6.041650871000058 ], [ 171.806052955000041, 6.042194515000062 ], [ 171.805252742000107, 6.042977141000051 ], [ 171.804560916000014, 6.043651250000039 ], [ 171.803198729000087, 6.044694813000035 ], [ 171.802182812000069, 6.045607909000069 ], [ 171.801836900000012, 6.046086229000025 ], [ 171.801447703000122, 6.046629873000029 ], [ 171.800712594000061, 6.047303806000059 ], [ 171.799739602000045, 6.048303996000072 ], [ 171.799631573000056, 6.048695400000042 ], [ 171.799458437000112, 6.049043253000036 ], [ 171.799047778000045, 6.049412879000045 ], [ 171.798550194000086, 6.049760734000074 ], [ 171.797880188000022, 6.050021670000035 ], [ 171.797253111000032, 6.050282604000074 ], [ 171.796647496000105, 6.050391297000033 ], [ 171.79606405800007, 6.050739152000062 ], [ 171.795134351000115, 6.051173924000068 ], [ 171.794031509000092, 6.051391488000036 ], [ 171.793145086000095, 6.051608875000056 ], [ 171.792518008000116, 6.051608875000056 ], [ 171.791631583000026, 6.051978503000043 ], [ 171.791069253000046, 6.052304583000023 ], [ 171.790809909000018, 6.05260906500007 ], [ 171.790701876000071, 6.053000290000057 ], [ 171.790658593000103, 6.053261226000075 ], [ 171.790247933000046, 6.053522159000067 ], [ 171.790074799000081, 6.053717772000027 ], [ 171.789664138000035, 6.054196271000023 ], [ 171.789080344000013, 6.054565897000032 ], [ 171.788518015000022, 6.054957123000065 ], [ 171.788345235000065, 6.05537030000005 ], [ 171.788215385000058, 6.055718154000033 ], [ 171.788064071000122, 6.055892171000039 ], [ 171.787480275000121, 6.056370491000052 ], [ 171.787112899000022, 6.056674797000028 ], [ 171.786875018000046, 6.056913957000063 ], [ 171.786615313000084, 6.057218441000032 ], [ 171.786183192000067, 6.057588069000076 ], [ 171.785858743000063, 6.057783679000067 ], [ 171.785707427000034, 6.058109939000076 ], [ 171.78542626300009, 6.058392469000069 ], [ 171.785166918000073, 6.058653406000076 ], [ 171.784777721000069, 6.058936114000062 ], [ 171.784647870000072, 6.059131726000032 ], [ 171.784518019000075, 6.059349113000053 ], [ 171.784172108000121, 6.059566677000021 ], [ 171.783761447000074, 6.05969714500003 ], [ 171.782723711000017, 6.060457996000025 ], [ 171.782010064000019, 6.061001640000029 ], [ 171.781188387000043, 6.061458187000028 ], [ 171.7806696990001, 6.061849590000065 ], [ 171.780042620000017, 6.062501925000049 ], [ 171.779545392000045, 6.063088942000036 ], [ 171.779285690000052, 6.063415020000036 ], [ 171.779004882000095, 6.063589036000053 ], [ 171.778702252000016, 6.063741278000066 ], [ 171.778464371000041, 6.064132682000036 ], [ 171.778269773000034, 6.064545680000037 ], [ 171.777945324000029, 6.064980630000036 ], [ 171.777837292000072, 6.065415403000031 ], [ 171.777383349000047, 6.065763256000025 ], [ 171.777166930000021, 6.066045965000058 ], [ 171.777166930000021, 6.066263351000032 ], [ 171.777296783000111, 6.066306900000029 ], [ 171.777383349000047, 6.066306900000029 ], [ 171.777534665000076, 6.066219981000074 ], [ 171.777620873000046, 6.066132884000069 ], [ 171.77792386100009, 6.065828579000026 ], [ 171.778139922000037, 6.065458952000029 ], [ 171.779912767000042, 6.06343679500003 ], [ 171.780864296000118, 6.062458377000041 ], [ 171.783156190000113, 6.060523318000037 ], [ 171.784453272000064, 6.059588272000042 ], [ 171.785447726000029, 6.058849018000046 ], [ 171.786204656000109, 6.05813153500003 ], [ 171.787588307000078, 6.05689218200007 ], [ 171.789101808000055, 6.055522542000062 ], [ 171.791523553000047, 6.053717772000027 ], [ 171.792388156000015, 6.053043839000054 ], [ 171.793253116000074, 6.052435050000042 ], [ 171.794052972000031, 6.05208719500007 ], [ 171.794896471000015, 6.051913179000053 ], [ 171.795739610000055, 6.051674021000053 ], [ 171.796388150000098, 6.051543551000066 ], [ 171.796993765000025, 6.051304393000066 ], [ 171.798312670000087, 6.050695604000055 ], [ 171.799133988000108, 6.050173912000048 ], [ 171.799825812000108, 6.049695590000056 ], [ 171.800366680000025, 6.049282412000025 ], [ 171.801188, 6.048499609000032 ], [ 171.801728510000089, 6.048064837000027 ], [ 171.802658217000044, 6.047325580000063 ], [ 171.804885364000029, 6.045586311000022 ], [ 171.80689609500007, 6.044238267000026 ], [ 171.809555363000072, 6.042477045000055 ], [ 171.811328567000032, 6.04149880600005 ], [ 171.812820249000083, 6.040868244000023 ], [ 171.813923090000117, 6.04065085600007 ], [ 171.814982292000082, 6.04065085600007 ], [ 171.815566086000103, 6.040737777000061 ], [ 171.815847253000015, 6.040824695000026 ], [ 171.816085133000115, 6.040824695000026 ], [ 171.816452509000101, 6.040716002000067 ], [ 171.816712211000095, 6.040824695000026 ], [ 171.817014841000059, 6.040911615000027 ], [ 171.817382572000042, 6.040846468000041 ], [ 171.81777141200007, 6.040846468000041 ], [ 171.817987831000096, 6.040955164000025 ], [ 171.818247177000103, 6.041129179000052 ], [ 171.818528343000025, 6.041172547000031 ], [ 171.819458050000094, 6.04119432300007 ], [ 171.820625638000024, 6.041172547000031 ], [ 171.821533525000063, 6.04119432300007 ], [ 171.822225708000019, 6.04138993600003 ], [ 171.822787681000023, 6.041629095000076 ], [ 171.823176878000027, 6.041890030000047 ], [ 171.823522791000073, 6.042042271000071 ], [ 171.823933449000037, 6.042390127000033 ], [ 171.824365930000113, 6.042955366000058 ], [ 171.824993008000092, 6.043281624000031 ], [ 171.825684834000072, 6.043520783000076 ], [ 171.826593077000098, 6.043912008000063 ], [ 171.827133588000038, 6.044172944000024 ], [ 171.827652636000039, 6.044781733000036 ], [ 171.827955264000025, 6.045020893000071 ], [ 171.828149862000032, 6.045064443000058 ], [ 171.828214609000042, 6.044847056000037 ] ] ] ] } },
{ "type": "Feature", "properties": { "ADM0_EN": "Republic of the Marshall Islands", "ADM0_PCODE": "MH", "ADM1_EN": "Mili", "ADM1_PCODE": "MH18", "ADM2_EN": "Bar", "ADM2_PCODE": "MH1811", "Shape_Leng": 0.02445272517, "Shape_Area": 1.360905e-05, "ADM0_EN_2": "Republic of the Marshall Islands", "ADM0_PCODE_2": "MH", "ADM1_EN_2": "Mili", "ADM1_PCODE_2": "MH18", "ADM2_EN_2": "Bar", "ADM2_PCODE_2": "MH1811", "Shape_Leng_2": 0.02445272517, "Shape_Area_2": 1.360905e-05, "xcoord": 171.8131650867652, "ycoord": 6.2331291135000697 }, "geometry": { "type": "MultiPolygon", "coordinates": [ [ [ [ 171.817603468000016, 6.235083091000035 ], [ 171.817405295000071, 6.234822870000073 ], [ 171.816582545000074, 6.23451213900006 ], [ 171.815768739000077, 6.233875865000073 ], [ 171.8148472580001, 6.233402004000027 ], [ 171.814039176000051, 6.232846404000043 ], [ 171.8134975910001, 6.232406810000043 ], [ 171.81305545400005, 6.231859955000061 ], [ 171.812531756000112, 6.231386096000051 ], [ 171.81183313400004, 6.230891175000068 ], [ 171.810708112000043, 6.230253118000064 ], [ 171.810274917000015, 6.230139426000051 ], [ 171.80976231000011, 6.230278639000062 ], [ 171.809377405000077, 6.230578841000067 ], [ 171.808908437000014, 6.231119270000022 ], [ 171.808867300000088, 6.231549224000048 ], [ 171.809044012000072, 6.232032008000033 ], [ 171.809287261000122, 6.232328105000022 ], [ 171.809773756000027, 6.232631337000043 ], [ 171.810048841000025, 6.232675780000022 ], [ 171.810549644000048, 6.232600995000041 ], [ 171.811194251000074, 6.232334886000046 ], [ 171.811705787000051, 6.23201255500004 ], [ 171.811857100000111, 6.231999704000032 ], [ 171.811995180000054, 6.232123389000037 ], [ 171.812053130000095, 6.232325426000045 ], [ 171.811862824000059, 6.233030771000074 ], [ 171.811896808000029, 6.233227456000066 ], [ 171.812040611000043, 6.233414143000061 ], [ 171.812774288000014, 6.233582803000047 ], [ 171.813156330000083, 6.233889963000024 ], [ 171.813356651000049, 6.233968495000056 ], [ 171.813925063000056, 6.23397527700007 ], [ 171.814602581000031, 6.233820179000077 ], [ 171.814930608000054, 6.233835529000032 ], [ 171.81517779100011, 6.233935120000069 ], [ 171.815295479000042, 6.234061661000055 ], [ 171.815419249000115, 6.234389882000073 ], [ 171.815512614000113, 6.235733286000027 ], [ 171.815683601000046, 6.235936217000074 ], [ 171.816001614000015, 6.236132719000068 ], [ 171.816284567000025, 6.236249087000033 ], [ 171.816460206000102, 6.236249980000025 ], [ 171.81665909600008, 6.236078998000039 ], [ 171.817023253000116, 6.23550840300004 ], [ 171.817133788000092, 6.235431123000069 ], [ 171.817484709000041, 6.235355984000023 ], [ 171.817578430000026, 6.235263531000044 ], [ 171.817603468000016, 6.235083091000035 ] ] ] ] } },
{ "type": "Feature", "properties": { "ADM0_EN": "Republic of the Marshall Islands", "ADM0_PCODE": "MH", "ADM1_EN": "Mili", "ADM1_PCODE": "MH18", "ADM2_EN": "Enejet", "ADM2_PCODE": "MH1803", "Shape_Leng": 0.29747179625999998, "Shape_Area": 0.0001732785, "ADM0_EN_2": "Republic of the Marshall Islands", "ADM0_PCODE_2": "MH", "ADM1_EN_2": "Mili", "ADM1_PCODE_2": "MH18", "ADM2_EN_2": "Enejet", "ADM2_PCODE_2": "MH1803", "Shape_Leng_2": 0.29747179625999998, "Shape_Area_2": 0.0001732785, "xcoord": 171.94839031774538, "ycoord": 6.0346592595000459 }, "geometry": { "type": "MultiPolygon", "coordinates": [ [ [ [ 172.058471377000046, 6.016371774000049 ], [ 172.058193789000029, 6.016092633000028 ], [ 172.057823553000048, 6.015844371000071 ], [ 172.057700140000065, 6.015596286000061 ], [ 172.057700140000065, 6.015068883000026 ], [ 172.057453315000089, 6.01457253500007 ], [ 172.057144964000031, 6.014541481000037 ], [ 172.056126900000095, 6.014944841000045 ], [ 172.055447952000122, 6.015130993000071 ], [ 172.054862012000058, 6.015379078000024 ], [ 172.053967003000025, 6.015503121000052 ], [ 172.052517174000059, 6.015751383000065 ], [ 172.051406464000024, 6.016185620000044 ], [ 172.050635225000065, 6.016433883000047 ], [ 172.049894749000032, 6.016681966000021 ], [ 172.049493749000021, 6.016992162000065 ], [ 172.048722510000061, 6.017333412000028 ], [ 172.046840560000078, 6.018202065000025 ], [ 172.044526845000064, 6.019194761000051 ], [ 172.043323844000042, 6.020125346000043 ], [ 172.042089718000057, 6.020901011000035 ], [ 172.040762944000107, 6.021490345000075 ], [ 172.039251590000049, 6.021924583000043 ], [ 172.037092051000059, 6.02322765100007 ], [ 172.033759914000029, 6.025150931000042 ], [ 172.031569612000112, 6.026546985000039 ], [ 172.029132484000115, 6.028067084000043 ], [ 172.026849533000018, 6.029307862000053 ], [ 172.025245171000051, 6.030176515000051 ], [ 172.023887992000027, 6.030890072000034 ], [ 172.023239809000074, 6.031634502000031 ], [ 172.021759217000067, 6.032472100000064 ], [ 172.020062208000013, 6.033185656000057 ], [ 172.017655841000078, 6.033961322000039 ], [ 172.015496304000067, 6.034488724000028 ], [ 172.0130899400001, 6.034891906000041 ], [ 172.010930402000099, 6.035264211000026 ], [ 172.008524396000098, 6.036132863000034 ], [ 172.006395620000035, 6.036939406000045 ], [ 172.003896608000105, 6.037901046000059 ], [ 172.002539071000115, 6.038180365000073 ], [ 172.000903945000118, 6.038831810000033 ], [ 171.99976282700004, 6.039017962000059 ], [ 171.99704775500004, 6.039917669000033 ], [ 171.995351100000107, 6.040258919000053 ], [ 171.992759438000121, 6.040289797000071 ], [ 171.990692548000084, 6.040258919000053 ], [ 171.989643721000107, 6.040227865000077 ], [ 171.988563773000124, 6.039793448000069 ], [ 171.986280822000026, 6.039607297000032 ], [ 171.985416936000092, 6.039607297000032 ], [ 171.984954407000032, 6.039762572000029 ], [ 171.983967108000115, 6.039917669000033 ], [ 171.983566106000012, 6.040041713000051 ], [ 171.982578808000085, 6.039948546000062 ], [ 171.979709914000068, 6.039452198000049 ], [ 171.978043668000055, 6.039017962000059 ], [ 171.977581138000119, 6.039017962000059 ], [ 171.975606541000047, 6.038552669000069 ], [ 171.973447001000068, 6.03793210200007 ], [ 171.971133285000064, 6.037156614000025 ], [ 171.969343985000023, 6.03631901600005 ], [ 171.96749279800008, 6.03541930800003 ], [ 171.96632055900011, 6.034612766000066 ], [ 171.964839609000023, 6.03368200400007 ], [ 171.963976081000055, 6.033030558000064 ], [ 171.963081430000102, 6.032627196000021 ], [ 171.962094129000093, 6.032006808000062 ], [ 171.961353656000028, 6.03197575300004 ], [ 171.959996119000039, 6.032192960000032 ], [ 171.958515527000031, 6.032689308000045 ], [ 171.957127226000011, 6.033061614000076 ], [ 171.955399453000041, 6.033402864000038 ], [ 171.953548266000098, 6.033433918000071 ], [ 171.951327200000037, 6.033185656000057 ], [ 171.950000785000043, 6.032937571000048 ], [ 171.948303774000124, 6.032999504000031 ], [ 171.946576356000037, 6.034240462000071 ], [ 171.944293405000053, 6.036008822000042 ], [ 171.943306106000023, 6.036784308000051 ], [ 171.942195395000113, 6.037590851000061 ], [ 171.941887040000097, 6.038273353000022 ], [ 171.941485682000121, 6.039142005000031 ], [ 171.940622155000028, 6.040258919000053 ], [ 171.939912443000026, 6.041313547000073 ], [ 171.939017791000083, 6.042957865000062 ], [ 171.938123142000109, 6.044322866000073 ], [ 171.937259254000082, 6.045532767000054 ], [ 171.937012429000106, 6.046091225000055 ], [ 171.936734841000089, 6.046525463000023 ], [ 171.935377305000088, 6.048138726000047 ], [ 171.934914776000028, 6.048883336000074 ], [ 171.933372297000119, 6.050496423000027 ], [ 171.932107411000061, 6.05164439400005 ], [ 171.930503049000095, 6.053226601000063 ], [ 171.929793338000081, 6.05409525400006 ], [ 171.929515748000085, 6.054560545000072 ], [ 171.929731810000021, 6.054715643000065 ], [ 171.930132810000032, 6.054498614000067 ], [ 171.930410398000049, 6.054343335000056 ], [ 171.930687989000035, 6.054343335000056 ], [ 171.930811401000028, 6.054591603000063 ], [ 171.931058226000118, 6.054715643000065 ], [ 171.931305051000095, 6.054467558000056 ], [ 171.931551876000071, 6.053785059000063 ], [ 171.931490348000125, 6.053288532000067 ], [ 171.931582640000101, 6.052792183000065 ], [ 171.932230823000054, 6.052016696000067 ], [ 171.933403060000046, 6.050868726000033 ], [ 171.934914776000028, 6.049410741000031 ], [ 171.937290017000123, 6.04727007300005 ], [ 171.939634855000122, 6.044633059000034 ], [ 171.942010454000069, 6.041996225000048 ], [ 171.944509110000013, 6.039514309000026 ], [ 171.945681350000086, 6.03833546200002 ], [ 171.947625184000117, 6.036753253000029 ], [ 171.949167660000057, 6.035574406000023 ], [ 171.950370664000047, 6.03486084900004 ], [ 171.951234550000095, 6.034395558000028 ], [ 171.952406791000044, 6.034333448000041 ], [ 171.953517501000078, 6.034395558000028 ], [ 171.954474038000058, 6.034364504000052 ], [ 171.955461337000088, 6.034240462000071 ], [ 171.956880402000024, 6.034147474000065 ], [ 171.958484405000036, 6.034240462000071 ], [ 171.959965355000122, 6.034054308000066 ], [ 171.961507831000063, 6.034240462000071 ], [ 171.963790782000046, 6.034705753000026 ], [ 171.96570349600006, 6.035791614000061 ], [ 171.968356685000117, 6.037125557000024 ], [ 171.969560047000073, 6.037715072000026 ], [ 171.970546989000013, 6.037963157000036 ], [ 171.971256699000037, 6.038149308000072 ], [ 171.971441639000091, 6.03833546200002 ], [ 171.972027936000018, 6.038397573000054 ], [ 171.97276841300004, 6.038583545000051 ], [ 171.973447001000068, 6.038862864000066 ], [ 171.974187476000111, 6.039173059000063 ], [ 171.974866065000015, 6.039328157000057 ], [ 171.975760715000092, 6.039452198000049 ], [ 171.976130955000031, 6.03957641900007 ], [ 171.976655369000014, 6.03957641900007 ], [ 171.977642667000055, 6.039793448000069 ], [ 171.978938318000019, 6.039979602000074 ], [ 171.980635329000052, 6.040289797000071 ], [ 171.982239334000042, 6.040538058000038 ], [ 171.983566106000012, 6.040693157000021 ], [ 171.985015935000092, 6.041034406000051 ], [ 171.986219296000058, 6.04122055800002 ], [ 171.987669124000035, 6.04122055800002 ], [ 171.989242722000085, 6.041034406000051 ], [ 171.991957436000121, 6.041065462000063 ], [ 171.993839387000094, 6.04122055800002 ], [ 171.99507351200009, 6.041282671000033 ], [ 171.995536040000047, 6.041034406000051 ], [ 171.996554102000118, 6.040693157000021 ], [ 171.997294579000027, 6.040507005000052 ], [ 171.997973168000044, 6.040507005000052 ], [ 171.998436054000081, 6.040475948000051 ], [ 171.999454118000017, 6.039917669000033 ], [ 172.000903945000118, 6.039483253000071 ], [ 172.001953128000082, 6.039049017000025 ], [ 172.003032720000078, 6.038831810000033 ], [ 172.004143433000081, 6.038862864000066 ], [ 172.005593259000079, 6.038366517000043 ], [ 172.006487910000033, 6.038087198000028 ], [ 172.007321035000018, 6.037684017000061 ], [ 172.007629387000065, 6.037404697000056 ], [ 172.008369862000109, 6.037342767000041 ], [ 172.008740099000079, 6.037373822000063 ], [ 172.008956158000046, 6.037187669000048 ], [ 172.00948057100004, 6.036970462000056 ], [ 172.010560523000095, 6.036567102000049 ], [ 172.011886937000099, 6.036039698000025 ], [ 172.012504001000025, 6.035946713000044 ], [ 172.012905, 6.035636516000068 ], [ 172.013491300000055, 6.035605462000035 ], [ 172.014015713000049, 6.035450364000042 ], [ 172.014817715000049, 6.03532632100007 ], [ 172.015650839000045, 6.035047004000035 ], [ 172.016915725000104, 6.034954017000075 ], [ 172.017532429000084, 6.034891906000041 ], [ 172.018519730000094, 6.034519600000067 ], [ 172.019383617000017, 6.034240462000071 ], [ 172.020525092000071, 6.033775169000023 ], [ 172.021234803000084, 6.03330969700005 ], [ 172.022407042000054, 6.032937571000048 ], [ 172.023764581000023, 6.032348058000025 ], [ 172.024906056000077, 6.032006808000062 ], [ 172.025522761000047, 6.03151046000005 ], [ 172.026942183000074, 6.030766028000073 ], [ 172.028669598000079, 6.029897377000054 ], [ 172.029718426000045, 6.02927680800002 ], [ 172.031446199000015, 6.028160070000069 ], [ 172.033142852000083, 6.026950168000042 ], [ 172.034716450000019, 6.025988527000038 ], [ 172.038665292000019, 6.023692943000071 ], [ 172.040177004000043, 6.022607083000025 ], [ 172.04125659400006, 6.021955638000065 ], [ 172.041935542000033, 6.021459290000053 ], [ 172.042521482000097, 6.021273137000037 ], [ 172.043077018000076, 6.021211205000043 ], [ 172.04360143100007, 6.021149095000055 ], [ 172.043848255000057, 6.021242261000054 ], [ 172.044187372000124, 6.021149095000055 ], [ 172.044465317000117, 6.020683804000043 ], [ 172.044742907000114, 6.020342553000035 ], [ 172.044989731000101, 6.020156401000065 ], [ 172.04520543600006, 6.020156401000065 ], [ 172.045483381000054, 6.019815151000046 ], [ 172.045945910000114, 6.019473901000026 ], [ 172.046470324000097, 6.019411966000064 ], [ 172.04714927100008, 6.019194761000051 ], [ 172.047858623000025, 6.018915621000076 ], [ 172.048815159000014, 6.018574371000057 ], [ 172.049956633000079, 6.018078022000054 ], [ 172.050697110000101, 6.017736773000024 ], [ 172.051005461000045, 6.017581675000031 ], [ 172.051283051000041, 6.017581675000031 ], [ 172.051684410000121, 6.017488511000067 ], [ 172.05186935100005, 6.017302357000062 ], [ 172.051961997000035, 6.01711638300003 ], [ 172.052208823000115, 6.017085326000029 ], [ 172.052424527000085, 6.017209371000035 ], [ 172.052825886000051, 6.017178315000024 ], [ 172.053442590000031, 6.016961108000032 ], [ 172.054183065000075, 6.016775134000056 ], [ 172.054553302000045, 6.016526870000064 ], [ 172.054954304000034, 6.016402826000046 ], [ 172.055231892000052, 6.016092633000028 ], [ 172.055725540000026, 6.016185620000044 ], [ 172.056034251000028, 6.016278785000054 ], [ 172.056592289000037, 6.016978241000061 ], [ 172.056651313000089, 6.017333412000028 ], [ 172.056805489000112, 6.017736773000024 ], [ 172.056805489000112, 6.018078022000054 ], [ 172.057052315000078, 6.018388216000062 ], [ 172.057576726000093, 6.018419273000063 ], [ 172.057946967000021, 6.018326106000075 ], [ 172.058286439000085, 6.017767827000057 ], [ 172.058317202000012, 6.01711638300003 ], [ 172.058347966000042, 6.016620035000074 ], [ 172.058471377000046, 6.016371774000049 ] ] ] ] } },
{ "type": "Feature", "properties": { "ADM0_EN": "Republic of the Marshall Islands", "ADM0_PCODE": "MH", "ADM1_EN": "Mili", "ADM1_PCODE": "MH18", "ADM2_EN": "Jabonar", "ADM2_PCODE": "MH1812", "Shape_Leng": 0.02694383879, "Shape_Area": 1.786649e-05, "ADM0_EN_2": "Republic of the Marshall Islands", "ADM0_PCODE_2": "MH", "ADM1_EN_2": "Mili", "ADM1_PCODE_2": "MH18", "ADM2_EN_2": "Jabonar", "ADM2_PCODE_2": "MH1812", "Shape_Leng_2": 0.02694383879, "Shape_Area_2": 1.786649e-05, "xcoord": 171.88463718222405, "ycoord": 6.2376397380000412 }, "geometry": { "type": "MultiPolygon", "coordinates": [ [ [ [ 171.893379476000064, 6.239738106000061 ], [ 171.893251055000064, 6.239544456000033 ], [ 171.892865794000045, 6.239253894000058 ], [ 171.892159661000051, 6.239092549000077 ], [ 171.891004593000048, 6.238995637000073 ], [ 171.889463903000092, 6.238866419000033 ], [ 171.888533482000071, 6.238672770000051 ], [ 171.887538312000061, 6.238511426000059 ], [ 171.887089019000086, 6.238123950000045 ], [ 171.886479468000061, 6.23760743400004 ], [ 171.885644915000057, 6.236961699000062 ], [ 171.885324042000093, 6.236606528000038 ], [ 171.884874749000119, 6.236348271000054 ], [ 171.883623098000044, 6.235347545000025 ], [ 171.88330222400009, 6.234992373000068 ], [ 171.882852931000116, 6.23505698200006 ], [ 171.882532060000017, 6.235153896000043 ], [ 171.882082766000053, 6.235218327000041 ], [ 171.882082766000053, 6.236380575000055 ], [ 171.882371444000114, 6.237252263000073 ], [ 171.882788899000047, 6.237672042000042 ], [ 171.88330222400009, 6.237930299000027 ], [ 171.884233003000077, 6.238285294000036 ], [ 171.885420269000065, 6.238479121000069 ], [ 171.885997982000049, 6.238834115000031 ], [ 171.886768147000112, 6.239189286000055 ], [ 171.88766673300006, 6.239673497000069 ], [ 171.888533482000071, 6.24012558000004 ], [ 171.889207420000048, 6.240190190000021 ], [ 171.890940202000024, 6.240190190000021 ], [ 171.891870982000114, 6.240286925000021 ], [ 171.892320275000088, 6.240319229000022 ], [ 171.893026410000061, 6.240190190000021 ], [ 171.893282893000105, 6.239964059000044 ], [ 171.893379476000064, 6.239738106000061 ] ] ] ] } },
{ "type": "Feature", "properties": { "ADM0_EN": "Republic of the Marshall Islands", "ADM0_PCODE": "MH", "ADM1_EN": "Mili", "ADM1_PCODE": "MH18", "ADM2_EN": "Lukonwod", "ADM2_PCODE": "MH1802", "Shape_Leng": 0.02505481587, "Shape_Area": 2.16869e-05, "ADM0_EN_2": "Republic of the Marshall Islands", "ADM0_PCODE_2": "MH", "ADM1_EN_2": "Mili", "ADM1_PCODE_2": "MH18", "ADM2_EN_2": "Lukonwod", "ADM2_PCODE_2": "MH1802", "Shape_Leng_2": 0.02505481587, "Shape_Area_2": 2.16869e-05, "xcoord": 172.06303900922114, "ycoord": 6.0119708895000485 }, "geometry": { "type": "MultiPolygon", "coordinates": [ [ [ [ 172.069568787000094, 6.008584803000076 ], [ 172.069320888000107, 6.00833547000002 ], [ 172.06872171100008, 6.00816930700006 ], [ 172.068163672000082, 6.008252299000048 ], [ 172.06737884000006, 6.008584803000076 ], [ 172.066283868000028, 6.009104174000072 ], [ 172.065230033000034, 6.009519672000067 ], [ 172.064155808000123, 6.009872702000052 ], [ 172.063164217000121, 6.010288197000023 ], [ 172.062420164000059, 6.010662110000055 ], [ 172.061821347000091, 6.011202363000052 ], [ 172.061139537000031, 6.011700852000047 ], [ 172.060850145000018, 6.012178638000023 ], [ 172.060767511000108, 6.012739595000028 ], [ 172.060870889000057, 6.013051217000054 ], [ 172.061118788000044, 6.013321255000051 ], [ 172.061345939000034, 6.013591292000058 ], [ 172.061366688000021, 6.014006790000053 ], [ 172.061284055000101, 6.014442989000031 ], [ 172.061284055000101, 6.014920954000047 ], [ 172.061284055000101, 6.015336452000042 ], [ 172.061573448000104, 6.015689480000049 ], [ 172.062089632000038, 6.015834939000058 ], [ 172.062606177000021, 6.015648072000033 ], [ 172.062895571000013, 6.015190991000054 ], [ 172.063143469000124, 6.01469232200003 ], [ 172.063701150000043, 6.013819922000039 ], [ 172.064507087000038, 6.012801884000055 ], [ 172.065250780000042, 6.011763141000074 ], [ 172.065932591000092, 6.011015319000023 ], [ 172.066779665000013, 6.010184323000033 ], [ 172.068039902000123, 6.009394916000076 ], [ 172.069300141000099, 6.008896426000035 ], [ 172.069568787000094, 6.008584803000076 ] ] ] ] } },
{ "type": "Feature", "properties": { "ADM0_EN": "Republic of the Marshall Islands", "ADM0_PCODE": "MH", "ADM1_EN": "Mili", "ADM1_PCODE": "MH18", "ADM2_EN": "Mili", "ADM2_PCODE": "MH1805", "Shape_Leng": 0.1264195664, "Shape_Area": 0.00025374896, "ADM0_EN_2": "Republic of the Marshall Islands", "ADM0_PCODE_2": "MH", "ADM1_EN_2": "Mili", "ADM1_PCODE_2": "MH18", "ADM2_EN_2": "Mili", "ADM2_PCODE_2": "MH1805", "Shape_Leng_2": 0.1264195664, "Shape_Area_2": 0.00025374896, "xcoord": 171.73207494498223, "ycoord": 6.0917857220000542 }, "geometry": { "type": "MultiPolygon", "coordinates": [ [ [ [ 171.762546956000051, 6.073099874000036 ], [ 171.762404942000103, 6.073099874000036 ], [ 171.761908072000097, 6.073218918000066 ], [ 171.761482032000117, 6.073290308000026 ], [ 171.761174038000036, 6.073314046000064 ], [ 171.760582373000034, 6.073528398000064 ], [ 171.759730289000117, 6.07371865600004 ], [ 171.758452167000087, 6.073956746000022 ], [ 171.757884112000056, 6.074052054000049 ], [ 171.75748167900008, 6.074361356000054 ], [ 171.756629597000028, 6.074575709000044 ], [ 171.755588283000066, 6.074789881000072 ], [ 171.754901823000068, 6.074908926000035 ], [ 171.754309803000069, 6.074932663000027 ], [ 171.753907726000079, 6.075123100000042 ], [ 171.753268486000024, 6.075599279000073 ], [ 171.75258202800012, 6.075837191000062 ], [ 171.75201397100011, 6.07614667100006 ], [ 171.75130390400011, 6.076170410000032 ], [ 171.750806676000025, 6.076170410000032 ], [ 171.750499041000012, 6.076289455000051 ], [ 171.750025780000101, 6.07643241300002 ], [ 171.749339321000093, 6.076551281000036 ], [ 171.748652861000096, 6.076646587000027 ], [ 171.748061198000073, 6.076622672000042 ], [ 171.747493143000042, 6.076646587000027 ], [ 171.74699591600006, 6.077027461000057 ], [ 171.746309457000052, 6.077336941000056 ], [ 171.745599385000105, 6.077455807000035 ], [ 171.744770915000117, 6.077503461000049 ], [ 171.743705989000091, 6.07752720000002 ], [ 171.742806331000111, 6.07752720000002 ], [ 171.741244180000081, 6.077574852000055 ], [ 171.739516404000028, 6.07752720000002 ], [ 171.738167095000108, 6.077455807000035 ], [ 171.73693654900012, 6.077265372000056 ], [ 171.735682035000082, 6.07731302600007 ], [ 171.733764669000038, 6.077241634000075 ], [ 171.732581341000014, 6.07738441500004 ], [ 171.730924395000102, 6.077598770000066 ], [ 171.729007030000048, 6.077503461000049 ], [ 171.728084121000052, 6.077432070000043 ], [ 171.726971620000086, 6.077432070000043 ], [ 171.726285159000099, 6.077574852000055 ], [ 171.725953557000025, 6.077836681000065 ], [ 171.725480295000125, 6.078265205000037 ], [ 171.725077866000106, 6.078741208000054 ], [ 171.724651824000034, 6.079098341000076 ], [ 171.72455702700006, 6.079598259000022 ], [ 171.7245809960001, 6.079931478000049 ], [ 171.7245809960001, 6.080407476000062 ], [ 171.724533420000057, 6.080931131000057 ], [ 171.72446259000003, 6.08145478800003 ], [ 171.724509809000097, 6.081740530000047 ], [ 171.724628214000063, 6.082002359000057 ], [ 171.725101474000098, 6.082311840000045 ], [ 171.725527515000067, 6.082549929000038 ], [ 171.725764324000124, 6.08295453900007 ], [ 171.725764324000124, 6.08374002100004 ], [ 171.726095570000098, 6.085287247000053 ], [ 171.726474394000093, 6.086786998000036 ], [ 171.72687682600008, 6.087953352000056 ], [ 171.727444879000018, 6.089119706000076 ], [ 171.728273353000077, 6.09100015100006 ], [ 171.729078216000062, 6.093356774000029 ], [ 171.729811894000022, 6.09580870700006 ], [ 171.729977518000055, 6.096380015000022 ], [ 171.730190718000017, 6.097927241000036 ], [ 171.730474743000059, 6.099902994000047 ], [ 171.730663978000052, 6.100902828000073 ], [ 171.730829599000117, 6.10152178900006 ], [ 171.731019190000097, 6.102045444000055 ], [ 171.73106640900005, 6.102783272000067 ], [ 171.731113628000116, 6.103902152000046 ], [ 171.73106640900005, 6.104402070000049 ], [ 171.731042800000068, 6.104854332000059 ], [ 171.731208424000101, 6.105687467000052 ], [ 171.731587246000117, 6.106687302000068 ], [ 171.731942101000072, 6.108139399000038 ], [ 171.732202519000111, 6.109448714000052 ], [ 171.732320924000078, 6.110091414000067 ], [ 171.732486547000121, 6.110186542000065 ], [ 171.732581341000014, 6.110091414000067 ], [ 171.732581341000014, 6.109900977000052 ], [ 171.732699745000104, 6.109258278000027 ], [ 171.732723355000076, 6.10854401000006 ], [ 171.732794183000124, 6.106544518000021 ], [ 171.732888979000109, 6.103997459000027 ], [ 171.733149395000055, 6.100426647000063 ], [ 171.733480641000028, 6.09856994200004 ], [ 171.734237929000074, 6.095880098000066 ], [ 171.73461675100009, 6.094689827000025 ], [ 171.735303212000076, 6.092571293000049 ], [ 171.736273699000094, 6.090071887000022 ], [ 171.737149390000013, 6.088000826000041 ], [ 171.738167095000108, 6.085882291000075 ], [ 171.738948350000101, 6.084478027000046 ], [ 171.740037241000095, 6.082859231000043 ], [ 171.740912932000015, 6.081645224000056 ], [ 171.742309462000094, 6.080240957000058 ], [ 171.743753207000054, 6.079003035000028 ], [ 171.744842099000039, 6.078146160000074 ], [ 171.745623352000052, 6.077622505000022 ], [ 171.746546264000017, 6.077551116000052 ], [ 171.74716189600008, 6.077479725000046 ], [ 171.748700081000038, 6.077336941000056 ], [ 171.750499041000012, 6.076908416000038 ], [ 171.75158793200012, 6.076741716000072 ], [ 171.752937239000062, 6.076241979000031 ], [ 171.754499391000081, 6.075694407000071 ], [ 171.755990356000098, 6.075242144000072 ], [ 171.757102857000064, 6.074956580000048 ], [ 171.757694880000031, 6.074742228000048 ], [ 171.758380980000084, 6.074718490000066 ], [ 171.759446262000097, 6.074337618000072 ], [ 171.760984805000021, 6.07393300800004 ], [ 171.76197890100002, 6.07348074500004 ], [ 171.762476128000117, 6.073218918000066 ], [ 171.762546956000051, 6.073099874000036 ] ] ] ] } },
{ "type": "Feature", "properties": { "ADM0_EN": "Republic of the Marshall Islands", "ADM0_PCODE": "MH", "ADM1_EN": "Mili", "ADM1_PCODE": "MH18", "ADM2_EN": "Nad", "ADM2_PCODE": "MH1806", "Shape_Leng": 0.06858715668, "Shape_Area": 2.755249e-05, "ADM0_EN_2": "Republic of the Marshall Islands", "ADM0_PCODE_2": "MH", "ADM1_EN_2": "Mili", "ADM1_PCODE_2": "MH18", "ADM2_EN_2": "Nad", "ADM2_PCODE_2": "MH1806", "Shape_Leng_2": 0.06858715668, "Shape_Area_2": 2.755249e-05, "xcoord": 171.7257274620423, "ycoord": 6.1637598495000532 }, "geometry": { "type": "MultiPolygon", "coordinates": [ [ [ [ 171.73023602000012, 6.151891951000039 ], [ 171.73023602000012, 6.150859991000061 ], [ 171.729676550000022, 6.152454871000032 ], [ 171.729023357000074, 6.153862170000025 ], [ 171.728743623000014, 6.155175590000056 ], [ 171.727997425000012, 6.15733338900003 ], [ 171.727064856000084, 6.159022150000055 ], [ 171.725665466000123, 6.161086071000057 ], [ 171.725012633000119, 6.162680950000038 ], [ 171.724825904000113, 6.164838749000069 ], [ 171.724825904000113, 6.16718430700007 ], [ 171.724825904000113, 6.168685486000072 ], [ 171.724919268000122, 6.169811327000048 ], [ 171.724919268000122, 6.171406206000029 ], [ 171.725105998000117, 6.173845466000046 ], [ 171.725292367000065, 6.176753944000041 ], [ 171.725572102000115, 6.173657885000068 ], [ 171.726131929000076, 6.167278188000068 ], [ 171.726691756000037, 6.162399488000062 ], [ 171.727064856000084, 6.160147809000023 ], [ 171.728370525000059, 6.158271471000035 ], [ 171.729489820000026, 6.155926088000058 ], [ 171.729769557000054, 6.154800250000051 ], [ 171.729769557000054, 6.153299251000021 ], [ 171.73023602000012, 6.151891951000039 ] ] ], [ [ [ 171.725199003000057, 6.183227702000067 ], [ 171.725199003000057, 6.182007981000027 ], [ 171.725105998000117, 6.180600683000023 ], [ 171.725199003000057, 6.178349003000051 ], [ 171.72473289900006, 6.179756302000044 ], [ 171.724452805000055, 6.181257482000035 ], [ 171.724266433000025, 6.182477199000061 ], [ 171.72417307000012, 6.183696919000056 ], [ 171.724452805000055, 6.185573258000034 ], [ 171.724825904000113, 6.184353540000075 ], [ 171.725199003000057, 6.183227702000067 ] ] ] ] } },
{ "type": "Feature", "properties": { "ADM0_EN": "Republic of the Marshall Islands", "ADM0_PCODE": "MH", "ADM1_EN": "Mili", "ADM1_PCODE": "MH18", "ADM2_EN": "Nadikdik", "ADM2_PCODE": "MH1813", "Shape_Leng": 0.05175624607, "Shape_Area": 2.597874e-05, "ADM0_EN_2": "Republic of the Marshall Islands", "ADM0_PCODE_2": "MH", "ADM1_EN_2": "Mili", "ADM1_PCODE_2": "MH18", "ADM2_EN_2": "Nadikdik", "ADM2_PCODE_2": "MH1813", "Shape_Leng_2": 0.05175624607, "Shape_Area_2": 2.597874e-05, "xcoord": 172.16012267611072, "ycoord": 5.8908351295000614 }, "geometry": { "type": "MultiPolygon", "coordinates": [ [ [ [ 172.166200358000083, 5.881725252000024 ], [ 172.16615957800002, 5.881519645000026 ], [ 172.165832267000042, 5.881519645000026 ], [ 172.165300342000023, 5.882095415000038 ], [ 172.164523023000015, 5.883164678000071 ], [ 172.1642364920001, 5.883699397000044 ], [ 172.16407301400011, 5.884151839000026 ], [ 172.16362300500009, 5.88476866000002 ], [ 172.162231844000075, 5.886043708000045 ], [ 172.161086434000026, 5.887565411000026 ], [ 172.159899883000094, 5.889251671000068 ], [ 172.159245619000103, 5.89048549000006 ], [ 172.159081786000115, 5.891513702000054 ], [ 172.158959088000074, 5.89241858500003 ], [ 172.158754473000045, 5.893364521000024 ], [ 172.157649843000058, 5.894516059000068 ], [ 172.156504433000123, 5.895955664000041 ], [ 172.155359022000084, 5.896737041000051 ], [ 172.154335950000018, 5.897559647000037 ], [ 172.15331323700002, 5.898135418000038 ], [ 172.152331303000096, 5.898670138000057 ], [ 172.151595122000117, 5.899204857000029 ], [ 172.150899719000108, 5.900027284000032 ], [ 172.150531271000091, 5.900438677000068 ], [ 172.151145115000077, 5.90023307000007 ], [ 172.151308591000088, 5.899903957000049 ], [ 172.152290524000023, 5.899040300000024 ], [ 172.153027064000071, 5.89879346500004 ], [ 172.153885944000081, 5.898464529000023 ], [ 172.154581703000076, 5.897641926000063 ], [ 172.156013646000019, 5.896737041000051 ], [ 172.156586351000101, 5.896531435000043 ], [ 172.156749827000112, 5.896202321000032 ], [ 172.15691366100009, 5.895791107000036 ], [ 172.157609063000109, 5.895009730000027 ], [ 172.158263687000044, 5.894269405000045 ], [ 172.158836391000023, 5.893858012000067 ], [ 172.159736408000072, 5.893693454000072 ], [ 172.160145637000028, 5.893323470000041 ], [ 172.160309114000029, 5.892541915000038 ], [ 172.160759121000069, 5.891184769000063 ], [ 172.161700275000044, 5.890074276000064 ], [ 172.162354539000034, 5.889292900000044 ], [ 172.163213777000124, 5.888305737000053 ], [ 172.16431840700011, 5.887195247000022 ], [ 172.165054947000044, 5.886578428000064 ], [ 172.165177644000096, 5.885467935000065 ], [ 172.165218424000045, 5.88435744700007 ], [ 172.165177644000096, 5.883534841000028 ], [ 172.165423040000064, 5.882712413000036 ], [ 172.165750350000053, 5.882218744000056 ], [ 172.166200358000083, 5.881725252000024 ] ] ] ] } },
{ "type": "Feature", "properties": { "ADM0_EN": "Republic of the Marshall Islands", "ADM0_PCODE": "MH", "ADM1_EN": "Mili", "ADM1_PCODE": "MH18", "ADM2_EN": "Nallu", "ADM2_PCODE": "MH1807", "Shape_Leng": 0.05205990801, "Shape_Area": 5.553057e-05, "ADM0_EN_2": "Republic of the Marshall Islands", "ADM0_PCODE_2": "MH", "ADM1_EN_2": "Mili", "ADM1_PCODE_2": "MH18", "ADM2_EN_2": "Nallu", "ADM2_PCODE_2": "MH1807", "Shape_Leng_2": 0.05205990801, "Shape_Area_2": 5.553057e-05, "xcoord": 171.7175838267417, "ycoord": 6.2048254205000433 }, "geometry": { "type": "MultiPolygon", "coordinates": [ [ [ [ 171.723849487000052, 6.214058357000056 ], [ 171.72347030800006, 6.213295721000065 ], [ 171.722603915000036, 6.212696571000038 ], [ 171.721899928000084, 6.212151856000048 ], [ 171.721195941000019, 6.211498091000067 ], [ 171.720329551000077, 6.210408660000041 ], [ 171.719571189000021, 6.209101487000055 ], [ 171.719137995000096, 6.207739699000058 ], [ 171.718975590000014, 6.20561527600006 ], [ 171.718975590000014, 6.202401598000051 ], [ 171.719192367000119, 6.199678024000036 ], [ 171.719517176000068, 6.198098314000049 ], [ 171.720221163000019, 6.196791140000073 ], [ 171.720871134000049, 6.195756146000065 ], [ 171.721466735000035, 6.195156996000037 ], [ 171.721899928000084, 6.194612281000047 ], [ 171.722062332000064, 6.193577464000043 ], [ 171.721087553000075, 6.194394359000057 ], [ 171.719950370000106, 6.195756146000065 ], [ 171.718975590000014, 6.197117934000062 ], [ 171.718217589000119, 6.198261799000022 ], [ 171.717676003000065, 6.199623589000055 ], [ 171.717026390000115, 6.200876326000071 ], [ 171.71664720900003, 6.202456035000068 ], [ 171.716268030000037, 6.204035565000027 ], [ 171.716105626000058, 6.205724147000069 ], [ 171.716105626000058, 6.207303855000021 ], [ 171.716214014000116, 6.208992437000063 ], [ 171.716701224000076, 6.21068101700007 ], [ 171.717134420000093, 6.211552704000042 ], [ 171.7175676170001, 6.212315163000028 ], [ 171.718217589000119, 6.212696571000038 ], [ 171.718759172000091, 6.213295721000065 ], [ 171.719029964000015, 6.213676950000036 ], [ 171.71973395100008, 6.214221665000025 ], [ 171.720275179000055, 6.214875431000053 ], [ 171.720491955000057, 6.215147788000024 ], [ 171.720979165000017, 6.21531109700004 ], [ 171.721304330000066, 6.215365709000025 ], [ 171.722387140000023, 6.215365709000025 ], [ 171.723091127000089, 6.215202222000073 ], [ 171.723686727000086, 6.214657508000073 ], [ 171.723849487000052, 6.214058357000056 ] ] ] ] } },
{ "type": "Feature", "properties": { "ADM0_EN": "Republic of the Marshall Islands", "ADM0_PCODE": "MH", "ADM1_EN": "Mili", "ADM1_PCODE": "MH18", "ADM2_EN": "Tokewa", "ADM2_PCODE": "MH1810", "Shape_Leng": 0.02575251402, "Shape_Area": 1.64427e-05, "ADM0_EN_2": "Republic of the Marshall Islands", "ADM0_PCODE_2": "MH", "ADM1_EN_2": "Mili", "ADM1_PCODE_2": "MH18", "ADM2_EN_2": "Tokewa", "ADM2_PCODE_2": "MH1810", "Shape_Leng_2": 0.02575251402, "Shape_Area_2": 1.64427e-05, "xcoord": 171.79686298266932, "ycoord": 6.2253582890000416 }, "geometry": { "type": "MultiPolygon", "coordinates": [ [ [ [ 171.80388284300011, 6.226748453000027 ], [ 171.803726877000031, 6.226584433000028 ], [ 171.803367014000059, 6.226577472000031 ], [ 171.803051508000067, 6.226480022000032 ], [ 171.802594702000079, 6.226495551000028 ], [ 171.801812375000054, 6.226319035000074 ], [ 171.801651760000027, 6.22634580600004 ], [ 171.801305132000039, 6.226557125000056 ], [ 171.800724914000057, 6.226573187000042 ], [ 171.800304597000036, 6.226382216000047 ], [ 171.799934001000111, 6.226324925000029 ], [ 171.799719730000106, 6.226175718000036 ], [ 171.798052051000013, 6.224579947000052 ], [ 171.797442501000091, 6.224377195000045 ], [ 171.796716335000042, 6.223965981000049 ], [ 171.795995893000054, 6.223857287000044 ], [ 171.795302636000088, 6.223146586000041 ], [ 171.794766060000029, 6.222687007000047 ], [ 171.794121812000071, 6.222315236000043 ], [ 171.793956548000097, 6.222356287000025 ], [ 171.793927214000064, 6.222540296000034 ], [ 171.794048480000015, 6.222887796000066 ], [ 171.793926141000043, 6.223417874000063 ], [ 171.793993750000027, 6.223776437000026 ], [ 171.794440896000083, 6.224557993000076 ], [ 171.794681640000022, 6.225151077000021 ], [ 171.795039358000054, 6.225565501000062 ], [ 171.795329109000022, 6.225772892000066 ], [ 171.795621006000033, 6.22588283500005 ], [ 171.795837782000035, 6.22588640500004 ], [ 171.796265253000115, 6.22576736000002 ], [ 171.796581477000018, 6.225780388000032 ], [ 171.797907533000057, 6.226048998000067 ], [ 171.798474516000056, 6.226237472000037 ], [ 171.798983189000069, 6.226612097000043 ], [ 171.799423540000021, 6.227477717000056 ], [ 171.799567700000011, 6.227629243000024 ], [ 171.799814880000099, 6.227748824000059 ], [ 171.800475585000072, 6.227947826000047 ], [ 171.801269359000116, 6.228025107000065 ], [ 171.802667677000045, 6.227972991000058 ], [ 171.803449289000014, 6.227848949000077 ], [ 171.803702910000084, 6.227720445000045 ], [ 171.803872111000032, 6.227323868000042 ], [ 171.80388284300011, 6.226748453000027 ] ] ] ] } },
{ "type": "Feature", "properties": { "ADM0_EN": "Republic of the Marshall Islands", "ADM0_PCODE": "MH", "ADM1_EN": "Mili", "ADM1_PCODE": "MH18", "ADM2_EN": "Wau", "ADM2_PCODE": "MH1801", "Shape_Leng": 0.00522970427, "Shape_Area": 1.62633e-06, "ADM0_EN_2": "Republic of the Marshall Islands", "ADM0_PCODE_2": "MH", "ADM1_EN_2": "Mili", "ADM1_PCODE_2": "MH18", "ADM2_EN_2": "Wau", "ADM2_PCODE_2": "MH1801", "Shape_Leng_2": 0.00522970427, "Shape_Area_2": 1.62633e-06, "xcoord": 172.10804863950008, "ycoord": 6.0922223035000513 }, "geometry": { "type": "MultiPolygon", "coordinates": [ [ [ [ 172.10911696200003, 6.092106649000073 ], [ 172.109112313000082, 6.091966007000053 ], [ 172.108993906000023, 6.091807877000065 ], [ 172.108741716000054, 6.091663130000029 ], [ 172.108477006000044, 6.091611015000069 ], [ 172.107747263000078, 6.091774680000071 ], [ 172.107183860000077, 6.091770040000029 ], [ 172.107046137000111, 6.091936917000055 ], [ 172.107046137000111, 6.092355983000061 ], [ 172.107261840000092, 6.092593715000021 ], [ 172.107590940000023, 6.092689201000042 ], [ 172.108215874000052, 6.092520541000056 ], [ 172.108830073000036, 6.092444151000052 ], [ 172.10898532200008, 6.09233795800003 ], [ 172.10911696200003, 6.092106649000073 ] ] ] ] } },
{ "type": "Feature", "properties": { "ADM0_EN": "Republic of the Marshall Islands", "ADM0_PCODE": "MH", "ADM1_EN": "Namdrik", "ADM1_PCODE": "MH19", "ADM2_EN": "Namdrik", "ADM2_PCODE": "MH1901", "Shape_Leng": 0.18631052743000001, "Shape_Area": 0.00023476626, "ADM0_EN_2": "Republic of the Marshall Islands", "ADM0_PCODE_2": "MH", "ADM1_EN_2": "Namdrik", "ADM1_PCODE_2": "MH19", "ADM2_EN_2": "Namdrik", "ADM2_PCODE_2": "MH1901", "Shape_Leng_2": 0.18631052743000001, "Shape_Area_2": 0.00023476626, "xcoord": 168.12658420783634, "ycoord": 5.6124319215000469 }, "geometry": { "type": "MultiPolygon", "coordinates": [ [ [ [ 168.135109121000028, 5.634150650000038 ], [ 168.135087301000112, 5.633819214000027 ], [ 168.134889126000076, 5.633664653000039 ], [ 168.134647310000105, 5.633443696000029 ], [ 168.134405492000042, 5.632780828000023 ], [ 168.134251674000097, 5.632051746000059 ], [ 168.133592043000021, 5.630460972000037 ], [ 168.132624419000081, 5.627853765000054 ], [ 168.132360780000113, 5.627190896000059 ], [ 168.131217159000016, 5.62416391000005 ], [ 168.13064552600008, 5.622816220000061 ], [ 168.129832078000049, 5.620916143000045 ], [ 168.12921644700009, 5.619214890000023 ], [ 168.12873245500009, 5.617911286000037 ], [ 168.128095003000112, 5.615326210000035 ], [ 168.127721189000113, 5.612652787000059 ], [ 168.127391373000023, 5.610642233000021 ], [ 168.127017559000024, 5.608985241000028 ], [ 168.126401927000074, 5.606333950000021 ], [ 168.125456482000118, 5.602511843000059 ], [ 168.124708852000026, 5.599794336000059 ], [ 168.123873226000114, 5.59707682800007 ], [ 168.123323413000094, 5.595994182000027 ], [ 168.122444143000052, 5.593718586000023 ], [ 168.122004153000034, 5.592569723000054 ], [ 168.121762334000096, 5.592194203000076 ], [ 168.121388519000106, 5.592083726000055 ], [ 168.120992886000067, 5.592017512000041 ], [ 168.120465252000031, 5.591531338000038 ], [ 168.120047439000018, 5.591023211000049 ], [ 168.118991814000083, 5.590559345000031 ], [ 168.118024547000118, 5.590404604000071 ], [ 168.117276918000016, 5.590492952000034 ], [ 168.116111475000025, 5.590647691000072 ], [ 168.113582773000076, 5.59051508400006 ], [ 168.11138388400002, 5.590736039000035 ], [ 168.109559170000011, 5.591089604000047 ], [ 168.108217729000103, 5.591487252000036 ], [ 168.10766791900005, 5.59177442400005 ], [ 168.106612651000091, 5.592039464000038 ], [ 168.106018843000015, 5.592105858000025 ], [ 168.103556318000074, 5.592481375000034 ], [ 168.102193056000033, 5.59303376500003 ], [ 168.100565802000119, 5.593784980000066 ], [ 168.099400716000105, 5.59451406200003 ], [ 168.098872726000081, 5.59524314600003 ], [ 168.098586910000108, 5.595950096000024 ], [ 168.098586910000108, 5.597386131000064 ], [ 168.098850906000052, 5.599507165000034 ], [ 168.099246540000081, 5.602224671000045 ], [ 168.099422537000123, 5.603240925000023 ], [ 168.099664354000083, 5.605118872000048 ], [ 168.100170167000101, 5.607394466000073 ], [ 168.100455982000085, 5.608565461000069 ], [ 168.100829796000085, 5.609272413000042 ], [ 168.101203612000063, 5.609913151000057 ], [ 168.101555246000089, 5.610355061000064 ], [ 168.101753421000012, 5.610465539000074 ], [ 168.101951241000052, 5.61028884600006 ], [ 168.101951241000052, 5.61020049800004 ], [ 168.101841061000073, 5.609758587000044 ], [ 168.1016654230001, 5.609316676000049 ], [ 168.101599244000113, 5.608963112000026 ], [ 168.101643246000094, 5.608366639000053 ], [ 168.10177524300002, 5.607504945000073 ], [ 168.101819241000044, 5.606687517000069 ], [ 168.101819241000044, 5.606002695000029 ], [ 168.101753421000012, 5.605339827000023 ], [ 168.101863241000046, 5.604544349000037 ], [ 168.102105057000017, 5.603682837000065 ], [ 168.102258876000064, 5.603174711000065 ], [ 168.102302877000056, 5.602710667000053 ], [ 168.102346874000091, 5.602180410000074 ], [ 168.102522872000122, 5.601628019000032 ], [ 168.102918508000016, 5.601164155000049 ], [ 168.103248324000106, 5.601031547000048 ], [ 168.103512317000082, 5.600633898000069 ], [ 168.103468318000068, 5.600280333000057 ], [ 168.103468318000068, 5.599860551000063 ], [ 168.103578137000113, 5.599485033000065 ], [ 168.103995951000115, 5.599330293000037 ], [ 168.104215947000057, 5.599219815000026 ], [ 168.104479943000115, 5.598976907000065 ], [ 168.104523942000014, 5.598601210000027 ], [ 168.104875578000019, 5.598004735000075 ], [ 168.105139573000088, 5.597363999000038 ], [ 168.105623207000122, 5.596811612000067 ], [ 168.1062606590001, 5.596237268000039 ], [ 168.107052285000123, 5.595508186000075 ], [ 168.107514100000117, 5.595088404000023 ], [ 168.108063911000045, 5.594911711000066 ], [ 168.1082839070001, 5.594889580000029 ], [ 168.108591544000092, 5.594646492000038 ], [ 168.109668989000056, 5.594027888000028 ], [ 168.110196622000103, 5.593652370000029 ], [ 168.111098068000047, 5.593210459000034 ], [ 168.112175513000011, 5.592834940000046 ], [ 168.11336313400011, 5.59252563900003 ], [ 168.114264583000022, 5.592481375000034 ], [ 168.115078032000042, 5.592304683000066 ], [ 168.116485291000117, 5.592172073000029 ], [ 168.117474736000077, 5.592348767000033 ], [ 168.118420183000012, 5.592547771000056 ], [ 168.119431807000069, 5.59290115500005 ], [ 168.120179436000058, 5.593387151000059 ], [ 168.120751068000118, 5.59385119500007 ], [ 168.121190703000025, 5.594977927000059 ], [ 168.121828514000072, 5.596634917000074 ], [ 168.122444143000052, 5.598380253000073 ], [ 168.122971778000078, 5.600191984000048 ], [ 168.12319177300003, 5.601959452000074 ], [ 168.123323413000094, 5.602467581000042 ], [ 168.123807404000104, 5.603704790000052 ], [ 168.124049221000064, 5.604500268000038 ], [ 168.124444856000082, 5.605141004000075 ], [ 168.124555033000092, 5.605870086000039 ], [ 168.124599033000095, 5.606333950000021 ], [ 168.124488855000095, 5.606820126000059 ], [ 168.124599033000095, 5.607593291000057 ], [ 168.125016489000018, 5.60883068000004 ], [ 168.125148486000057, 5.610045760000048 ], [ 168.125126665000039, 5.611150538000061 ], [ 168.125082667000015, 5.611305101000028 ], [ 168.12532448200011, 5.61165866500005 ], [ 168.125478302000033, 5.612211056000035 ], [ 168.125500480000028, 5.613161092000041 ], [ 168.125412482000115, 5.613934259000075 ], [ 168.12543430300002, 5.614420433000021 ], [ 168.125610300000062, 5.615436689000035 ], [ 168.125676120000094, 5.616651945000058 ], [ 168.125698297000099, 5.617469376000031 ], [ 168.12600593500008, 5.617822939000064 ], [ 168.126555746000122, 5.618839194000032 ], [ 168.127061558000037, 5.619767103000072 ], [ 168.127193556000066, 5.620717140000068 ], [ 168.12767718900011, 5.621534748000045 ], [ 168.128227001000027, 5.622396439000056 ], [ 168.128424818000099, 5.623501041000054 ], [ 168.128336819000083, 5.624451259000068 ], [ 168.128380819000085, 5.624716299000056 ], [ 168.128820454000106, 5.62480464500004 ], [ 168.129172446000098, 5.624892992000071 ], [ 168.129502262000074, 5.625357034000046 ], [ 168.129876078000052, 5.626130380000063 ], [ 168.130052074000105, 5.626771115000054 ], [ 168.129964076000078, 5.627743287000044 ], [ 168.129502262000074, 5.62902475900006 ], [ 168.12873245500009, 5.629842187000065 ], [ 168.128029181000102, 5.630151491000049 ], [ 168.127545192000071, 5.630195753000066 ], [ 168.127347375000113, 5.630328363000046 ], [ 168.126951739000106, 5.630748143000062 ], [ 168.126225931000022, 5.631057445000067 ], [ 168.12556629900007, 5.631057445000067 ], [ 168.124642674000029, 5.630681750000065 ], [ 168.123983044000056, 5.630460972000037 ], [ 168.123433591000094, 5.630372446000024 ], [ 168.12303759800011, 5.630482923000045 ], [ 168.122180148000098, 5.630637665000052 ], [ 168.121696514000064, 5.630637665000052 ], [ 168.121080884000094, 5.630637665000052 ], [ 168.120399076000012, 5.630549318000021 ], [ 168.12011325800006, 5.630350493000037 ], [ 168.119849620000082, 5.630151491000049 ], [ 168.119123813000101, 5.630107406000036 ], [ 168.118552180000052, 5.630107406000036 ], [ 168.118024547000118, 5.630306232000066 ], [ 168.117848552000055, 5.630681750000065 ], [ 168.118068546000018, 5.631167924000067 ], [ 168.118530003000046, 5.631587704000026 ], [ 168.119057993000069, 5.632007485000031 ], [ 168.119673624000029, 5.632272701000034 ], [ 168.12083906700002, 5.632582004000028 ], [ 168.122488142000066, 5.632802960000049 ], [ 168.123829225000122, 5.632869177000032 ], [ 168.125786297000104, 5.63315652700004 ], [ 168.127765189000115, 5.633421567000028 ], [ 168.129348445000119, 5.633686784000076 ], [ 168.130579707000038, 5.633841346000054 ], [ 168.131239337000011, 5.63388560900006 ], [ 168.131964787000015, 5.633996087000071 ], [ 168.132316782000089, 5.633797264000066 ], [ 168.132602598000062, 5.633642523000049 ], [ 168.132954234000067, 5.633509912000022 ], [ 168.133328049000056, 5.633532045000038 ], [ 168.133680043000027, 5.633730868000043 ], [ 168.133701863000056, 5.633929693000027 ], [ 168.133789861000082, 5.634217042000046 ], [ 168.134031678000042, 5.634459951000053 ], [ 168.134537490000071, 5.634548478000056 ], [ 168.134889126000076, 5.63439373600005 ], [ 168.135109121000028, 5.634150650000038 ] ] ] ] } },
{ "type": "Feature", "properties": { "ADM0_EN": "Republic of the Marshall Islands", "ADM0_PCODE": "MH", "ADM1_EN": "Namu", "ADM1_PCODE": "MH20", "ADM2_EN": "Eoo", "ADM2_PCODE": "MH2004", "Shape_Leng": 0.00228522266, "Shape_Area": 3.8274e-07, "ADM0_EN_2": "Republic of the Marshall Islands", "ADM0_PCODE_2": "MH", "ADM1_EN_2": "Namu", "ADM1_PCODE_2": "MH20", "ADM2_EN_2": "Eoo", "ADM2_PCODE_2": "MH2004", "Shape_Leng_2": 0.00228522266, "Shape_Area_2": 3.8274e-07, "xcoord": 168.26238337068051, "ycoord": 7.8958194765000371 }, "geometry": { "type": "MultiPolygon", "coordinates": [ [ [ [ 168.26276994400007, 7.895917996000037 ], [ 168.262748480000027, 7.895766291000029 ], [ 168.262534924000079, 7.895578175000026 ], [ 168.262281302000019, 7.895485187000077 ], [ 168.262162898000042, 7.895504463000066 ], [ 168.262082768000027, 7.89560369700007 ], [ 168.261992982000038, 7.895872662000045 ], [ 168.262015160000033, 7.896039185000063 ], [ 168.262337821000074, 7.896159299000033 ], [ 168.262666562000049, 7.896085767000045 ], [ 168.26276994400007, 7.895917996000037 ] ] ] ] } },
{ "type": "Feature", "properties": { "ADM0_EN": "Republic of the Marshall Islands", "ADM0_PCODE": "MH", "ADM1_EN": "Namu", "ADM1_PCODE": "MH20", "ADM2_EN": "Loen", "ADM2_PCODE": "MH2005", "Shape_Leng": 0.10556840616, "Shape_Area": 6.694565e-05, "ADM0_EN_2": "Republic of the Marshall Islands", "ADM0_PCODE_2": "MH", "ADM1_EN_2": "Namu", "ADM1_PCODE_2": "MH20", "ADM2_EN_2": "Loen", "ADM2_PCODE_2": "MH2005", "Shape_Leng_2": 0.10556840616, "Shape_Area_2": 6.694565e-05, "xcoord": 168.23001952206755, "ycoord": 7.7598346375000631 }, "geometry": { "type": "MultiPolygon", "coordinates": [ [ [ [ 168.258240931000046, 7.758706476000043 ], [ 168.258191924000016, 7.75832774600002 ], [ 168.258093908000092, 7.758129993000068 ], [ 168.258061359000067, 7.757734842000048 ], [ 168.258126821000019, 7.757471230000021 ], [ 168.258093908000092, 7.757191376000037 ], [ 168.258044902000051, 7.756894924000051 ], [ 168.25773512000012, 7.756466577000026 ], [ 168.257147391000103, 7.755873673000053 ], [ 168.25673959300002, 7.755626660000075 ], [ 168.256462004000014, 7.755560801000058 ], [ 168.25585817800004, 7.755214909000074 ], [ 168.254291734000049, 7.754556148000063 ], [ 168.253557340000043, 7.754210257000068 ], [ 168.253035074000081, 7.754045700000063 ], [ 168.252203022000117, 7.753946824000025 ], [ 168.251452175000054, 7.75374924700003 ], [ 168.250652677000062, 7.75351865600004 ], [ 168.249689702000069, 7.753386937000073 ], [ 168.249069777000045, 7.753403358000071 ], [ 168.248482049000017, 7.753386937000073 ], [ 168.247699006000062, 7.753172765000045 ], [ 168.247225745000037, 7.75297518900004 ], [ 168.246018092000099, 7.752876313000058 ], [ 168.245136676000016, 7.752859891000071 ], [ 168.244451291000019, 7.752991610000038 ], [ 168.243668247000073, 7.753106907000074 ], [ 168.242884847000028, 7.753320902000041 ], [ 168.241921872000034, 7.753535074000069 ], [ 168.240485997000064, 7.753979841000046 ], [ 168.239310894000027, 7.754325554000047 ], [ 168.238152247000016, 7.754622006000034 ], [ 168.237205728000049, 7.755000916000029 ], [ 168.235965523000118, 7.75565967700004 ], [ 168.234366526000031, 7.756450157000074 ], [ 168.233207880000123, 7.757092499000066 ], [ 168.231918668000048, 7.757817119000038 ], [ 168.231151720000071, 7.758146590000024 ], [ 168.230466334000084, 7.758426444000065 ], [ 168.229780951000066, 7.758541740000055 ], [ 168.229274778000104, 7.758904230000041 ], [ 168.22909556400009, 7.759134645000074 ], [ 168.228687408000042, 7.759661693000055 ], [ 168.228067484000121, 7.760122876000025 ], [ 168.227349188000062, 7.760419331000037 ], [ 168.226908836000121, 7.760699364000061 ], [ 168.226517138000077, 7.761242829000025 ], [ 168.226206996000087, 7.761835731000076 ], [ 168.225603170000113, 7.76229692000004 ], [ 168.225325581000106, 7.762527513000066 ], [ 168.22511345700002, 7.763021539000022 ], [ 168.224885230000041, 7.763515746000053 ], [ 168.224656651000032, 7.763845039000046 ], [ 168.224509987000033, 7.764306227000077 ], [ 168.224526084000104, 7.764915550000069 ], [ 168.224607643000013, 7.765492035000022 ], [ 168.224738210000055, 7.765903783000056 ], [ 168.224836224000114, 7.766249673000061 ], [ 168.224917784000013, 7.766447247000031 ], [ 168.224999344000025, 7.766463847000068 ], [ 168.22511345700002, 7.766266092000023 ], [ 168.225391045000038, 7.765870943000039 ], [ 168.225847849000047, 7.765327298000045 ], [ 168.22628855500011, 7.764734394000072 ], [ 168.226924935000056, 7.764075633000061 ], [ 168.227610321000043, 7.763400449000073 ], [ 168.228230604000032, 7.762823966000042 ], [ 168.228654856000048, 7.76229692000004 ], [ 168.229046556000071, 7.761885169000038 ], [ 168.229699034000078, 7.761275847000036 ], [ 168.230302858000073, 7.760715783000023 ], [ 168.231298385000059, 7.760007582000071 ], [ 168.231951219000052, 7.75961243100005 ], [ 168.23245703300006, 7.759529975000021 ], [ 168.233615679000081, 7.758937072000037 ], [ 168.234790780000026, 7.758475884000063 ], [ 168.235541270000112, 7.758047713000053 ], [ 168.236389775000021, 7.757685404000028 ], [ 168.237303743000098, 7.757224217000044 ], [ 168.238331821000088, 7.756796047000023 ], [ 168.239164230000029, 7.756367878000049 ], [ 168.239359902000047, 7.756120865000071 ], [ 168.239131676000056, 7.756038409000041 ], [ 168.238494943000092, 7.756318441000076 ], [ 168.237842465000085, 7.756532614000037 ], [ 168.237157080000088, 7.75686190700003 ], [ 168.236406230000057, 7.757323092000036 ], [ 168.235834957000066, 7.757487828000023 ], [ 168.235378152000067, 7.757718424000075 ], [ 168.234692763000112, 7.758014875000072 ], [ 168.233811708000076, 7.758443043000057 ], [ 168.233158875000072, 7.75883819400002 ], [ 168.232293913000035, 7.759151245000055 ], [ 168.232114338000088, 7.759068789000025 ], [ 168.231983773000024, 7.758986510000057 ], [ 168.232016325000018, 7.75877233500006 ], [ 168.232277457000123, 7.758690055000045 ], [ 168.232440935000113, 7.758591179000064 ], [ 168.232653060000075, 7.758294728000067 ], [ 168.232995755000047, 7.75811357200007 ], [ 168.233289440000021, 7.758129993000068 ], [ 168.233305537000092, 7.758278308000058 ], [ 168.233550573000116, 7.758344167000075 ], [ 168.233876812000062, 7.75822886900005 ], [ 168.233893267000099, 7.757965435000074 ], [ 168.233893267000099, 7.757767683000054 ], [ 168.234399078000024, 7.757570108000039 ], [ 168.235002904000112, 7.757125519000056 ], [ 168.235313045000112, 7.756845486000032 ], [ 168.235802404000083, 7.756779627000071 ], [ 168.236292118000051, 7.756680751000033 ], [ 168.236683819000064, 7.756598471000075 ], [ 168.236928497000122, 7.756252582000059 ], [ 168.237140624000062, 7.756104266000023 ], [ 168.23732019800002, 7.755890271000055 ], [ 168.237515869000049, 7.755873673000053 ], [ 168.237678987000095, 7.756021988000043 ], [ 168.237826009000059, 7.756153705000031 ], [ 168.238250262000065, 7.756153705000031 ], [ 168.238805083000102, 7.755956131000062 ], [ 168.239180327000099, 7.755676097000048 ], [ 168.239408908000087, 7.755643259000067 ], [ 168.239784154000063, 7.755478522000033 ], [ 168.240143303000082, 7.755461924000031 ], [ 168.240240960000051, 7.755582218000029 ], [ 168.240094294000073, 7.755709116000048 ], [ 168.239947273000098, 7.755692517000057 ], [ 168.239719050000076, 7.755807814000036 ], [ 168.239621036000017, 7.756021988000043 ], [ 168.239686497000093, 7.756170126000029 ], [ 168.239980182000068, 7.75608784700006 ], [ 168.240273868000031, 7.756005568000035 ], [ 168.240535003000105, 7.755956131000062 ], [ 168.240747128000066, 7.755807814000036 ], [ 168.241105920000109, 7.755297367000026 ], [ 168.241530530000091, 7.755033755000056 ], [ 168.242101446000106, 7.754918458000077 ], [ 168.242917399000021, 7.754869020000058 ], [ 168.243211085000098, 7.755083193000075 ], [ 168.243243994000068, 7.755330206000053 ], [ 168.243113428000015, 7.75554438000006 ], [ 168.243162436000034, 7.755676097000048 ], [ 168.243390659000056, 7.755676097000048 ], [ 168.24368434500002, 7.755676097000048 ], [ 168.243831367000098, 7.755626660000075 ], [ 168.243668247000073, 7.755445504000022 ], [ 168.24368434500002, 7.755280769000024 ], [ 168.243749808000075, 7.755066772000021 ], [ 168.244125052000072, 7.754852601000039 ], [ 168.244696326000053, 7.754704463000053 ], [ 168.245169586000088, 7.754638605000025 ], [ 168.245756957000026, 7.754572567000025 ], [ 168.246262771000033, 7.754671445000042 ], [ 168.246670926000093, 7.754655024000044 ], [ 168.247241842000108, 7.754638605000025 ], [ 168.24756843800003, 7.754671445000042 ], [ 168.247699006000062, 7.754819761000022 ], [ 168.247845669000071, 7.754951477000077 ], [ 168.248269921000087, 7.754869020000058 ], [ 168.249412470000038, 7.754902038000068 ], [ 168.249755165000124, 7.755000916000029 ], [ 168.249967291000075, 7.755099613000027 ], [ 168.249885732000052, 7.755313788000024 ], [ 168.249689702000069, 7.75551136100006 ], [ 168.249755165000124, 7.755709116000048 ], [ 168.249999842000079, 7.755824413000028 ], [ 168.250293529000032, 7.755906692000053 ], [ 168.25057111700005, 7.755857253000045 ], [ 168.250685230000045, 7.755560801000058 ], [ 168.250685230000045, 7.755313788000024 ], [ 168.25079934200005, 7.755149050000057 ], [ 168.251354160000119, 7.755198489000065 ], [ 168.251843875000077, 7.755182071000036 ], [ 168.252219120000063, 7.755198489000065 ], [ 168.252610820000086, 7.75539606500007 ], [ 168.25285549900002, 7.755626660000075 ], [ 168.252806851000059, 7.755890271000055 ], [ 168.252529260000074, 7.756021988000043 ], [ 168.252431247000118, 7.756318441000076 ], [ 168.252431247000118, 7.756483176000074 ], [ 168.2525457160001, 7.756631312000025 ], [ 168.25285549900002, 7.756664331000025 ], [ 168.253100534000055, 7.756730189000052 ], [ 168.253296207000062, 7.756796047000023 ], [ 168.253508332000024, 7.756894924000051 ], [ 168.253736915000104, 7.756993623000028 ], [ 168.253932586000019, 7.756993623000028 ], [ 168.254047055000115, 7.756960782000021 ], [ 168.254079607000108, 7.756829065000034 ], [ 168.254096062000031, 7.756664331000025 ], [ 168.254144711000095, 7.756614892000073 ], [ 168.254405845000065, 7.756565453000064 ], [ 168.254764994000084, 7.756631312000025 ], [ 168.254993574000082, 7.756812468000021 ], [ 168.255075135000084, 7.757043062000037 ], [ 168.254977120000035, 7.757207796000046 ], [ 168.254960666000102, 7.757306673000073 ], [ 168.255336268000065, 7.757421969000063 ], [ 168.255727612000101, 7.757537089000039 ], [ 168.255988744000092, 7.757619546000058 ], [ 168.256233782000095, 7.757784280000067 ], [ 168.256412998000087, 7.757899579000025 ], [ 168.256625482000118, 7.757948838000061 ], [ 168.256951720000075, 7.757948838000061 ], [ 168.257180299000083, 7.757948838000061 ], [ 168.257392427000013, 7.758080733000043 ], [ 168.257522994000055, 7.758278308000058 ], [ 168.25768611400008, 7.758344167000075 ], [ 168.257881784000119, 7.758508901000027 ], [ 168.257963342000039, 7.758673636000026 ], [ 168.258061359000067, 7.758821774000069 ], [ 168.258240931000046, 7.758706476000043 ] ] ] ] } },
{ "type": "Feature", "properties": { "ADM0_EN": "Republic of the Marshall Islands", "ADM0_PCODE": "MH", "ADM1_EN": "Namu", "ADM1_PCODE": "MH20", "ADM2_EN": "Lukoj", "ADM2_PCODE": "MH2006", "Shape_Leng": 0.02532380602, "Shape_Area": 1.776093e-05, "ADM0_EN_2": "Republic of the Marshall Islands", "ADM0_PCODE_2": "MH", "ADM1_EN_2": "Namu", "ADM1_PCODE_2": "MH20", "ADM2_EN_2": "Lukoj", "ADM2_PCODE_2": "MH2006", "Shape_Leng_2": 0.02532380602, "Shape_Area_2": 1.776093e-05, "xcoord": 168.21764274917251, "ycoord": 7.7728235555000538 }, "geometry": { "type": "MultiPolygon", "coordinates": [ [ [ [ 168.221793840000032, 7.768187232000059 ], [ 168.221793840000032, 7.767994118000047 ], [ 168.221619631000067, 7.767888637000055 ], [ 168.221341326000015, 7.767888637000055 ], [ 168.221132420000117, 7.768064259000028 ], [ 168.220923512000013, 7.768433174000052 ], [ 168.220679909000069, 7.768643778000069 ], [ 168.2204538310001, 7.76881940100003 ], [ 168.220297152000057, 7.769100502000072 ], [ 168.219879695000031, 7.769381427000042 ], [ 168.21967078800003, 7.769680021000056 ], [ 168.219114178000041, 7.770083918000068 ], [ 168.218383363000044, 7.770593293000047 ], [ 168.218035305000058, 7.770874219000063 ], [ 168.217391414000076, 7.771576708000055 ], [ 168.216921373000105, 7.77205092500003 ], [ 168.216503917000068, 7.77257779100006 ], [ 168.216260313000021, 7.773192470000026 ], [ 168.21605140500003, 7.773684177000064 ], [ 168.215825328000051, 7.774070583000025 ], [ 168.215720874000112, 7.774579781000057 ], [ 168.215564194000081, 7.775159299000052 ], [ 168.215511967000111, 7.775616022000065 ], [ 168.215511967000111, 7.776090061000048 ], [ 168.215511967000111, 7.776458975000025 ], [ 168.215686175000087, 7.776898033000066 ], [ 168.215877554000031, 7.777354578000029 ], [ 168.216138330000035, 7.777618013000051 ], [ 168.216330066000069, 7.77793409700007 ], [ 168.216364765000094, 7.778162547000022 ], [ 168.216573672000095, 7.778162547000022 ], [ 168.216729995000037, 7.778109719000042 ], [ 168.216729995000037, 7.77793409700007 ], [ 168.216712824000069, 7.777582853000069 ], [ 168.216782220000027, 7.777196625000045 ], [ 168.216973601000063, 7.776704740000071 ], [ 168.217234733000055, 7.776265685000055 ], [ 168.217460811000024, 7.775773977000028 ], [ 168.217478338000092, 7.775457893000066 ], [ 168.21758279200003, 7.775071487000048 ], [ 168.217826398000057, 7.774597270000072 ], [ 168.218226683000012, 7.774000263000062 ], [ 168.218609440000023, 7.773473395000053 ], [ 168.218835519000095, 7.773034339000048 ], [ 168.218922442000121, 7.772612772000059 ], [ 168.219061951000072, 7.772279198000035 ], [ 168.219427181000015, 7.771752330000027 ], [ 168.219896866000113, 7.771102493000058 ], [ 168.220662738000101, 7.770224379000069 ], [ 168.221602460000099, 7.769223476000036 ], [ 168.221584932000042, 7.768872229000067 ], [ 168.221654330000092, 7.76853847600006 ], [ 168.221793840000032, 7.768187232000059 ] ] ] ] } },
{ "type": "Feature", "properties": { "ADM0_EN": "Republic of the Marshall Islands", "ADM0_PCODE": "MH", "ADM1_EN": "Namu", "ADM1_PCODE": "MH20", "ADM2_EN": "Mae", "ADM2_PCODE": "MH2003", "Shape_Leng": 0.04405838501, "Shape_Area": 4.54282e-05, "ADM0_EN_2": "Republic of the Marshall Islands", "ADM0_PCODE_2": "MH", "ADM1_EN_2": "Namu", "ADM1_PCODE_2": "MH20", "ADM2_EN_2": "Mae", "ADM2_PCODE_2": "MH2003", "Shape_Leng_2": 0.04405838501, "Shape_Area_2": 4.54282e-05, "xcoord": 168.30468847599931, "ycoord": 7.8299020500000438 }, "geometry": { "type": "MultiPolygon", "coordinates": [ [ [ [ 168.307216718000063, 7.827276906000066 ], [ 168.30678745900002, 7.825494802000037 ], [ 168.305833069000073, 7.823568132000048 ], [ 168.305164852000075, 7.822267562000036 ], [ 168.304162886000086, 7.82111173800007 ], [ 168.303876713000022, 7.820437269000024 ], [ 168.303495028000043, 7.820292879000021 ], [ 168.302635790000068, 7.820389257000045 ], [ 168.303256430000033, 7.822460318000026 ], [ 168.303685692000045, 7.824675945000024 ], [ 168.303733627000042, 7.82703613800004 ], [ 168.303447093000045, 7.829251765000038 ], [ 168.303017833000013, 7.830985680000026 ], [ 168.302397553000105, 7.832671583000035 ], [ 168.301729336000108, 7.834261111000046 ], [ 168.301443162000055, 7.835513490000039 ], [ 168.300870457000087, 7.836958448000075 ], [ 168.300297753000109, 7.838307207000071 ], [ 168.299868492000087, 7.83874073100003 ], [ 168.299916068000016, 7.839174252000021 ], [ 168.3004408380001, 7.839607776000037 ], [ 168.300870457000087, 7.839607776000037 ], [ 168.301538315000016, 7.83927045400003 ], [ 168.302063443000065, 7.83898149700002 ], [ 168.302635790000068, 7.838259018000031 ], [ 168.302969900000107, 7.836958448000075 ], [ 168.303495028000043, 7.835079966000023 ], [ 168.303972223000073, 7.833394061000035 ], [ 168.304640080000013, 7.832045482000069 ], [ 168.305737558000033, 7.83055233500005 ], [ 168.306548859000031, 7.829059010000037 ], [ 168.307026055000051, 7.828192141000045 ], [ 168.307216718000063, 7.827276906000066 ] ] ] ] } },
{ "type": "Feature", "properties": { "ADM0_EN": "Republic of the Marshall Islands", "ADM0_PCODE": "MH", "ADM1_EN": "Namu", "ADM1_PCODE": "MH20", "ADM2_EN": "Majkin", "ADM2_PCODE": "MH2002", "Shape_Leng": 0.06501461407, "Shape_Area": 8.811419e-05, "ADM0_EN_2": "Republic of the Marshall Islands", "ADM0_PCODE_2": "MH", "ADM1_EN_2": "Namu", "ADM1_PCODE_2": "MH20", "ADM2_EN_2": "Majkin", "ADM2_PCODE_2": "MH2002", "Shape_Leng_2": 0.06501461407, "Shape_Area_2": 8.811419e-05, "xcoord": 168.18524148019063, "ycoord": 8.1542100065000511 }, "geometry": { "type": "MultiPolygon", "coordinates": [ [ [ [ 168.1878739980001, 8.147281846000055 ], [ 168.1878739980001, 8.145790663000071 ], [ 168.187766326000087, 8.144780833000027 ], [ 168.187427925000065, 8.144221660000028 ], [ 168.186828390000073, 8.143709074000071 ], [ 168.186397700000043, 8.143538091000039 ], [ 168.186105443000088, 8.143833293000057 ], [ 168.185997771000075, 8.144501337000065 ], [ 168.185874717000047, 8.145231312000021 ], [ 168.185859335000032, 8.145821717000047 ], [ 168.185936244000118, 8.146411943000032 ], [ 168.186074681000036, 8.147111042000063 ], [ 168.186013155000069, 8.147608105000074 ], [ 168.185767046000024, 8.148540116000049 ], [ 168.185459765000019, 8.149534239000047 ], [ 168.184936782000023, 8.150528539000049 ], [ 168.184706055000106, 8.150963492000074 ], [ 168.184198811000101, 8.152485729000034 ], [ 168.183737356000051, 8.15377505500004 ], [ 168.183199350000109, 8.154691720000073 ], [ 168.182353348000106, 8.15588770100004 ], [ 168.181153922000021, 8.157114916000069 ], [ 168.180323662000092, 8.158171328000037 ], [ 168.179693364000059, 8.159041230000071 ], [ 168.178309356000113, 8.160361611000042 ], [ 168.176586948000022, 8.161449078000032 ], [ 168.174464968000052, 8.162272397000038 ], [ 168.173373215000083, 8.162567599000056 ], [ 168.172542952000072, 8.162614182000027 ], [ 168.171881534000022, 8.16255207100005 ], [ 168.171066656000107, 8.162365562000048 ], [ 168.169974901000046, 8.161977195000077 ], [ 168.169267338000054, 8.161635587000035 ], [ 168.169190428000093, 8.161837447000039 ], [ 168.169359629000041, 8.162272397000038 ], [ 168.169574974000056, 8.162474433000057 ], [ 168.170005665000076, 8.162831747000041 ], [ 168.170466762000046, 8.163126772000055 ], [ 168.170851309000113, 8.163670595000042 ], [ 168.171189710000021, 8.164074491000065 ], [ 168.172004589000039, 8.164400747000059 ], [ 168.174172713000075, 8.164758061000043 ], [ 168.176079703000028, 8.164804644000071 ], [ 168.177817137000034, 8.164602606000074 ], [ 168.179047327000035, 8.164152128000069 ], [ 168.180139078000025, 8.163437501000033 ], [ 168.181723050000073, 8.162505489000068 ], [ 168.182922477000034, 8.161449078000032 ], [ 168.183968084000071, 8.160299501000054 ], [ 168.184859872000061, 8.159165449000056 ], [ 168.185613585000056, 8.15786059800007 ], [ 168.186290027000041, 8.156307125000069 ], [ 168.186874536000118, 8.154644958000063 ], [ 168.187366398000108, 8.15295173800007 ], [ 168.187504835000027, 8.151817865000055 ], [ 168.187674034000111, 8.150171228000033 ], [ 168.187858617000074, 8.148509061000027 ], [ 168.1878739980001, 8.147281846000055 ] ] ] ] } },
{ "type": "Feature", "properties": { "ADM0_EN": "Republic of the Marshall Islands", "ADM0_PCODE": "MH", "ADM1_EN": "Namu", "ADM1_PCODE": "MH20", "ADM2_EN": "Namu", "ADM2_PCODE": "MH2001", "Shape_Leng": 0.04924670161, "Shape_Area": 7.682396e-05, "ADM0_EN_2": "Republic of the Marshall Islands", "ADM0_PCODE_2": "MH", "ADM1_EN_2": "Namu", "ADM1_PCODE_2": "MH20", "ADM2_EN_2": "Namu", "ADM2_PCODE_2": "MH2001", "Shape_Leng_2": 0.04924670161, "Shape_Area_2": 7.682396e-05, "xcoord": 167.97651744584238, "ycoord": 8.1940983895000556 }, "geometry": { "type": "MultiPolygon", "coordinates": [ [ [ [ 167.984606165000059, 8.189519178000069 ], [ 167.98449026500009, 8.189051566000046 ], [ 167.984104645000116, 8.188233066000066 ], [ 167.983641760000069, 8.187375835000068 ], [ 167.983256139000105, 8.186284619000048 ], [ 167.983101606000105, 8.185427210000057 ], [ 167.982986064000102, 8.184725792000052 ], [ 167.982600086000048, 8.184920512000076 ], [ 167.98190575700005, 8.185310307000066 ], [ 167.980710267000063, 8.186050814000055 ], [ 167.979321609000067, 8.187297841000031 ], [ 167.978164393000043, 8.188311059000057 ], [ 167.976698468000109, 8.189597172000049 ], [ 167.975772696000035, 8.190259684000068 ], [ 167.975579886000105, 8.190922193000063 ], [ 167.975579886000105, 8.19142871400004 ], [ 167.974923832000059, 8.192247215000066 ], [ 167.974268137000081, 8.193416424000077 ], [ 167.973689707000062, 8.194858348000025 ], [ 167.973188190000087, 8.19622227900004 ], [ 167.972725302000072, 8.197976005000044 ], [ 167.972223783000118, 8.200002623000046 ], [ 167.971876798000039, 8.200509321000027 ], [ 167.971490821000089, 8.201016020000054 ], [ 167.971259378000013, 8.201834342000041 ], [ 167.971220745000096, 8.202419036000038 ], [ 167.97095102500009, 8.20288664900005 ], [ 167.971027933000073, 8.203471165000053 ], [ 167.971143835000021, 8.203782966000063 ], [ 167.971336644000075, 8.204016771000056 ], [ 167.971838164000019, 8.203860962000022 ], [ 167.972223783000118, 8.203432255000052 ], [ 167.972493861000089, 8.20288664900005 ], [ 167.972879479000085, 8.202146142000061 ], [ 167.973381, 8.201639445000069 ], [ 167.973882518000096, 8.201171833000046 ], [ 167.974036693000016, 8.200743127000067 ], [ 167.974191227000119, 8.200002623000046 ], [ 167.974538213000073, 8.199301204000051 ], [ 167.976196948000052, 8.197001693000061 ], [ 167.978164393000043, 8.194780355000034 ], [ 167.980517099000053, 8.19294863500005 ], [ 167.982407276000117, 8.191467801000044 ], [ 167.984181912000054, 8.19002587600005 ], [ 167.984606165000059, 8.189519178000069 ] ] ] ] } },
{ "type": "Feature", "properties": { "ADM0_EN": "Republic of the Marshall Islands", "ADM0_PCODE": "MH", "ADM1_EN": "Rongelap", "ADM1_PCODE": "MH21", "ADM2_EN": "Rongelap", "ADM2_PCODE": "MH2101", "Shape_Leng": 0.15776330504, "Shape_Area": 0.00019072983, "ADM0_EN_2": "Republic of the Marshall Islands", "ADM0_PCODE_2": "MH", "ADM1_EN_2": "Rongelap", "ADM1_PCODE_2": "MH21", "ADM2_EN_2": "Rongelap", "ADM2_PCODE_2": "MH2101", "Shape_Leng_2": 0.15776330504, "Shape_Area_2": 0.00019072983, "xcoord": 166.89420250855096, "ycoord": 11.162387257000063 }, "geometry": { "type": "MultiPolygon", "coordinates": [ [ [ [ 166.898508832000061, 11.172864633000074 ], [ 166.898508832000061, 11.172286186000065 ], [ 166.898407957000018, 11.171900495000045 ], [ 166.898357518000012, 11.171476254000027 ], [ 166.898357518000012, 11.170974908000062 ], [ 166.898307081000098, 11.170460535000075 ], [ 166.898181164000107, 11.16968933000004 ], [ 166.898181164000107, 11.169290789000058 ], [ 166.898206204000076, 11.168943648000038 ], [ 166.898117847000094, 11.168378053000026 ], [ 166.898067408000088, 11.167979512000045 ], [ 166.897991931000092, 11.167696621000061 ], [ 166.897840618000032, 11.167400884000074 ], [ 166.897600945000022, 11.16715672600003 ], [ 166.897386316000052, 11.166642353000043 ], [ 166.897121607000031, 11.165703916000041 ], [ 166.896881934000021, 11.164919682000061 ], [ 166.896566787000097, 11.16400694500004 ], [ 166.896213361000036, 11.163068508000038 ], [ 166.895759417000022, 11.161885913000049 ], [ 166.895469309000077, 11.160972998000034 ], [ 166.895280076000063, 11.159931755000059 ], [ 166.895116243000075, 11.159019018000038 ], [ 166.895002846000011, 11.158183385000029 ], [ 166.894763176000083, 11.157514984000045 ], [ 166.894523504000063, 11.156795005000049 ], [ 166.894220876000077, 11.15608805200003 ], [ 166.89394328800006, 11.155612407000035 ], [ 166.893552303000092, 11.155226719000041 ], [ 166.893161317000022, 11.154995410000026 ], [ 166.892417266000052, 11.154763924000065 ], [ 166.891622776000077, 11.154789624000045 ], [ 166.891193872000031, 11.15485387700005 ], [ 166.890575737000063, 11.154969532000052 ], [ 166.890172233000044, 11.155162465000046 ], [ 166.889579494000031, 11.155329522000045 ], [ 166.889087635000124, 11.155535304000068 ], [ 166.88851993600008, 11.155779462000055 ], [ 166.888078514000085, 11.155998099000044 ], [ 166.887334461000023, 11.156242257000031 ], [ 166.886602930000095, 11.156473745000028 ], [ 166.885455016000037, 11.156550846000073 ], [ 166.884559649000039, 11.156589398000051 ], [ 166.883588448000069, 11.156782153000051 ], [ 166.882869794000044, 11.156910837000055 ], [ 166.882554286000072, 11.156859435000058 ], [ 166.881873193000047, 11.15682070500003 ], [ 166.880776075000085, 11.156833734000031 ], [ 166.879817391000074, 11.156782153000051 ], [ 166.878884108000079, 11.156717902000025 ], [ 166.878102138000031, 11.156692201000055 ], [ 166.877030060000038, 11.156576546000053 ], [ 166.87592006400007, 11.156460894000077 ], [ 166.874734589000013, 11.156178005000072 ], [ 166.874066015000039, 11.156113753000056 ], [ 166.872300321000012, 11.155715213000065 ], [ 166.871404957000095, 11.155599556000027 ], [ 166.870206960000019, 11.155432501000064 ], [ 166.869512991000079, 11.155393774000061 ], [ 166.86909696500004, 11.155406803000062 ], [ 166.868743897000058, 11.155380924000042 ], [ 166.866662698000027, 11.155316671000037 ], [ 166.865552702000059, 11.155316671000037 ], [ 166.864329309000027, 11.155213868000033 ], [ 166.863484382000024, 11.155098212000041 ], [ 166.862551097000051, 11.154931158000068 ], [ 166.86145362000002, 11.154686821000041 ], [ 166.859801682000011, 11.154275429000052 ], [ 166.858326100000113, 11.153864036000073 ], [ 166.857127745000071, 11.153504226000052 ], [ 166.855362054000011, 11.152719993000062 ], [ 166.854050303000122, 11.152051594000056 ], [ 166.853117021000116, 11.151614499000061 ], [ 166.851716915000111, 11.150920220000046 ], [ 166.850783630000024, 11.150521679000065 ], [ 166.849850347000029, 11.149981784000033 ], [ 166.849547717000064, 11.149789026000064 ], [ 166.848778268000046, 11.149518988000068 ], [ 166.847983777000081, 11.149120625000023 ], [ 166.847113452000031, 11.148889140000051 ], [ 166.846167647000016, 11.148580730000049 ], [ 166.845246885000051, 11.148439197000073 ], [ 166.844326120000119, 11.148439197000073 ], [ 166.843619987000011, 11.148555030000068 ], [ 166.843090207000046, 11.148850589000062 ], [ 166.84267382500002, 11.149120625000023 ], [ 166.84218196300003, 11.149351933000048 ], [ 166.84157670500008, 11.149596269000028 ], [ 166.840933530000029, 11.150046213000053 ], [ 166.840403748000085, 11.150393175000033 ], [ 166.840050683000072, 11.150714615000027 ], [ 166.839621780000016, 11.150971622000043 ], [ 166.838915289000056, 11.151241660000039 ], [ 166.838272113000016, 11.151601650000032 ], [ 166.837830690000033, 11.151922909000064 ], [ 166.837351350000063, 11.152231500000028 ], [ 166.837187515000096, 11.152385705000029 ], [ 166.837149596000017, 11.152655740000057 ], [ 166.83721291300003, 11.152912750000041 ], [ 166.837376746000018, 11.153182787000048 ], [ 166.837830690000033, 11.15354277800003 ], [ 166.838171236000107, 11.153696981000053 ], [ 166.83882729000004, 11.153941318000022 ], [ 166.83925583700011, 11.154082673000062 ], [ 166.839748055000086, 11.154236878000063 ], [ 166.840139039000064, 11.154262578000044 ], [ 166.840517146000025, 11.154249729000071 ], [ 166.840731777000087, 11.154262578000044 ], [ 166.841072324000038, 11.154224029000034 ], [ 166.841374954000116, 11.154249729000071 ], [ 166.841652182000075, 11.154249729000071 ], [ 166.842030648000105, 11.154262578000044 ], [ 166.842232401000047, 11.154313982000076 ], [ 166.842371194000066, 11.154339681000067 ], [ 166.842610866000086, 11.154262578000044 ], [ 166.842951413000037, 11.154056972000035 ], [ 166.843733383000085, 11.153607029000057 ], [ 166.844489955000086, 11.153208487000029 ], [ 166.845474035000052, 11.152719993000062 ], [ 166.846243126000104, 11.152360002000023 ], [ 166.846722467000063, 11.152167247000023 ], [ 166.847302685000045, 11.151974313000039 ], [ 166.847782026000118, 11.151845809000065 ], [ 166.848173011000085, 11.151871507000067 ], [ 166.848298927000087, 11.15202589300003 ], [ 166.848563995000063, 11.152180096000052 ], [ 166.848816186000022, 11.152308602000062 ], [ 166.8491188160001, 11.152424254000039 ], [ 166.849396404000117, 11.152488686000027 ], [ 166.849648594000087, 11.15256578900005 ], [ 166.849913305000086, 11.15260433800006 ], [ 166.850253852000037, 11.152707142000054 ], [ 166.850543960000095, 11.152874197000074 ], [ 166.850934946000052, 11.152964151000049 ], [ 166.851225054000111, 11.153054283000074 ], [ 166.851515162000055, 11.153157086000022 ], [ 166.851881108000043, 11.153157086000022 ], [ 166.85219625600007, 11.153259888000036 ], [ 166.852473844000087, 11.153375543000038 ], [ 166.852776474000052, 11.153439794000064 ], [ 166.85331877200008, 11.153517075000025 ], [ 166.8535584440001, 11.153568478000068 ], [ 166.854062825000028, 11.153658431000053 ], [ 166.854491727000095, 11.15370983400004 ], [ 166.854819754000118, 11.153786935000028 ], [ 166.855235779000054, 11.153954169000031 ], [ 166.855525890000081, 11.154172625000058 ], [ 166.855853916000115, 11.154352532000075 ], [ 166.856206982000117, 11.154481215000033 ], [ 166.856484571000124, 11.154494065000051 ], [ 166.85690059600006, 11.154596868000056 ], [ 166.857190704000118, 11.154686821000041 ], [ 166.857518730000038, 11.154815326000062 ], [ 166.857960154000011, 11.154944008000029 ], [ 166.858351139000092, 11.155072512000061 ], [ 166.858666288000109, 11.155201016000035 ], [ 166.858943877000115, 11.155226719000041 ], [ 166.859322341000052, 11.155355221000036 ], [ 166.859675409000033, 11.155535304000068 ], [ 166.859940477000123, 11.155612407000035 ], [ 166.860179789000085, 11.155625261000068 ], [ 166.860760007000067, 11.155689510000059 ], [ 166.861062635000053, 11.155792315000042 ], [ 166.861378142000035, 11.155818015000023 ], [ 166.861819565000019, 11.155946698000037 ], [ 166.862260989000106, 11.156152304000045 ], [ 166.862626575000036, 11.156358091000072 ], [ 166.862904164000042, 11.156550846000073 ], [ 166.863131312000064, 11.156679350000047 ], [ 166.863383506000105, 11.156627950000029 ], [ 166.863635695000085, 11.156576546000053 ], [ 166.863976242000035, 11.156589398000051 ], [ 166.864241310000011, 11.156679350000047 ], [ 166.864556460000017, 11.156795184000032 ], [ 166.86492204700005, 11.156936536000046 ], [ 166.865199636000057, 11.157065042000056 ], [ 166.86552766200009, 11.15716784500006 ], [ 166.86577985200006, 11.157219247000057 ], [ 166.866044564000049, 11.157219247000057 ], [ 166.866448426000034, 11.157257798000046 ], [ 166.866814014000056, 11.157257798000046 ], [ 166.867091601000084, 11.157244949000074 ], [ 166.867394230000059, 11.157244949000074 ], [ 166.867759819000071, 11.157244949000074 ], [ 166.868100365000032, 11.157129295000061 ], [ 166.868415870000035, 11.157103593000045 ], [ 166.868857293000019, 11.157013640000059 ], [ 166.8692482780001, 11.156987940000022 ], [ 166.869576306000113, 11.156975089000071 ], [ 166.86985353700004, 11.157000789000051 ], [ 166.870118605000016, 11.157026490000021 ], [ 166.870597946000089, 11.157000789000051 ], [ 166.871051888000011, 11.157000789000051 ], [ 166.871682545000112, 11.157000789000051 ], [ 166.872136489000013, 11.157077892000075 ], [ 166.872615828000107, 11.157180695000022 ], [ 166.873233606000099, 11.157412181000041 ], [ 166.873612071000025, 11.157630640000036 ], [ 166.873902179000083, 11.157720591000043 ], [ 166.874293166000029, 11.15782357300003 ], [ 166.874520315000041, 11.157926377000024 ], [ 166.874822944000016, 11.158003479000058 ], [ 166.87527688800003, 11.158003479000058 ], [ 166.875895024000101, 11.157964929000059 ], [ 166.876260610000031, 11.157926377000024 ], [ 166.876941703000057, 11.158003479000058 ], [ 166.877484002000074, 11.158054882000044 ], [ 166.877900385000089, 11.158042032000026 ], [ 166.878215535000095, 11.158029180000028 ], [ 166.878896627000017, 11.158042032000026 ], [ 166.879199256000106, 11.158080581000036 ], [ 166.879539803000057, 11.158093432000044 ], [ 166.879918268000097, 11.158106282000062 ], [ 166.880284213000095, 11.158157684000059 ], [ 166.880586842000071, 11.15823496400003 ], [ 166.880977827000038, 11.158260666000047 ], [ 166.881482208000079, 11.158260666000047 ], [ 166.881810235000103, 11.158273516000065 ], [ 166.882251658000087, 11.158376320000059 ], [ 166.88246593100007, 11.158453421000047 ], [ 166.882920231000071, 11.158479123000063 ], [ 166.883424613000102, 11.15855622600003 ], [ 166.883979434000025, 11.158671879000053 ], [ 166.884395815000062, 11.158762011000022 ], [ 166.884862277000025, 11.158851963000075 ], [ 166.885392059000083, 11.159006169000065 ], [ 166.88616150900009, 11.159199103000049 ], [ 166.886653369000101, 11.159366158000068 ], [ 166.886893039000029, 11.159494664000022 ], [ 166.887183148000076, 11.159623348000025 ], [ 166.887737967000021, 11.159841804000052 ], [ 166.888507416000039, 11.160137542000029 ], [ 166.889150593000068, 11.160420250000072 ], [ 166.889642453000079, 11.160715989000039 ], [ 166.890045960000066, 11.160895894000021 ], [ 166.890613656000028, 11.161127382000075 ], [ 166.890928804000055, 11.161165932000074 ], [ 166.891332668000018, 11.161358688000064 ], [ 166.891710774000103, 11.161564473000055 ], [ 166.891811651000012, 11.161718679000046 ], [ 166.892013761000044, 11.161885913000049 ], [ 166.89210175900007, 11.162014417000023 ], [ 166.891824528000029, 11.162310156000046 ], [ 166.892013761000044, 11.162528611000027 ], [ 166.892127158000108, 11.162451508000061 ], [ 166.89206420000005, 11.162323006000065 ], [ 166.89221551300011, 11.162130071000036 ], [ 166.892833292000091, 11.16279865100006 ], [ 166.893098358000088, 11.162901453000075 ], [ 166.893413509000084, 11.163544153000032 ], [ 166.893930768000018, 11.16459842200004 ], [ 166.894410110000081, 11.165678214000025 ], [ 166.894750656000042, 11.166822438000054 ], [ 166.894952407000119, 11.167529566000042 ], [ 166.895128763000116, 11.168287922000047 ], [ 166.89517920000003, 11.168956500000036 ], [ 166.895393832000082, 11.169959191000032 ], [ 166.89540635100002, 11.170524964000037 ], [ 166.89540635100002, 11.171141964000071 ], [ 166.89563350100002, 11.172093251000035 ], [ 166.895809856000028, 11.173211775000027 ], [ 166.895986569000115, 11.17430459600007 ], [ 166.895986569000115, 11.175024574000076 ], [ 166.895910732000061, 11.175718677000077 ], [ 166.895835255000065, 11.17610436700005 ], [ 166.895797335000111, 11.176335853000069 ], [ 166.895822734000035, 11.176438656000073 ], [ 166.895898211000031, 11.176297303000069 ], [ 166.89606204800009, 11.175950163000039 ], [ 166.896188320000078, 11.175834509000026 ], [ 166.896528867000029, 11.175718677000077 ], [ 166.896869414000093, 11.175654424000072 ], [ 166.897134126000083, 11.175435966000066 ], [ 166.897613465000063, 11.175050276000036 ], [ 166.898042369000109, 11.174561782000069 ], [ 166.898282039000037, 11.174111659000062 ], [ 166.898407957000018, 11.173674566000045 ], [ 166.898508832000061, 11.172864633000074 ] ] ] ] } },
{ "type": "Feature", "properties": { "ADM0_EN": "Republic of the Marshall Islands", "ADM0_PCODE": "MH", "ADM1_EN": "Ujae", "ADM1_PCODE": "MH22", "ADM2_EN": "Ujae", "ADM2_PCODE": "MH2201", "Shape_Leng": 0.03821617228, "Shape_Area": 7.641211e-05, "ADM0_EN_2": "Republic of the Marshall Islands", "ADM0_PCODE_2": "MH", "ADM1_EN_2": "Ujae", "ADM1_PCODE_2": "MH22", "ADM2_EN_2": "Ujae", "ADM2_PCODE_2": "MH2201", "Shape_Leng_2": 0.03821617228, "Shape_Area_2": 7.641211e-05, "xcoord": 165.76025957546506, "ycoord": 8.9312883215000625 }, "geometry": { "type": "MultiPolygon", "coordinates": [ [ [ [ 165.766597513000079, 8.931426642000076 ], [ 165.766563530000099, 8.931150001000049 ], [ 165.766478033000112, 8.930804109000064 ], [ 165.766307045000076, 8.930475710000053 ], [ 165.76610207300007, 8.930129821000037 ], [ 165.765828779000117, 8.929835866000076 ], [ 165.765504330000113, 8.929472664000059 ], [ 165.76514553800007, 8.929265272000066 ], [ 165.76478674800012, 8.92890206800007 ], [ 165.764411144000064, 8.928469795000069 ], [ 165.764069525000082, 8.92817584200003 ], [ 165.763779058000068, 8.927795505000063 ], [ 165.763454608000075, 8.927380545000062 ], [ 165.763044664000063, 8.927138527000068 ], [ 165.762514887000066, 8.926740701000028 ], [ 165.762104941000075, 8.926550622000036 ], [ 165.761780492000071, 8.926429612000049 ], [ 165.761042879000115, 8.926310211000043 ], [ 165.760296324000024, 8.926386421000075 ], [ 165.75926180700003, 8.926626653000028 ], [ 165.758620776000043, 8.927016091000041 ], [ 165.758268423000118, 8.927339673000063 ], [ 165.75751006400003, 8.92778086900006 ], [ 165.756903732000069, 8.928101237000021 ], [ 165.756416880000074, 8.928279717000066 ], [ 165.75556301000006, 8.928694678000056 ], [ 165.754896583000118, 8.929126952000047 ], [ 165.754316007000057, 8.929611161000025 ], [ 165.754111035000051, 8.929939562000072 ], [ 165.754008369000076, 8.93044108600003 ], [ 165.753991557000063, 8.930838734000076 ], [ 165.753906062000055, 8.931564962000039 ], [ 165.753837739000119, 8.932152869000049 ], [ 165.753837739000119, 8.932377751000047 ], [ 165.754076695000094, 8.933017416000041 ], [ 165.754264853000109, 8.933674573000076 ], [ 165.754538149000041, 8.934469871000033 ], [ 165.754554963000032, 8.934954082000047 ], [ 165.754418314000077, 8.93526534800003 ], [ 165.7542816670001, 8.935455427000022 ], [ 165.754196529000069, 8.935887878000074 ], [ 165.754093865000073, 8.936198967000053 ], [ 165.754059880000113, 8.936354598000037 ], [ 165.754264853000109, 8.93640653600005 ], [ 165.754623285000093, 8.936320153000054 ], [ 165.754845429000056, 8.936285529000031 ], [ 165.755235340000013, 8.935912510000037 ], [ 165.755989766000084, 8.935576613000023 ], [ 165.757398099000056, 8.934407404000069 ], [ 165.757681052000066, 8.934487182000055 ], [ 165.757834872000103, 8.934435247000067 ], [ 165.759055044000092, 8.933312083000033 ], [ 165.759542972000077, 8.933000105000076 ], [ 165.760123547000035, 8.932879096000022 ], [ 165.760687309000105, 8.932913720000045 ], [ 165.761205999000026, 8.933201607000058 ], [ 165.762019806000012, 8.933830206000039 ], [ 165.762190437000072, 8.933899276000034 ], [ 165.762446560000058, 8.933881963000033 ], [ 165.762703760000022, 8.933673322000061 ], [ 165.763241410000091, 8.933380084000021 ], [ 165.763574087000052, 8.933467003000032 ], [ 165.764171830000123, 8.93358801200003 ], [ 165.764633286000048, 8.933622636000052 ], [ 165.765060044000052, 8.933639948000064 ], [ 165.765658147000067, 8.933449690000032 ], [ 165.76598975100012, 8.933062573000029 ], [ 165.766209748000051, 8.932829121000054 ], [ 165.766341385000032, 8.932412197000076 ], [ 165.766512017000082, 8.931979923000029 ], [ 165.766563530000099, 8.931668658000035 ], [ 165.766597513000079, 8.931426642000076 ] ] ] ] } },
{ "type": "Feature", "properties": { "ADM0_EN": "Republic of the Marshall Islands", "ADM0_PCODE": "MH", "ADM1_EN": "Utirik", "ADM1_PCODE": "MH24", "ADM2_EN": "Utirik", "ADM2_PCODE": "MH2401", "Shape_Leng": 0.09098827127, "Shape_Area": 0.00014645682, "ADM0_EN_2": "Republic of the Marshall Islands", "ADM0_PCODE_2": "MH", "ADM1_EN_2": "Utirik", "ADM1_PCODE_2": "MH24", "ADM2_EN_2": "Utirik", "ADM2_PCODE_2": "MH2401", "Shape_Leng_2": 0.09098827127, "Shape_Area_2": 0.00014645682, "xcoord": 169.8511280385012, "ycoord": 11.22436074150005 }, "geometry": { "type": "MultiPolygon", "coordinates": [ [ [ [ 169.860162414000115, 11.228380691000041 ], [ 169.860162414000115, 11.227348911000036 ], [ 169.859763917000123, 11.22650470800005 ], [ 169.859150431000103, 11.225785621000057 ], [ 169.858539092000115, 11.225112937000063 ], [ 169.857588280000073, 11.224007265000068 ], [ 169.857080680000081, 11.223402225000029 ], [ 169.856234321000102, 11.222930864000034 ], [ 169.85549957000012, 11.222478601000034 ], [ 169.854546968000022, 11.221986893000064 ], [ 169.853497426000104, 11.221923891000074 ], [ 169.852065842000115, 11.221971009000072 ], [ 169.850534098000026, 11.221818944000063 ], [ 169.849443417000089, 11.221860888000037 ], [ 169.84838564800009, 11.221720960000027 ], [ 169.845492073000059, 11.22110574800007 ], [ 169.844072293000067, 11.220434313000055 ], [ 169.840963731000102, 11.219344703000047 ], [ 169.838299812000059, 11.218757334000031 ], [ 169.83714223700008, 11.218841575000056 ], [ 169.836315552000087, 11.218791066000051 ], [ 169.835538234000069, 11.218538162000073 ], [ 169.834678639000117, 11.218380210000021 ], [ 169.833438076000107, 11.218344156000057 ], [ 169.833140812000124, 11.218403411000054 ], [ 169.83279347000007, 11.218673091000028 ], [ 169.832379948000039, 11.218858529000045 ], [ 169.831884150000064, 11.218807843000036 ], [ 169.831371544000035, 11.21858885000006 ], [ 169.830703686000106, 11.218431254000052 ], [ 169.829585461000079, 11.21816728500005 ], [ 169.828924043000029, 11.218032534000031 ], [ 169.828246169000067, 11.217897604000029 ], [ 169.828047635000075, 11.217610967000041 ], [ 169.827518571000041, 11.217543682000041 ], [ 169.827220950000083, 11.217122117000031 ], [ 169.826906873000098, 11.217088384000022 ], [ 169.826080191000074, 11.217307555000048 ], [ 169.825071428000115, 11.217442486000039 ], [ 169.824426463000123, 11.217341288000057 ], [ 169.82368241100005, 11.21718958200006 ], [ 169.823467423000125, 11.217088384000022 ], [ 169.823186258000078, 11.216768194000053 ], [ 169.822723372000041, 11.216801926000073 ], [ 169.822409297000036, 11.216801926000073 ], [ 169.822243674000106, 11.216970409000055 ], [ 169.822194307000018, 11.217172803000039 ], [ 169.82249192800009, 11.21715585000004 ], [ 169.823368336000044, 11.217257046000043 ], [ 169.824872895000112, 11.217627925000045 ], [ 169.826394266000079, 11.217796407000037 ], [ 169.826906873000098, 11.218083042000046 ], [ 169.829278898000098, 11.218469269000025 ], [ 169.831303219000119, 11.218875664000052 ], [ 169.833521067000106, 11.219549596000036 ], [ 169.83598466400008, 11.220139646000064 ], [ 169.838117733000104, 11.220797159000028 ], [ 169.839821182000037, 11.221656887000051 ], [ 169.840714044000038, 11.221892835000062 ], [ 169.842310179000037, 11.222525897000025 ], [ 169.843090717000109, 11.22304312600005 ], [ 169.844122730000095, 11.223939087000076 ], [ 169.844565943000021, 11.224714218000031 ], [ 169.845082130000037, 11.225347101000068 ], [ 169.845574346000035, 11.226518629000054 ], [ 169.845883058000027, 11.228071211000042 ], [ 169.845845855000107, 11.229369102000021 ], [ 169.8456977620001, 11.230043393000074 ], [ 169.845883058000027, 11.230777652000029 ], [ 169.846116289000065, 11.231257400000061 ], [ 169.846269393000057, 11.231601329000057 ], [ 169.846294791000105, 11.231952572000068 ], [ 169.846500477000063, 11.231952572000068 ], [ 169.846628183000121, 11.231722335000029 ], [ 169.846953347000067, 11.23142802600006 ], [ 169.847282446000122, 11.231260257000031 ], [ 169.848171017000027, 11.23135110100003 ], [ 169.849175845000104, 11.231469970000035 ], [ 169.85067790100004, 11.231365202000063 ], [ 169.850961926000082, 11.231163522000031 ], [ 169.852250066000124, 11.230319320000035 ], [ 169.853997873000026, 11.229443887000059 ], [ 169.855205527000066, 11.229141187000039 ], [ 169.856357733000095, 11.229204191000065 ], [ 169.856625307000058, 11.229539729000066 ], [ 169.856911480000122, 11.230131741000037 ], [ 169.857402267000111, 11.230413199000054 ], [ 169.858045444000027, 11.230379110000058 ], [ 169.858628881000072, 11.230100506000042 ], [ 169.85930389300006, 11.229537586000049 ], [ 169.859836892000089, 11.228959674000066 ], [ 169.860162414000115, 11.228380691000041 ] ] ] ] } },
{ "type": "Feature", "properties": { "ADM0_EN": "Republic of the Marshall Islands", "ADM0_PCODE": "MH", "ADM1_EN": "Wotho", "ADM1_PCODE": "MH25", "ADM2_EN": "Wotho", "ADM2_PCODE": "MH2501", "Shape_Leng": 0.08028673583, "Shape_Area": 0.00017001314, "ADM0_EN_2": "Republic of the Marshall Islands", "ADM0_PCODE_2": "MH", "ADM1_EN_2": "Wotho", "ADM1_PCODE_2": "MH25", "ADM2_EN_2": "Wotho", "ADM2_PCODE_2": "MH2501", "Shape_Leng_2": 0.08028673583, "Shape_Area_2": 0.00017001314, "xcoord": 166.01227492941618, "ycoord": 10.165991836500041 }, "geometry": { "type": "MultiPolygon", "coordinates": [ [ [ [ 166.017593445000102, 10.157749185000057 ], [ 166.017378100000087, 10.157244092000042 ], [ 166.016947050000113, 10.156671534000054 ], [ 166.016632259000062, 10.15616643900006 ], [ 166.016317110000045, 10.15572863400007 ], [ 166.01605204100008, 10.15520658500003 ], [ 166.015936141000111, 10.154785734000029 ], [ 166.015753707000044, 10.154448947000049 ], [ 166.015554815000087, 10.15431419500004 ], [ 166.015289746000121, 10.154230131000077 ], [ 166.014858697000022, 10.154246909000051 ], [ 166.014444462000029, 10.15431419500004 ], [ 166.014029866000101, 10.154482679000068 ], [ 166.013947233000067, 10.154650983000067 ], [ 166.013930422000044, 10.155375068000069 ], [ 166.013930422000044, 10.156536961000029 ], [ 166.013731529000097, 10.157648167000048 ], [ 166.013134859000047, 10.159231087000023 ], [ 166.012455553000109, 10.16039298100003 ], [ 166.011825614000031, 10.161369610000065 ], [ 166.011328387000049, 10.162076742000067 ], [ 166.010582545000034, 10.163171349000038 ], [ 166.009902884000098, 10.164215266000042 ], [ 166.009289756000044, 10.165074103000052 ], [ 166.008576824000102, 10.165798188000053 ], [ 166.007864253000093, 10.166387522000036 ], [ 166.006853343000103, 10.16699363500004 ], [ 166.005775899000014, 10.167599924000058 ], [ 166.00483116700002, 10.168054507000022 ], [ 166.003820260000111, 10.168610288000025 ], [ 166.002842260000079, 10.168980630000021 ], [ 166.001880716000073, 10.169334195000033 ], [ 166.000770362000026, 10.169772003000048 ], [ 165.9997261850001, 10.170311007000066 ], [ 165.99907978900012, 10.170664571000032 ], [ 165.998532841000042, 10.17090033900007 ], [ 165.998615832000041, 10.171051868000063 ], [ 165.998930623000092, 10.171371879000048 ], [ 165.999394581000047, 10.171759176000023 ], [ 165.999759453000024, 10.172180026000035 ], [ 166.000140421000083, 10.172500038000067 ], [ 166.000289591000069, 10.172786318000021 ], [ 166.000555015000032, 10.173240902000032 ], [ 166.000587925000104, 10.173544136000032 ], [ 166.000438757000097, 10.173914477000039 ], [ 166.000389036000115, 10.174251267000045 ], [ 166.000571471000057, 10.174655519000055 ], [ 166.000786817000062, 10.174992307000025 ], [ 166.001118421000115, 10.175379603000067 ], [ 166.001300857000047, 10.175665884000068 ], [ 166.001350579000018, 10.176086735000069 ], [ 166.001433212000052, 10.176592005000032 ], [ 166.001764817000094, 10.177097097000058 ], [ 166.00211287400009, 10.177484397000057 ], [ 166.002643370000101, 10.177635923000025 ], [ 166.003190318000065, 10.17761914700003 ], [ 166.003936159000091, 10.177501350000057 ], [ 166.004317486000105, 10.177433886000074 ], [ 166.004764990000012, 10.177366601000074 ], [ 166.005013603000066, 10.177467619000026 ], [ 166.005129504000024, 10.177433886000074 ], [ 166.005278673000021, 10.177164564000066 ], [ 166.005328395000106, 10.176827775000049 ], [ 166.005444295000075, 10.176693023000041 ], [ 166.005461108000077, 10.176777266000045 ], [ 166.005477563000113, 10.177029813000047 ], [ 166.005593463000082, 10.17721507300007 ], [ 166.005726176000053, 10.177450842000042 ], [ 166.006090689000075, 10.177501350000057 ], [ 166.006455562000042, 10.177400334000026 ], [ 166.006869798000025, 10.177013035000073 ], [ 166.00696924500005, 10.176642516000072 ], [ 166.00696924500005, 10.176204709000046 ], [ 166.006836529000111, 10.175985715000024 ], [ 166.006621185000085, 10.175901474000057 ], [ 166.006206947000123, 10.175716393000073 ], [ 166.006057781000095, 10.175446890000046 ], [ 166.005759444000091, 10.174706029000049 ], [ 166.005560554000112, 10.173897702000033 ], [ 166.00531193900008, 10.173341921000031 ], [ 166.005278673000021, 10.172954622000077 ], [ 166.005361662000041, 10.172651569000038 ], [ 166.005510831000038, 10.17228104700007 ], [ 166.005825621000099, 10.171876972000064 ], [ 166.006273125000121, 10.171439166000027 ], [ 166.006770352000103, 10.171068646000037 ], [ 166.007317304000026, 10.170765588000052 ], [ 166.007798074000107, 10.170630838000022 ], [ 166.008278488000087, 10.170614061000038 ], [ 166.008974606000038, 10.170832876000077 ], [ 166.009753714000112, 10.171152887000062 ], [ 166.010383654000066, 10.171405435000054 ], [ 166.011013237000043, 10.171641203000036 ], [ 166.011692900000071, 10.171961215000067 ], [ 166.012273117000063, 10.172180026000035 ], [ 166.012720621000085, 10.172533771000076 ], [ 166.012969236000117, 10.172904113000072 ], [ 166.013184581000019, 10.173628199000063 ], [ 166.013350561000038, 10.174200756000062 ], [ 166.013549451000017, 10.174470259000032 ], [ 166.01371507500005, 10.17463856300003 ], [ 166.013996955000039, 10.174790092000023 ], [ 166.01419584700011, 10.174908066000057 ], [ 166.014411194000104, 10.175177389000055 ], [ 166.014593628000057, 10.175413158000026 ], [ 166.014891965000061, 10.175581641000065 ], [ 166.015140578000114, 10.175682661000053 ], [ 166.015438913000025, 10.17559841800005 ], [ 166.015803429000016, 10.175278408000054 ], [ 166.016118219000077, 10.174823823000054 ], [ 166.016217665000113, 10.174284998000076 ], [ 166.016350378000084, 10.17347667000007 ], [ 166.016333923000047, 10.172685300000069 ], [ 166.016383645000019, 10.17228104700007 ], [ 166.016400100000055, 10.171742221000045 ], [ 166.016317110000045, 10.171085602000062 ], [ 166.016317110000045, 10.170513043000028 ], [ 166.016167942000038, 10.169014363000031 ], [ 166.01613503100009, 10.167886203000023 ], [ 166.01613503100009, 10.166842107000036 ], [ 166.01618475500004, 10.166185485000028 ], [ 166.016284200000086, 10.165326648000075 ], [ 166.016681981000033, 10.164114246000054 ], [ 166.017096217000017, 10.163053374000071 ], [ 166.017344832000049, 10.161941990000059 ], [ 166.01747754500002, 10.161066378000044 ], [ 166.017527267000105, 10.160325514000021 ], [ 166.017576989000077, 10.159416348000036 ], [ 166.017560178000053, 10.15864175300004 ], [ 166.017576989000077, 10.158069195000053 ], [ 166.017593445000102, 10.157749185000057 ] ] ] ] } },
{ "type": "Feature", "properties": { "ADM0_EN": "Republic of the Marshall Islands", "ADM0_PCODE": "MH", "ADM1_EN": "Wotje", "ADM1_PCODE": "MH26", "ADM2_EN": "Enebun", "ADM2_PCODE": "MH2612", "Shape_Leng": 0.01942673549, "Shape_Area": 1.85725e-05, "ADM0_EN_2": "Republic of the Marshall Islands", "ADM0_PCODE_2": "MH", "ADM1_EN_2": "Wotje", "ADM1_PCODE_2": "MH26", "ADM2_EN_2": "Enebun", "ADM2_PCODE_2": "MH2612", "Shape_Leng_2": 0.01942673549, "Shape_Area_2": 1.85725e-05, "xcoord": 170.19252427764806, "ycoord": 9.5116038425000511 }, "geometry": { "type": "MultiPolygon", "coordinates": [ [ [ [ 170.19537708200005, 9.510334328000056 ], [ 170.1952000120001, 9.509898483000029 ], [ 170.194656280000117, 9.509039291000022 ], [ 170.194365456000014, 9.508757296000056 ], [ 170.19416298900012, 9.508603447000041 ], [ 170.193948001000081, 9.508577747000061 ], [ 170.193695094000077, 9.508590597000023 ], [ 170.193290518000026, 9.508744445000048 ], [ 170.193216112000073, 9.509383753000066 ], [ 170.19293351500005, 9.509795323000048 ], [ 170.192259576000083, 9.510371808000059 ], [ 170.191671846000077, 9.510847273000024 ], [ 170.191317708000042, 9.511193519000074 ], [ 170.190736059000074, 9.511616693000065 ], [ 170.19019232900007, 9.512232085000051 ], [ 170.190116491000026, 9.512834806000058 ], [ 170.189572762000012, 9.513142501000061 ], [ 170.189193223000075, 9.513309200000037 ], [ 170.188750728000059, 9.513719522000031 ], [ 170.188712809000094, 9.513924592000023 ], [ 170.188990757000056, 9.514104140000029 ], [ 170.189521967000019, 9.514488939000046 ], [ 170.18999916100006, 9.514587103000054 ], [ 170.190639473000033, 9.514473948000045 ], [ 170.190951046000123, 9.514514463000069 ], [ 170.191355623000049, 9.514617088000023 ], [ 170.191785600000117, 9.514591386000063 ], [ 170.192617294000115, 9.514250849000064 ], [ 170.193111659000124, 9.513948151000022 ], [ 170.193252598000072, 9.513539972000046 ], [ 170.193379231000108, 9.513155352000069 ], [ 170.193922961000112, 9.512398783000037 ], [ 170.194112551000103, 9.511924388000068 ], [ 170.194302141000094, 9.511590992000038 ], [ 170.195225409000045, 9.51065505300005 ], [ 170.19537708200005, 9.510334328000056 ] ] ] ] } },
{ "type": "Feature", "properties": { "ADM0_EN": "Republic of the Marshall Islands", "ADM0_PCODE": "MH", "ADM1_EN": "Wotje", "ADM1_PCODE": "MH26", "ADM2_EN": "Wormej", "ADM2_PCODE": "MH2601", "Shape_Leng": 0.04519812176, "Shape_Area": 7.440717e-05, "ADM0_EN_2": "Republic of the Marshall Islands", "ADM0_PCODE_2": "MH", "ADM1_EN_2": "Wotje", "ADM1_PCODE_2": "MH26", "ADM2_EN_2": "Wormej", "ADM2_PCODE_2": "MH2601", "Shape_Leng_2": 0.04519812176, "Shape_Area_2": 7.440717e-05, "xcoord": 170.15061770907818, "ycoord": 9.5511306365000337 }, "geometry": { "type": "MultiPolygon", "coordinates": [ [ [ [ 170.15718822700012, 9.551395051000043 ], [ 170.157155676000116, 9.550852120000059 ], [ 170.156868428000053, 9.550084666000032 ], [ 170.156441672000028, 9.549558692000062 ], [ 170.155968769000083, 9.548797304000061 ], [ 170.155412163000051, 9.548121942000023 ], [ 170.155059453000035, 9.547871002000022 ], [ 170.154860560000088, 9.547858688000076 ], [ 170.154636630000027, 9.547974699000065 ], [ 170.153931929000123, 9.548340222000036 ], [ 170.153117405000103, 9.549142837000034 ], [ 170.152628407000066, 9.549449640000034 ], [ 170.152023865000046, 9.549777683000059 ], [ 170.15109201100006, 9.550016309000057 ], [ 170.150510720000057, 9.55002719600003 ], [ 170.149236173000077, 9.549989894000021 ], [ 170.148529681000014, 9.549863531000028 ], [ 170.147696917000076, 9.549614376000022 ], [ 170.146363705000113, 9.548972570000046 ], [ 170.145345283000097, 9.548599727000067 ], [ 170.144730011000092, 9.548155139000073 ], [ 170.143546681000089, 9.546979504000035 ], [ 170.143094883000117, 9.546652712000025 ], [ 170.142490341000098, 9.546335556000031 ], [ 170.14176310400012, 9.545735334000028 ], [ 170.141603203000045, 9.545695175000048 ], [ 170.141221163000068, 9.545436563000067 ], [ 170.140918532000114, 9.545672689000071 ], [ 170.140592654000102, 9.545955933000073 ], [ 170.140476395000064, 9.546286475000045 ], [ 170.141593903000057, 9.547655579000036 ], [ 170.142222413000013, 9.54888315200003 ], [ 170.142827670000088, 9.549874596000052 ], [ 170.14375880800003, 9.550866222000025 ], [ 170.144899568000028, 9.551857668000025 ], [ 170.146086833000027, 9.55273113800007 ], [ 170.147204339000041, 9.553958712000053 ], [ 170.147576724000032, 9.555162722000034 ], [ 170.147989887000108, 9.555741885000032 ], [ 170.148110436000024, 9.55592179000007 ], [ 170.148274988000026, 9.556130610000025 ], [ 170.148810490000074, 9.556225027000039 ], [ 170.149516625000047, 9.556302842000036 ], [ 170.150057849000063, 9.556378339000048 ], [ 170.15077865000012, 9.556339785000034 ], [ 170.151304137000125, 9.556154526000057 ], [ 170.152243145000057, 9.555417412000054 ], [ 170.152546490000077, 9.555274808000036 ], [ 170.153159258000073, 9.555131133000032 ], [ 170.153490863000115, 9.554905359000031 ], [ 170.153828906000058, 9.554496465000057 ], [ 170.154180184000097, 9.553903026000057 ], [ 170.154622680000102, 9.55337473000003 ], [ 170.155245465000121, 9.552349195000033 ], [ 170.155606045000013, 9.552036324000028 ], [ 170.155942299000117, 9.551919243000043 ], [ 170.156561508000095, 9.552023473000077 ], [ 170.156892037000034, 9.551910317000022 ], [ 170.157065889000023, 9.551692216000049 ], [ 170.15718822700012, 9.551395051000043 ] ] ] ] } },
{ "type": "Feature", "properties": { "ADM0_EN": "Republic of the Marshall Islands", "ADM0_PCODE": "MH", "ADM1_EN": "Wotje", "ADM1_PCODE": "MH26", "ADM2_EN": "Wotje", "ADM2_PCODE": "MH2603", "Shape_Leng": 0.08090257514, "Shape_Area": 0.00020378453, "ADM0_EN_2": "Republic of the Marshall Islands", "ADM0_PCODE_2": "MH", "ADM1_EN_2": "Wotje", "ADM1_PCODE_2": "MH26", "ADM2_EN_2": "Wotje", "ADM2_PCODE_2": "MH2603", "Shape_Leng_2": 0.08090257514, "Shape_Area_2": 0.00020378453, "xcoord": 170.24023593667266, "ycoord": 9.4520384020000563 }, "geometry": { "type": "MultiPolygon", "coordinates": [ [ [ [ 170.245072464000032, 9.458427740000047 ], [ 170.244662162000054, 9.457337771000027 ], [ 170.244286915000089, 9.456035776000022 ], [ 170.24393241700011, 9.453583129000037 ], [ 170.243865525000047, 9.452419631000055 ], [ 170.243694180000034, 9.451657173000058 ], [ 170.243143294000106, 9.450216497000042 ], [ 170.241850146000047, 9.447392262000051 ], [ 170.241256335000116, 9.445740982000075 ], [ 170.2407412230001, 9.444889641000032 ], [ 170.24046077200012, 9.444083813000077 ], [ 170.24012773700008, 9.443716863000077 ], [ 170.239498513000058, 9.443251391000047 ], [ 170.238982327000031, 9.442771463000042 ], [ 170.238129529000048, 9.441532292000034 ], [ 170.237390843000071, 9.440698443000031 ], [ 170.237046005000025, 9.440429652000034 ], [ 170.236741228000028, 9.440325779000034 ], [ 170.236567735000108, 9.440155332000074 ], [ 170.235752141000034, 9.438732684000058 ], [ 170.23525384200002, 9.437688409000032 ], [ 170.235040642000058, 9.437514571000065 ], [ 170.234574536000082, 9.437308610000059 ], [ 170.234127748000105, 9.437027862000036 ], [ 170.233744275000049, 9.436889720000067 ], [ 170.233445223000103, 9.436857771000064 ], [ 170.232689367000035, 9.436915599000031 ], [ 170.231936728000051, 9.436687862000042 ], [ 170.231262790000073, 9.436718737000035 ], [ 170.231096452000088, 9.436850097000047 ], [ 170.231215571000121, 9.437252924000063 ], [ 170.231528216000015, 9.437542235000024 ], [ 170.231768958000089, 9.437862425000048 ], [ 170.232021150000037, 9.437839937000035 ], [ 170.232230414000014, 9.438001459000077 ], [ 170.232585985000014, 9.438653084000066 ], [ 170.233480279000105, 9.439932414000054 ], [ 170.233562196000094, 9.440167469000073 ], [ 170.233982513000115, 9.440337916000033 ], [ 170.234612453000068, 9.440773224000054 ], [ 170.234984478000115, 9.44149856000007 ], [ 170.235728531000063, 9.442427003000034 ], [ 170.236193204000074, 9.443595139000024 ], [ 170.236548420000076, 9.44432547200006 ], [ 170.236807049000049, 9.445153075000064 ], [ 170.237023467000085, 9.446334958000023 ], [ 170.237059241000111, 9.447175945000026 ], [ 170.236970883000026, 9.447807399000055 ], [ 170.236972672000093, 9.448635182000032 ], [ 170.236846755000101, 9.449528108000038 ], [ 170.236824578000096, 9.45090738600004 ], [ 170.236587410000084, 9.452930972000047 ], [ 170.236400681000077, 9.454063771000051 ], [ 170.23610485100005, 9.454651679000051 ], [ 170.236056557000097, 9.455053432000057 ], [ 170.235882350000111, 9.455508016000067 ], [ 170.235388343000068, 9.456331157000022 ], [ 170.23510181100005, 9.457268522000049 ], [ 170.234523383000123, 9.458267287000069 ], [ 170.233997896000119, 9.458820032000062 ], [ 170.233314655000072, 9.459951763000049 ], [ 170.232775219000018, 9.460560194000038 ], [ 170.231921704000115, 9.46128784900003 ], [ 170.231435211000075, 9.461839169000029 ], [ 170.230723352000041, 9.462550404000069 ], [ 170.229946748000089, 9.463028902000076 ], [ 170.229660574000036, 9.463522216000058 ], [ 170.229880569000102, 9.463895948000072 ], [ 170.229963559000112, 9.464033556000061 ], [ 170.230326643000012, 9.464312518000042 ], [ 170.231039575000068, 9.46440461100002 ], [ 170.231637677000094, 9.464625568000031 ], [ 170.232083393000039, 9.464971815000069 ], [ 170.232873948000019, 9.465875627000059 ], [ 170.233848011000077, 9.466204563000076 ], [ 170.234701525000105, 9.466755704000036 ], [ 170.235233809000079, 9.466997184000036 ], [ 170.235405513000046, 9.466954884000074 ], [ 170.235627297000065, 9.466720722000048 ], [ 170.23584371700008, 9.466588827000066 ], [ 170.236921162000044, 9.466396425000028 ], [ 170.237531783000122, 9.465814589000047 ], [ 170.238905775000035, 9.465350367000042 ], [ 170.239736037000057, 9.465140478000023 ], [ 170.23999574100003, 9.465096214000027 ], [ 170.240373846000011, 9.465117095000039 ], [ 170.240844960000118, 9.465241673000037 ], [ 170.241116827000042, 9.465238641000042 ], [ 170.241680231000032, 9.465041065000037 ], [ 170.242111637000107, 9.464770134000048 ], [ 170.242246855000076, 9.464413536000052 ], [ 170.242535532000034, 9.463957703000062 ], [ 170.242682197000022, 9.463302153000029 ], [ 170.243340396000121, 9.461228059000064 ], [ 170.243803282000044, 9.460559837000062 ], [ 170.244836728000109, 9.459568748000038 ], [ 170.245043487000089, 9.459178597000061 ], [ 170.245072464000032, 9.458427740000047 ] ] ] ] } }
]
}
